Полёт,Время (с),X (м),Y (м),Z (м)
0,0.0,0.0,0.0,0.0
0,0.1,1.29,0.01,49.99
0,0.2,2.57,0.02,49.96
0,0.3,3.84,0.05,49.94
0,0.4,5.1,0.08,50.02
0,0.5,6.35,0.12,50.05
0,0.6,7.6,0.16,50.05
0,0.7,8.84,0.22,50.03
0,0.8,10.07,0.28,50.07
0,0.9,11.3,0.34,49.98
0,1.0,12.52,0.42,49.91
0,1.1,13.73,0.5,49.9
0,1.2,14.93,0.59,50.1
0,1.3,16.13,0.68,50.05
0,1.4,17.32,0.78,49.81
0,1.5,18.5,0.89,50.11
0,1.6,19.68,1.0,50.19
0,1.7,20.85,1.12,49.93
0,1.8,22.01,1.25,50.03
0,1.9,23.17,1.38,49.95
0,2.0,24.32,1.51,50.06
0,2.1,25.47,1.66,49.88
0,2.2,26.6,1.81,49.99
0,2.3,27.74,1.96,50.1
0,2.4,28.86,2.12,50.12
0,2.5,29.99,2.29,50.04
0,2.6,31.1,2.46,49.97
0,2.7,32.21,2.63,49.84
0,2.8,33.32,2.82,49.92
0,2.9,34.42,3.0,49.95
0,3.01,35.51,3.19,49.93
0,3.11,36.6,3.39,50.01
0,3.21,37.68,3.59,49.97
0,3.31,38.76,3.8,50.02
0,3.41,39.83,4.01,50.12
0,3.51,40.9,4.23,49.96
0,3.61,41.96,4.45,49.86
0,3.71,43.02,4.68,49.93
0,3.81,44.07,4.91,50.06
0,3.91,45.12,5.14,50.07
0,4.01,46.17,5.38,50.04
0,4.11,47.21,5.63,50.13
0,4.21,48.24,5.88,49.98
0,4.31,49.27,6.13,50.21
0,4.41,50.3,6.39,50.08
0,4.51,51.32,6.65,49.75
0,4.61,52.33,6.91,50.18
0,4.71,53.34,7.18,49.92
0,4.81,54.35,7.46,49.9
0,4.91,55.36,7.73,50.05
0,5.01,56.36,8.02,49.83
0,5.11,57.35,8.3,49.93
0,5.21,58.34,8.59,50.16
0,5.31,59.33,8.88,50.06
0,5.41,60.31,9.18,50.08
0,5.51,61.29,9.48,49.93
0,5.61,62.27,9.79,49.85
0,5.71,63.24,10.09,50.07
0,5.81,64.21,10.41,50.09
0,5.91,65.17,10.72,50.09
0,6.01,66.13,11.04,50.02
0,6.11,67.09,11.36,49.9
0,6.21,68.04,11.69,50.24
0,6.31,68.99,12.02,50.05
0,6.41,69.94,12.35,49.98
0,6.51,70.88,12.69,49.98
0,6.61,71.82,13.03,50.01
0,6.71,72.75,13.37,50.11
0,6.81,73.69,13.72,50.02
0,6.91,74.61,14.07,50.09
0,7.01,75.54,14.42,50.02
0,7.11,76.46,14.77,49.99
0,7.21,77.38,15.13,50.06
0,7.31,78.3,15.49,50.06
0,7.41,79.21,15.86,49.98
0,7.51,80.12,16.23,49.93
0,7.61,81.02,16.6,50.03
0,7.71,81.93,16.97,50.01
0,7.81,82.83,17.35,49.94
0,7.91,83.72,17.73,49.92
0,8.01,84.62,18.11,50.04
0,8.11,85.51,18.49,50.06
0,8.21,86.4,18.88,49.96
0,8.31,87.28,19.27,49.94
0,8.41,88.16,19.67,49.92
0,8.51,89.04,20.06,50.04
0,8.61,89.92,20.46,49.92
0,8.71,90.79,20.86,50.22
0,8.81,91.66,21.27,49.96
0,8.91,92.53,21.67,49.76
0,9.02,93.4,22.08,50.0
0,9.12,94.26,22.49,49.99
0,9.22,95.12,22.91,50.11
0,9.32,95.98,23.32,50.03
0,9.42,96.83,23.74,49.92
0,9.52,97.69,24.17,49.97
0,9.62,98.54,24.59,50.03
0,9.72,99.38,25.02,49.78
0,9.82,100.23,25.45,50.13
0,9.92,101.07,25.88,49.92
0,10.02,101.91,26.31,50.14
0,10.12,102.75,26.75,50.04
0,10.22,103.58,27.19,50.06
0,10.32,104.41,27.63,50.11
0,10.42,105.24,28.07,50.06
0,10.52,106.07,28.52,50.07
0,10.62,106.9,28.96,49.98
0,10.72,107.72,29.41,50.04
0,10.82,108.54,29.86,49.94
0,10.92,109.36,30.32,49.97
0,11.02,110.17,30.77,50.2
0,11.12,110.99,31.23,49.92
0,11.22,111.8,31.69,50.02
0,11.32,112.61,32.16,50.01
0,11.42,113.42,32.62,49.97
0,11.52,114.22,33.09,50.05
0,11.62,115.03,33.56,50.06
0,11.72,115.83,34.03,49.91
0,11.82,116.63,34.5,50.01
0,11.92,117.42,34.97,49.89
0,12.02,118.22,35.45,50.08
0,12.12,119.01,35.93,50.02
0,12.22,119.8,36.41,50.01
0,12.32,120.59,36.89,50.07
0,12.42,121.37,37.38,49.97
0,12.52,122.16,37.86,50.09
0,12.62,122.94,38.35,49.91
0,12.72,123.72,38.84,50.14
0,12.82,124.5,39.33,49.94
0,12.92,125.28,39.83,49.83
0,13.02,126.05,40.32,49.97
0,13.12,126.83,40.82,49.96
0,13.22,127.6,41.32,49.97
0,13.32,128.37,41.82,50.02
0,13.42,129.13,42.32,50.11
0,13.52,129.9,42.83,49.98
0,13.62,130.66,43.34,49.93
0,13.72,131.42,43.84,49.89
0,13.82,132.18,44.35,49.95
0,13.92,132.94,44.86,49.81
0,14.02,133.7,45.38,49.93
0,14.12,134.45,45.89,50.12
0,14.22,135.21,46.41,49.92
0,14.32,135.96,46.93,50.06
0,14.42,136.71,47.45,49.88
0,14.52,137.46,47.97,50.18
0,14.62,138.2,48.49,50.18
0,14.72,138.95,49.01,50.06
0,14.82,139.69,49.54,50.2
0,14.92,140.43,50.07,50.04
0,15.03,141.17,50.6,50.08
0,15.13,141.91,51.13,50.13
0,15.23,142.64,51.66,50.02
0,15.33,143.38,52.19,49.84
0,15.43,144.11,52.73,50.08
0,15.53,144.84,53.27,49.95
0,15.63,145.57,53.8,49.96
0,15.73,146.3,54.34,50.03
0,15.83,147.03,54.88,50.06
0,15.93,147.75,55.43,50.02
0,16.03,148.48,55.97,50.06
0,16.13,149.2,56.52,49.93
0,16.23,149.92,57.06,50.0
0,16.33,150.64,57.61,50.08
0,16.43,151.36,58.16,50.18
0,16.53,152.08,58.71,50.21
0,16.63,152.79,59.27,50.04
0,16.73,153.5,59.82,50.08
0,16.83,154.22,60.37,50.2
0,16.93,154.93,60.93,49.93
0,17.03,155.64,61.49,50.06
0,17.13,156.34,62.05,50.08
0,17.23,157.05,62.61,50.14
0,17.33,157.76,63.17,49.89
0,17.43,158.46,63.73,49.91
0,17.53,159.16,64.3,50.0
0,17.63,159.86,64.86,50.04
0,17.73,160.56,65.43,50.11
0,17.83,161.26,66.0,50.05
0,17.93,161.96,66.57,49.98
0,18.03,162.65,67.14,50.04
0,18.13,163.35,67.71,50.03
0,18.23,164.04,68.29,50.17
0,18.33,164.73,68.86,50.02
0,18.43,165.42,69.44,49.96
0,18.53,166.11,70.01,50.04
0,18.63,166.8,70.59,50.02
0,18.73,167.49,71.17,49.84
0,18.83,168.17,71.75,50.0
0,18.93,168.86,72.33,49.99
0,19.03,169.54,72.92,49.95
0,19.13,170.22,73.5,50.1
0,19.23,170.9,74.09,49.92
0,19.33,171.58,74.67,50.05
0,19.43,172.26,75.26,49.99
0,19.53,172.94,75.85,50.01
0,19.63,173.61,76.44,50.04
0,19.73,174.29,77.03,49.87
0,19.83,174.96,77.62,50.02
0,19.93,175.63,78.22,50.23
0,20.03,176.3,78.81,49.84
0,20.13,176.97,79.41,49.99
0,20.23,177.64,80.0,50.11
0,20.33,178.31,80.6,50.03
0,20.43,178.98,81.2,50.07
0,20.53,179.64,81.8,49.76
0,20.63,180.31,82.4,50.06
0,20.73,180.97,83.0,49.92
0,20.83,181.63,83.6,50.03
0,20.93,182.29,84.21,50.0
0,21.04,182.95,84.81,50.23
0,21.14,183.61,85.42,50.05
0,21.24,184.27,86.03,49.99
0,21.34,184.92,86.63,49.85
0,21.44,185.58,87.24,50.01
0,21.54,186.23,87.85,50.08
0,21.64,186.89,88.47,49.99
0,21.74,187.54,89.08,49.95
0,21.84,188.19,89.69,49.94
0,21.94,188.84,90.3,50.05
0,22.04,189.49,90.92,50.08
0,22.14,190.14,91.54,50.14
0,22.24,190.79,92.15,49.9
0,22.34,191.43,92.77,50.05
0,22.44,192.08,93.39,49.99
0,22.54,192.72,94.01,49.99
0,22.64,193.36,94.63,50.04
0,22.74,194.01,95.25,50.04
0,22.84,194.65,95.88,50.05
0,22.94,195.29,96.5,49.89
0,23.04,195.93,97.12,49.93
0,23.14,196.57,97.75,50.15
0,23.24,197.2,98.38,49.98
0,23.34,197.84,99.0,50.03
0,23.44,198.48,99.63,50.11
0,23.54,199.11,100.26,50.05
0,23.64,199.74,100.89,50.05
0,23.74,200.38,101.52,50.09
0,23.84,201.01,102.15,49.79
0,23.94,201.64,102.79,49.95
0,24.04,202.27,103.42,50.05
0,24.14,202.9,104.05,50.14
0,24.24,203.53,104.69,50.01
0,24.34,204.15,105.32,49.92
0,24.44,204.78,105.96,49.92
0,24.54,205.4,106.6,50.09
0,24.64,206.03,107.24,49.98
0,24.74,206.65,107.88,50.0
0,24.84,207.28,108.52,50.06
0,24.94,207.9,109.16,49.71
0,25.04,208.52,109.8,50.2
0,25.14,209.14,110.44,49.93
0,25.24,209.76,111.09,50.02
0,25.34,210.38,111.73,49.83
0,25.44,210.99,112.38,49.96
0,25.54,211.61,113.02,50.12
0,25.64,212.23,113.67,49.81
0,25.74,212.84,114.32,50.11
0,25.84,213.46,114.97,49.97
0,25.94,214.07,115.61,50.05
0,26.04,214.68,116.26,50.07
0,26.14,215.29,116.92,50.04
0,26.24,215.91,117.57,49.91
0,26.34,216.52,118.22,49.96
0,26.44,217.13,118.87,49.85
0,26.54,217.73,119.53,50.05
0,26.64,218.34,120.18,50.17
0,26.74,218.95,120.84,49.82
0,26.84,219.55,121.49,49.92
0,26.94,220.16,122.15,49.98
0,27.05,220.76,122.81,50.02
0,27.15,221.37,123.46,50.09
0,27.25,221.97,124.12,49.98
0,27.35,222.57,124.78,49.97
0,27.45,223.18,125.44,50.11
0,27.55,223.78,126.1,50.07
0,27.65,224.38,126.77,50.05
0,27.75,224.98,127.43,50.01
0,27.85,225.57,128.09,50.1
0,27.95,226.17,128.76,49.93
0,28.05,226.77,129.42,49.92
0,28.15,227.37,130.09,50.07
0,28.25,227.96,130.75,49.84
0,28.35,228.56,131.42,50.01
0,28.45,229.15,132.09,49.97
0,28.55,229.74,132.76,49.86
0,28.65,230.34,133.42,49.91
0,28.75,230.93,134.09,49.99
0,28.85,231.52,134.76,50.1
0,28.95,232.11,135.43,49.93
0,29.05,232.7,136.11,50.12
0,29.15,233.29,136.78,50.01
0,29.25,233.88,137.45,50.13
0,29.35,234.47,138.13,49.94
0,29.45,235.05,138.8,50.0
0,29.55,235.64,139.47,50.04
0,29.65,236.23,140.15,49.98
0,29.75,236.81,140.83,50.1
0,29.85,237.39,141.5,49.78
0,29.95,237.98,142.18,50.24
0,30.05,238.56,142.86,50.09
0,30.15,239.14,143.54,49.98
0,30.25,239.73,144.22,49.94
0,30.35,240.31,144.9,49.91
0,30.45,240.89,145.58,50.06
0,30.55,241.47,146.26,50.1
0,30.65,242.05,146.94,49.98
0,30.75,242.62,147.62,50.11
0,30.85,243.2,148.31,49.91
0,30.95,243.78,148.99,49.89
0,31.05,244.36,149.67,50.18
0,31.15,244.93,150.36,50.06
0,31.25,245.51,151.04,50.14
0,31.35,246.08,151.73,49.91
0,31.45,246.66,152.42,49.91
0,31.55,247.23,153.1,49.96
0,31.65,247.8,153.79,49.92
0,31.75,248.37,154.48,50.07
0,31.85,248.95,155.17,49.92
0,31.95,249.52,155.86,49.88
0,32.05,250.09,156.55,50.01
0,32.15,250.66,157.24,49.87
0,32.25,251.23,157.93,49.82
0,32.35,251.79,158.62,50.01
0,32.45,252.36,159.32,49.83
0,32.55,252.93,160.01,50.08
0,32.65,253.5,160.7,49.86
0,32.75,254.06,161.4,49.78
0,32.85,254.63,162.09,49.97
0,32.95,255.19,162.79,50.01
0,33.06,255.76,163.48,50.05
0,33.16,256.32,164.18,50.02
0,33.26,256.88,164.88,49.89
0,33.36,257.45,165.58,50.07
0,33.46,258.01,166.27,50.1
0,33.56,258.57,166.97,49.88
0,33.66,259.13,167.67,49.98
0,33.76,259.69,168.37,49.97
0,33.86,260.25,169.07,50.02
0,33.96,260.81,169.77,49.98
0,34.06,261.37,170.47,49.99
0,34.16,261.93,171.18,50.06
0,34.26,262.48,171.88,49.89
0,34.36,263.04,172.58,50.07
0,34.46,263.6,173.28,50.11
0,34.56,264.15,173.99,50.16
0,34.66,264.71,174.69,49.79
0,34.76,265.26,175.4,49.98
0,34.86,265.82,176.1,49.8
0,34.96,266.37,176.81,49.76
0,35.06,266.92,177.52,50.01
0,35.16,267.48,178.22,49.96
0,35.26,268.03,178.93,50.03
0,35.36,268.58,179.64,50.05
0,35.46,269.13,180.35,50.12
0,35.56,269.68,181.06,50.01
0,35.66,270.23,181.77,50.29
0,35.76,270.78,182.48,50.03
0,35.86,271.33,183.19,50.18
0,35.96,271.88,183.9,49.77
0,36.06,272.43,184.61,50.13
0,36.16,272.97,185.32,49.98
0,36.26,273.52,186.03,49.81
0,36.36,274.07,186.75,50.04
0,36.46,274.61,187.46,49.97
0,36.56,275.16,188.17,50.06
0,36.66,275.7,188.89,50.1
0,36.76,276.25,189.6,49.85
0,36.86,276.79,190.32,50.1
0,36.96,277.33,191.04,50.0
0,37.06,277.88,191.75,50.14
0,37.16,278.42,192.47,49.98
0,37.26,278.96,193.19,49.95
0,37.36,279.5,193.9,50.0
0,37.46,280.04,194.62,50.01
0,37.56,280.58,195.34,49.93
0,37.66,281.12,196.06,49.95
0,37.76,281.66,196.78,49.88
0,37.86,282.2,197.5,49.96
0,37.96,282.74,198.22,50.07
0,38.06,283.28,198.94,49.99
0,38.16,283.82,199.66,50.1
0,38.26,284.35,200.38,49.98
0,38.36,284.89,201.11,49.86
0,38.46,285.43,201.83,50.06
0,38.56,285.96,202.55,49.93
0,38.66,286.5,203.27,49.98
0,38.76,287.03,204.0,50.12
0,38.86,287.57,204.72,49.88
0,38.96,288.1,205.45,50.02
0,39.07,288.64,206.17,50.0
0,39.17,289.17,206.9,50.07
0,39.27,289.7,207.63,50.09
0,39.37,290.23,208.35,50.03
0,39.47,290.76,209.08,49.96
0,39.57,291.3,209.81,50.05
0,39.67,291.83,210.53,50.13
0,39.77,292.36,211.26,50.0
0,39.87,292.89,211.99,49.97
0,39.97,293.42,212.72,50.04
0,40.07,293.95,213.45,50.0
0,40.17,294.47,214.18,49.87
0,40.27,295.0,214.91,50.02
0,40.37,295.53,215.64,49.87
0,40.47,296.06,216.37,50.04
0,40.57,296.58,217.1,49.92
0,40.67,297.11,217.84,50.0
0,40.77,297.64,218.57,50.04
0,40.87,298.16,219.3,50.25
0,40.97,298.69,220.03,50.07
0,41.07,299.21,220.77,50.14
0,41.17,299.74,221.5,50.19
0,41.27,300.26,222.24,50.05
0,41.37,300.78,222.97,50.03
0,41.47,301.31,223.71,49.89
0,41.57,301.83,224.44,49.99
0,41.67,302.35,225.18,49.93
0,41.77,302.87,225.91,49.96
0,41.87,303.39,226.65,50.19
0,41.97,303.92,227.39,50.01
0,42.07,304.44,228.13,49.91
0,42.17,304.96,228.86,50.14
0,42.27,305.48,229.6,50.1
0,42.37,306.0,230.34,50.1
0,42.47,306.51,231.08,49.8
0,42.57,307.03,231.82,50.19
0,42.67,307.55,232.56,49.94
0,42.77,308.07,233.3,50.08
0,42.87,308.59,234.04,50.25
0,42.97,309.1,234.78,50.22
0,43.07,309.62,235.52,49.9
0,43.17,310.14,236.26,49.86
0,43.27,310.65,237.01,50.14
0,43.37,311.17,237.75,50.01
0,43.47,311.68,238.49,49.95
0,43.57,312.2,239.23,50.06
0,43.67,312.71,239.98,49.98
0,43.77,313.23,240.72,50.07
0,43.87,313.74,241.47,50.01
0,43.97,314.25,242.21,50.07
0,44.07,314.77,242.95,49.91
0,44.17,315.28,243.7,50.14
0,44.27,315.79,244.45,50.07
0,44.37,316.3,245.19,50.06
0,44.47,316.81,245.94,49.89
0,44.57,317.32,246.68,50.17
0,44.67,317.84,247.43,50.0
0,44.77,318.35,248.18,50.07
0,44.87,318.86,248.93,49.97
0,44.97,319.36,249.67,50.03
0,45.08,319.87,250.42,50.03
0,45.18,320.38,251.17,49.72
0,45.28,320.89,251.92,50.06
0,45.38,321.4,252.67,50.2
0,45.48,321.91,253.42,50.05
0,45.58,322.41,254.17,49.9
0,45.68,322.92,254.92,50.06
0,45.78,323.43,255.67,50.11
0,45.88,323.93,256.42,50.05
0,45.98,324.44,257.17,49.99
0,46.08,324.95,257.93,49.98
0,46.18,325.45,258.68,49.98
0,46.28,325.96,259.43,50.07
0,46.38,326.46,260.18,49.86
0,46.48,326.96,260.94,49.96
0,46.58,327.47,261.69,50.16
0,46.68,327.97,262.44,50.16
0,46.78,328.47,263.2,49.85
0,46.88,328.98,263.95,49.89
0,46.98,329.48,264.71,49.97
0,47.08,329.98,265.46,50.09
0,47.18,330.48,266.22,49.82
0,47.28,330.99,266.97,49.99
0,47.38,331.49,267.73,49.95
0,47.48,331.99,268.49,50.13
0,47.58,332.49,269.24,49.83
0,47.68,332.99,270.0,50.01
0,47.78,333.49,270.76,49.96
0,47.88,333.99,271.52,50.15
0,47.98,334.49,272.27,50.06
0,48.08,334.99,273.03,49.94
0,48.18,335.48,273.79,50.09
0,48.28,335.98,274.55,49.96
0,48.38,336.48,275.31,50.1
0,48.48,336.98,276.07,49.98
0,48.58,337.47,276.83,50.11
0,48.68,337.97,277.59,50.04
0,48.78,338.47,278.35,50.33
0,48.88,338.96,279.11,49.99
0,48.98,339.46,279.87,50.04
0,49.08,339.96,280.63,49.95
0,49.18,340.45,281.39,50.0
0,49.28,340.95,282.16,49.73
0,49.38,341.44,282.92,50.05
0,49.48,341.93,283.68,50.13
0,49.58,342.43,284.44,50.04
0,49.68,342.92,285.21,49.87
0,49.78,343.42,285.97,49.92
0,49.88,343.91,286.73,49.76
0,49.98,344.4,287.5,50.1
0,50.08,344.89,288.26,49.9
0,50.18,345.39,289.03,50.0
0,50.28,345.88,289.79,49.98
0,50.38,346.37,290.56,50.15
0,50.48,346.86,291.32,50.01
0,50.58,347.35,292.09,50.08
0,50.68,347.84,292.85,50.05
0,50.78,348.33,293.62,50.14
0,50.88,348.82,294.39,49.98
0,50.98,349.31,295.15,50.19
0,51.09,349.8,295.92,49.8
0,51.19,350.29,296.69,50.09
0,51.29,350.78,297.46,49.91
0,51.39,351.27,298.22,49.95
0,51.49,351.76,298.99,50.06
0,51.59,352.25,299.76,50.06
0,51.69,352.73,300.53,50.06
0,51.79,353.22,301.3,49.86
0,51.89,353.71,302.07,50.14
0,51.99,354.19,302.84,49.91
0,52.09,354.68,303.61,49.92
0,52.19,355.17,304.38,50.06
0,52.29,355.65,305.15,49.97
0,52.39,356.14,305.92,50.03
0,52.49,356.62,306.69,49.78
0,52.59,357.11,307.46,50.03
0,52.69,357.59,308.23,50.02
0,52.79,358.08,309.01,49.95
0,52.89,358.56,309.78,49.79
0,52.99,359.05,310.55,49.98
0,53.09,359.53,311.32,50.0
0,53.19,360.01,312.1,49.96
0,53.29,360.5,312.87,49.82
0,53.39,360.98,313.64,50.16
0,53.49,361.46,314.42,49.94
0,53.59,361.94,315.19,49.98
0,53.69,362.43,315.96,49.76
0,53.79,362.91,316.74,50.16
0,53.89,363.39,317.51,49.95
0,53.99,363.87,318.29,50.01
0,54.09,364.35,319.06,50.11
0,54.19,364.83,319.84,49.93
0,54.29,365.31,320.61,50.1
0,54.39,365.79,321.39,49.79
0,54.49,366.27,322.17,50.06
0,54.59,366.75,322.94,50.16
0,54.69,367.23,323.72,49.94
0,54.79,367.71,324.5,50.11
0,54.89,368.19,325.27,50.18
0,54.99,368.67,326.05,49.97
0,55.09,369.15,326.83,49.97
0,55.19,369.63,327.61,49.91
0,55.29,370.1,328.39,49.95
0,55.39,370.58,329.17,49.92
0,55.49,371.06,329.94,49.91
0,55.59,371.53,330.72,50.12
0,55.69,372.01,331.5,49.92
0,55.79,372.49,332.28,50.03
0,55.89,372.96,333.06,50.0
0,55.99,373.44,333.84,50.15
0,56.09,373.92,334.62,49.95
0,56.19,374.39,335.4,50.04
0,56.29,374.87,336.18,50.08
0,56.39,375.34,336.96,50.15
0,56.49,375.82,337.75,49.95
0,56.59,376.29,338.53,49.94
0,56.69,376.76,339.31,49.89
0,56.79,377.24,340.09,50.22
0,56.89,377.71,340.87,50.14
0,56.99,378.19,341.66,50.0
0,57.1,378.66,342.44,50.19
0,57.2,379.13,343.22,49.99
0,57.3,379.6,344.0,50.07
0,57.4,380.08,344.79,50.0
0,57.5,380.55,345.57,50.04
0,57.6,381.02,346.35,50.03
0,57.7,381.49,347.14,49.96
0,57.8,381.96,347.92,50.11
0,57.9,382.44,348.71,50.07
0,58.0,382.91,349.49,50.1
0,58.1,383.38,350.28,50.03
0,58.2,383.85,351.06,49.91
0,58.3,384.32,351.85,50.17
0,58.4,384.79,352.63,49.97
0,58.5,385.26,353.42,50.04
0,58.6,385.73,354.21,50.06
0,58.7,386.2,354.99,50.04
0,58.8,386.67,355.78,50.09
0,58.9,387.14,356.57,50.11
0,59.0,387.6,357.35,49.98
0,59.1,388.07,358.14,50.16
0,59.2,388.54,358.93,49.97
0,59.3,389.01,359.71,50.03
0,59.4,389.48,360.5,49.96
0,59.5,389.94,361.29,49.93
0,59.6,390.41,362.08,50.1
0,59.7,390.88,362.87,50.31
0,59.8,391.34,363.66,49.96
0,59.9,391.81,364.45,50.12
0,60.0,392.28,365.23,49.97
1,0.0,0.0,0.0,0.0
1,0.1,0.91,0.0,50.0
1,0.2,1.82,0.0,49.87
1,0.3,2.73,0.0,49.99
1,0.4,3.63,0.0,50.07
1,0.5,4.54,0.0,50.05
1,0.6,5.44,0.01,50.04
1,0.7,6.34,0.01,50.0
1,0.8,7.24,0.01,50.08
1,0.9,8.14,0.01,49.71
1,1.0,9.04,0.02,49.92
1,1.1,9.93,0.02,49.99
1,1.2,10.83,0.03,50.07
1,1.3,11.72,0.03,50.15
1,1.4,12.62,0.03,49.91
1,1.5,13.51,0.04,50.15
1,1.6,14.4,0.04,49.95
1,1.7,15.29,0.05,49.99
1,1.8,16.18,0.05,50.06
1,1.9,17.06,0.06,49.98
1,2.0,17.95,0.07,50.11
1,2.1,18.83,0.07,49.96
1,2.2,19.72,0.08,49.96
1,2.3,20.6,0.09,50.11
1,2.4,21.48,0.09,49.92
1,2.5,22.36,0.1,50.02
1,2.6,23.24,0.11,49.83
1,2.7,24.12,0.12,50.18
1,2.8,25.0,0.12,50.12
1,2.9,25.87,0.13,50.28
1,3.01,26.75,0.14,50.13
1,3.11,27.62,0.15,49.89
1,3.21,28.49,0.16,50.07
1,3.31,29.36,0.17,49.91
1,3.41,30.24,0.18,50.16
1,3.51,31.1,0.19,49.89
1,3.61,31.97,0.2,49.89
1,3.71,32.84,0.21,49.84
1,3.81,33.71,0.22,49.95
1,3.91,34.57,0.23,49.93
1,4.01,35.44,0.24,49.87
1,4.11,36.3,0.25,50.2
1,4.21,37.17,0.26,50.05
1,4.31,38.03,0.28,50.04
1,4.41,38.89,0.29,50.16
1,4.51,39.75,0.3,50.03
1,4.61,40.61,0.31,49.93
1,4.71,41.47,0.32,49.83
1,4.81,42.32,0.34,49.92
1,4.91,43.18,0.35,50.15
1,5.01,44.04,0.36,49.87
1,5.11,44.89,0.38,50.04
1,5.21,45.74,0.39,50.1
1,5.31,46.6,0.4,50.03
1,5.41,47.45,0.42,50.04
1,5.51,48.3,0.43,50.07
1,5.61,49.15,0.45,50.04
1,5.71,50.0,0.46,50.16
1,5.81,50.85,0.48,49.9
1,5.91,51.7,0.49,50.02
1,6.01,52.55,0.51,49.82
1,6.11,53.39,0.52,49.79
1,6.21,54.24,0.54,49.99
1,6.31,55.08,0.55,50.05
1,6.41,55.93,0.57,50.16
1,6.51,56.77,0.59,50.24
1,6.61,57.61,0.6,50.13
1,6.71,58.45,0.62,50.07
1,6.81,59.29,0.64,50.02
1,6.91,60.13,0.65,49.85
1,7.01,60.97,0.67,49.99
1,7.11,61.81,0.69,50.13
1,7.21,62.65,0.7,50.09
1,7.31,63.49,0.72,49.87
1,7.41,64.32,0.74,50.06
1,7.51,65.16,0.76,50.05
1,7.61,66.0,0.78,50.03
1,7.71,66.83,0.79,50.0
1,7.81,67.66,0.81,50.07
1,7.91,68.5,0.83,50.07
1,8.01,69.33,0.85,49.94
1,8.11,70.16,0.87,50.05
1,8.21,70.99,0.89,49.98
1,8.31,71.82,0.91,49.85
1,8.41,72.65,0.93,49.94
1,8.51,73.48,0.95,49.84
1,8.61,74.31,0.97,50.1
1,8.71,75.13,0.99,50.04
1,8.81,75.96,1.01,49.96
1,8.91,76.79,1.03,50.14
1,9.02,77.61,1.05,50.01
1,9.12,78.44,1.07,49.86
1,9.22,79.26,1.09,49.96
1,9.32,80.09,1.11,50.16
1,9.42,80.91,1.13,49.93
1,9.52,81.73,1.15,50.03
1,9.62,82.55,1.17,50.07
1,9.72,83.37,1.19,50.06
1,9.82,84.19,1.21,50.24
1,9.92,85.01,1.24,49.88
1,10.02,85.83,1.26,49.89
1,10.12,86.65,1.28,49.88
1,10.22,87.47,1.3,49.97
1,10.32,88.29,1.32,50.11
1,10.42,89.11,1.35,49.9
1,10.52,89.92,1.37,50.11
1,10.62,90.74,1.39,50.0
1,10.72,91.55,1.42,49.89
1,10.82,92.37,1.44,49.82
1,10.92,93.18,1.46,49.85
1,11.02,94.0,1.48,49.93
1,11.12,94.81,1.51,49.98
1,11.22,95.62,1.53,50.13
1,11.32,96.43,1.56,50.08
1,11.42,97.24,1.58,49.92
1,11.52,98.05,1.6,50.04
1,11.62,98.86,1.63,50.17
1,11.72,99.67,1.65,50.19
1,11.82,100.48,1.68,49.97
1,11.92,101.29,1.7,50.1
1,12.02,102.1,1.72,50.14
1,12.12,102.91,1.75,49.85
1,12.22,103.71,1.77,49.95
1,12.32,104.52,1.8,50.22
1,12.42,105.33,1.82,49.97
1,12.52,106.13,1.85,49.71
1,12.62,106.94,1.87,49.99
1,12.72,107.74,1.9,50.11
1,12.82,108.55,1.92,50.0
1,12.92,109.35,1.95,50.07
1,13.02,110.15,1.98,50.09
1,13.12,110.96,2.0,49.96
1,13.22,111.76,2.03,49.95
1,13.32,112.56,2.05,50.02
1,13.42,113.36,2.08,50.02
1,13.52,114.16,2.11,50.01
1,13.62,114.96,2.13,50.01
1,13.72,115.76,2.16,49.93
1,13.82,116.56,2.19,50.08
1,13.92,117.36,2.21,50.06
1,14.02,118.16,2.24,49.87
1,14.12,118.95,2.27,49.96
1,14.22,119.75,2.29,50.01
1,14.32,120.55,2.32,49.95
1,14.42,121.34,2.35,50.06
1,14.52,122.14,2.38,49.99
1,14.62,122.94,2.4,50.02
1,14.72,123.73,2.43,49.96
1,14.82,124.53,2.46,49.8
1,14.92,125.32,2.49,49.79
1,15.03,126.11,2.51,50.06
1,15.13,126.91,2.54,50.03
1,15.23,127.7,2.57,50.04
1,15.33,128.49,2.6,50.01
1,15.43,129.28,2.63,50.02
1,15.53,130.08,2.66,50.1
1,15.63,130.87,2.68,50.04
1,15.73,131.66,2.71,50.1
1,15.83,132.45,2.74,50.02
1,15.93,133.24,2.77,49.97
1,16.03,134.03,2.8,50.02
1,16.13,134.82,2.83,49.92
1,16.23,135.61,2.86,49.96
1,16.33,136.39,2.89,50.02
1,16.43,137.18,2.92,50.02
1,16.53,137.97,2.95,49.99
1,16.63,138.76,2.98,49.86
1,16.73,139.54,3.0,50.06
1,16.83,140.33,3.03,50.08
1,16.93,141.11,3.06,50.16
1,17.03,141.9,3.09,50.04
1,17.13,142.69,3.12,50.0
1,17.23,143.47,3.15,49.9
1,17.33,144.25,3.18,50.15
1,17.43,145.04,3.21,50.02
1,17.53,145.82,3.25,50.02
1,17.63,146.6,3.28,49.97
1,17.73,147.39,3.31,49.97
1,17.83,148.17,3.34,50.07
1,17.93,148.95,3.37,49.9
1,18.03,149.73,3.4,50.16
1,18.13,150.52,3.43,50.14
1,18.23,151.3,3.46,49.96
1,18.33,152.08,3.49,49.91
1,18.43,152.86,3.52,49.8
1,18.53,153.64,3.55,49.87
1,18.63,154.42,3.59,50.07
1,18.73,155.2,3.62,50.03
1,18.83,155.97,3.65,50.05
1,18.93,156.75,3.68,49.82
1,19.03,157.53,3.71,49.96
1,19.13,158.31,3.74,50.14
1,19.23,159.09,3.77,49.99
1,19.33,159.86,3.81,49.87
1,19.43,160.64,3.84,49.99
1,19.53,161.42,3.87,49.92
1,19.63,162.19,3.9,50.03
1,19.73,162.97,3.94,50.0
1,19.83,163.74,3.97,50.05
1,19.93,164.52,4.0,49.88
1,20.03,165.29,4.03,49.96
1,20.13,166.07,4.06,50.11
1,20.23,166.84,4.1,49.86
1,20.33,167.62,4.13,49.9
1,20.43,168.39,4.16,50.02
1,20.53,169.16,4.2,50.03
1,20.63,169.93,4.23,49.95
1,20.73,170.71,4.26,49.97
1,20.83,171.48,4.29,50.05
1,20.93,172.25,4.33,50.08
1,21.04,173.02,4.36,49.89
1,21.14,173.79,4.39,50.04
1,21.24,174.56,4.43,50.15
1,21.34,175.34,4.46,49.99
1,21.44,176.11,4.49,49.89
1,21.54,176.88,4.53,49.89
1,21.64,177.65,4.56,49.98
1,21.74,178.41,4.6,50.1
1,21.84,179.18,4.63,50.0
1,21.94,179.95,4.66,50.02
1,22.04,180.72,4.7,49.9
1,22.14,181.49,4.73,50.1
1,22.24,182.26,4.77,49.89
1,22.34,183.02,4.8,49.95
1,22.44,183.79,4.83,50.06
1,22.54,184.56,4.87,49.8
1,22.64,185.33,4.9,50.02
1,22.74,186.09,4.94,49.9
1,22.84,186.86,4.97,50.0
1,22.94,187.62,5.01,49.96
1,23.04,188.39,5.04,50.21
1,23.14,189.15,5.08,49.96
1,23.24,189.92,5.11,50.18
1,23.34,190.68,5.15,50.06
1,23.44,191.45,5.18,49.92
1,23.54,192.21,5.22,50.03
1,23.64,192.98,5.25,49.97
1,23.74,193.74,5.29,50.02
1,23.84,194.5,5.32,49.93
1,23.94,195.27,5.36,50.17
1,24.04,196.03,5.39,50.09
1,24.14,196.79,5.43,50.0
1,24.24,197.55,5.46,50.17
1,24.34,198.31,5.5,50.01
1,24.44,199.08,5.53,50.11
1,24.54,199.84,5.57,50.0
1,24.64,200.6,5.6,50.04
1,24.74,201.36,5.64,49.99
1,24.84,202.12,5.68,50.01
1,24.94,202.88,5.71,50.02
1,25.04,203.64,5.75,49.93
1,25.14,204.4,5.78,49.96
1,25.24,205.16,5.82,49.98
1,25.34,205.92,5.86,50.02
1,25.44,206.68,5.89,50.0
1,25.54,207.44,5.93,50.12
1,25.64,208.2,5.97,50.08
1,25.74,208.95,6.0,49.98
1,25.84,209.71,6.04,50.14
1,25.94,210.47,6.07,50.19
1,26.04,211.23,6.11,49.8
1,26.14,211.98,6.15,50.09
1,26.24,212.74,6.18,49.93
1,26.34,213.5,6.22,50.08
1,26.44,214.25,6.26,50.12
1,26.54,215.01,6.29,49.91
1,26.64,215.77,6.33,49.81
1,26.74,216.52,6.37,50.08
1,26.84,217.28,6.41,50.01
1,26.94,218.03,6.44,49.83
1,27.05,218.79,6.48,50.25
1,27.15,219.54,6.52,50.06
1,27.25,220.3,6.55,50.07
1,27.35,221.05,6.59,50.14
1,27.45,221.81,6.63,49.94
1,27.55,222.56,6.67,50.01
1,27.65,223.31,6.7,49.87
1,27.75,224.07,6.74,49.94
1,27.85,224.82,6.78,50.04
1,27.95,225.57,6.82,49.83
1,28.05,226.33,6.85,49.94
1,28.15,227.08,6.89,49.91
1,28.25,227.83,6.93,50.01
1,28.35,228.58,6.97,50.06
1,28.45,229.34,7.01,50.07
1,28.55,230.09,7.04,50.1
1,28.65,230.84,7.08,50.14
1,28.75,231.59,7.12,50.06
1,28.85,232.34,7.16,50.19
1,28.95,233.09,7.2,50.01
1,29.05,233.84,7.23,49.98
1,29.15,234.59,7.27,50.06
1,29.25,235.34,7.31,49.98
1,29.35,236.09,7.35,50.19
1,29.45,236.84,7.39,50.11
1,29.55,237.59,7.43,50.08
1,29.65,238.34,7.46,50.01
1,29.75,239.09,7.5,49.96
1,29.85,239.84,7.54,50.07
1,29.95,240.59,7.58,49.89
1,30.05,241.33,7.62,50.15
1,30.15,242.08,7.66,49.98
1,30.25,242.83,7.7,50.03
1,30.35,243.58,7.74,49.91
1,30.45,244.33,7.77,50.07
1,30.55,245.07,7.81,49.95
1,30.65,245.82,7.85,50.06
1,30.75,246.57,7.89,50.08
1,30.85,247.31,7.93,49.94
1,30.95,248.06,7.97,49.89
1,31.05,248.81,8.01,50.15
1,31.15,249.55,8.05,49.98
1,31.25,250.3,8.09,50.02
1,31.35,251.04,8.13,50.05
1,31.45,251.79,8.17,49.87
1,31.55,252.54,8.21,50.05
1,31.65,253.28,8.25,50.01
1,31.75,254.03,8.28,49.94
1,31.85,254.77,8.32,49.88
1,31.95,255.52,8.36,50.06
1,32.05,256.26,8.4,50.11
1,32.15,257.0,8.44,50.02
1,32.25,257.75,8.48,49.86
1,32.35,258.49,8.52,49.89
1,32.45,259.23,8.56,49.96
1,32.55,259.98,8.6,50.16
1,32.65,260.72,8.64,49.98
1,32.75,261.46,8.68,49.95
1,32.85,262.21,8.72,49.83
1,32.95,262.95,8.76,49.93
1,33.06,263.69,8.8,49.88
1,33.16,264.43,8.84,49.9
1,33.26,265.18,8.88,50.01
1,33.36,265.92,8.92,49.96
1,33.46,266.66,8.96,50.17
1,33.56,267.4,9.0,50.11
1,33.66,268.14,9.04,49.94
1,33.76,268.88,9.09,49.91
1,33.86,269.63,9.13,50.14
1,33.96,270.37,9.17,50.17
1,34.06,271.11,9.21,49.78
1,34.16,271.85,9.25,50.01
1,34.26,272.59,9.29,49.97
1,34.36,273.33,9.33,50.06
1,34.46,274.07,9.37,50.19
1,34.56,274.81,9.41,49.95
1,34.66,275.55,9.45,49.79
1,34.76,276.29,9.49,50.06
1,34.86,277.03,9.53,50.14
1,34.96,277.76,9.57,49.97
1,35.06,278.5,9.62,49.93
1,35.16,279.24,9.66,49.96
1,35.26,279.98,9.7,50.09
1,35.36,280.72,9.74,49.95
1,35.46,281.46,9.78,50.03
1,35.56,282.2,9.82,50.0
1,35.66,282.93,9.86,49.99
1,35.76,283.67,9.9,50.07
1,35.86,284.41,9.94,49.95
1,35.96,285.15,9.99,49.96
1,36.06,285.88,10.03,50.08
1,36.16,286.62,10.07,49.9
1,36.26,287.36,10.11,49.91
1,36.36,288.09,10.15,49.87
1,36.46,288.83,10.19,50.08
1,36.56,289.57,10.23,49.99
1,36.66,290.3,10.28,49.87
1,36.76,291.04,10.32,50.09
1,36.86,291.77,10.36,49.94
1,36.96,292.51,10.4,49.91
1,37.06,293.25,10.44,49.98
1,37.16,293.98,10.49,50.15
1,37.26,294.72,10.53,49.96
1,37.36,295.45,10.57,50.06
1,37.46,296.19,10.61,50.07
1,37.56,296.92,10.65,50.04
1,37.66,297.66,10.69,50.13
1,37.76,298.39,10.74,49.93
1,37.86,299.12,10.78,49.9
1,37.96,299.86,10.82,49.89
1,38.06,300.59,10.86,49.99
1,38.16,301.33,10.91,49.91
1,38.26,302.06,10.95,50.01
1,38.36,302.79,10.99,50.01
1,38.46,303.53,11.03,50.1
1,38.56,304.26,11.07,50.03
1,38.66,304.99,11.12,49.96
1,38.76,305.73,11.16,50.04
1,38.86,306.46,11.2,49.9
1,38.96,307.19,11.24,50.0
1,39.07,307.92,11.29,50.03
1,39.17,308.66,11.33,50.01
1,39.27,309.39,11.37,50.04
1,39.37,310.12,11.41,49.94
1,39.47,310.85,11.46,50.12
1,39.57,311.58,11.5,50.18
1,39.67,312.31,11.54,49.84
1,39.77,313.05,11.59,49.88
1,39.87,313.78,11.63,50.0
1,39.97,314.51,11.67,49.97
1,40.07,315.24,11.71,50.19
1,40.17,315.97,11.76,50.02
1,40.27,316.7,11.8,50.14
1,40.37,317.43,11.84,49.8
1,40.47,318.16,11.89,50.08
1,40.57,318.89,11.93,49.93
1,40.67,319.62,11.97,49.93
1,40.77,320.35,12.01,49.98
1,40.87,321.08,12.06,49.86
1,40.97,321.81,12.1,50.04
1,41.07,322.54,12.14,50.02
1,41.17,323.27,12.19,50.03
1,41.27,324.0,12.23,50.09
1,41.37,324.73,12.27,50.15
1,41.47,325.46,12.32,49.96
1,41.57,326.19,12.36,50.05
1,41.67,326.92,12.4,50.03
1,41.77,327.64,12.45,50.04
1,41.87,328.37,12.49,50.04
1,41.97,329.1,12.53,50.16
1,42.07,329.83,12.58,49.95
1,42.17,330.56,12.62,49.85
1,42.27,331.29,12.67,49.93
1,42.37,332.01,12.71,50.08
1,42.47,332.74,12.75,50.0
1,42.57,333.47,12.8,49.95
1,42.67,334.2,12.84,49.89
1,42.77,334.92,12.88,50.02
1,42.87,335.65,12.93,50.06
1,42.97,336.38,12.97,50.03
1,43.07,337.1,13.02,49.97
1,43.17,337.83,13.06,50.01
1,43.27,338.56,13.1,50.01
1,43.37,339.28,13.15,50.02
1,43.47,340.01,13.19,49.88
1,43.57,340.74,13.24,50.02
1,43.67,341.46,13.28,49.96
1,43.77,342.19,13.32,50.1
1,43.87,342.91,13.37,50.01
1,43.97,343.64,13.41,50.08
1,44.07,344.37,13.46,49.97
1,44.17,345.09,13.5,49.97
1,44.27,345.82,13.54,50.15
1,44.37,346.54,13.59,50.04
1,44.47,347.27,13.63,49.93
1,44.57,347.99,13.68,50.09
1,44.67,348.72,13.72,49.95
1,44.77,349.44,13.77,50.02
1,44.87,350.17,13.81,50.18
1,44.97,350.89,13.85,49.86
1,45.08,351.61,13.9,49.98
1,45.18,352.34,13.94,50.04
1,45.28,353.06,13.99,50.08
1,45.38,353.79,14.03,49.88
1,45.48,354.51,14.08,49.85
1,45.58,355.23,14.12,50.11
1,45.68,355.96,14.17,49.93
1,45.78,356.68,14.21,49.92
1,45.88,357.4,14.26,50.16
1,45.98,358.13,14.3,50.01
1,46.08,358.85,14.34,50.01
1,46.18,359.57,14.39,49.98
1,46.28,360.3,14.43,49.88
1,46.38,361.02,14.48,50.07
1,46.48,361.74,14.52,50.04
1,46.58,362.46,14.57,50.02
1,46.68,363.19,14.61,49.99
1,46.78,363.91,14.66,49.97
1,46.88,364.63,14.7,50.09
1,46.98,365.35,14.75,49.99
1,47.08,366.08,14.79,49.99
1,47.18,366.8,14.84,50.05
1,47.28,367.52,14.88,50.02
1,47.38,368.24,14.93,50.16
1,47.48,368.96,14.97,49.82
1,47.58,369.68,15.02,50.03
1,47.68,370.4,15.06,49.93
1,47.78,371.13,15.11,49.91
1,47.88,371.85,15.15,49.95
1,47.98,372.57,15.2,50.01
1,48.08,373.29,15.25,50.01
1,48.18,374.01,15.29,49.85
1,48.28,374.73,15.34,49.95
1,48.38,375.45,15.38,50.03
1,48.48,376.17,15.43,49.91
1,48.58,376.89,15.47,49.89
1,48.68,377.61,15.52,49.77
1,48.78,378.33,15.56,49.93
1,48.88,379.05,15.61,49.89
1,48.98,379.77,15.65,49.9
1,49.08,380.49,15.7,49.97
1,49.18,381.21,15.75,49.94
1,49.28,381.93,15.79,49.88
1,49.38,382.65,15.84,49.79
1,49.48,383.37,15.88,50.03
1,49.58,384.09,15.93,50.08
1,49.68,384.81,15.97,49.96
1,49.78,385.52,16.02,49.97
1,49.88,386.24,16.06,50.0
1,49.98,386.96,16.11,50.16
1,50.08,387.68,16.16,49.84
1,50.18,388.4,16.2,49.96
1,50.28,389.12,16.25,49.83
1,50.38,389.84,16.29,50.04
1,50.48,390.55,16.34,49.99
1,50.58,391.27,16.39,50.02
1,50.68,391.99,16.43,50.02
1,50.78,392.71,16.48,50.1
1,50.88,393.43,16.52,50.05
1,50.98,394.14,16.57,50.08
1,51.09,394.86,16.62,49.89
1,51.19,395.58,16.66,50.12
1,51.29,396.3,16.71,49.93
1,51.39,397.01,16.75,49.93
1,51.49,397.73,16.8,50.03
1,51.59,398.45,16.85,50.03
1,51.69,399.16,16.89,49.89
1,51.79,399.88,16.94,49.98
1,51.89,400.6,16.99,50.15
1,51.99,401.32,17.03,49.85
1,52.09,402.03,17.08,50.15
1,52.19,402.75,17.12,49.98
1,52.29,403.46,17.17,49.77
1,52.39,404.18,17.22,49.86
1,52.49,404.9,17.26,49.9
1,52.59,405.61,17.31,49.94
1,52.69,406.33,17.36,49.99
1,52.79,407.05,17.4,49.73
1,52.89,407.76,17.45,50.02
1,52.99,408.48,17.5,49.89
1,53.09,409.19,17.54,50.14
1,53.19,409.91,17.59,49.97
1,53.29,410.62,17.64,50.09
1,53.39,411.34,17.68,50.11
1,53.49,412.05,17.73,50.11
1,53.59,412.77,17.78,49.94
1,53.69,413.48,17.82,49.94
1,53.79,414.2,17.87,49.98
1,53.89,414.91,17.92,50.06
1,53.99,415.63,17.96,49.95
1,54.09,416.34,18.01,49.99
1,54.19,417.06,18.06,50.03
1,54.29,417.77,18.1,49.91
1,54.39,418.49,18.15,49.9
1,54.49,419.2,18.2,49.98
1,54.59,419.91,18.24,50.0
1,54.69,420.63,18.29,50.04
1,54.79,421.34,18.34,50.07
1,54.89,422.06,18.38,49.89
1,54.99,422.77,18.43,49.92
1,55.09,423.48,18.48,49.9
1,55.19,424.2,18.52,50.14
1,55.29,424.91,18.57,49.99
1,55.39,425.62,18.62,50.0
1,55.49,426.34,18.67,50.01
1,55.59,427.05,18.71,49.93
1,55.69,427.76,18.76,50.16
1,55.79,428.48,18.81,50.04
1,55.89,429.19,18.85,50.0
1,55.99,429.9,18.9,49.89
1,56.09,430.62,18.95,49.88
1,56.19,431.33,19.0,49.97
1,56.29,432.04,19.04,49.93
1,56.39,432.75,19.09,49.89
1,56.49,433.47,19.14,49.96
1,56.59,434.18,19.18,49.98
1,56.69,434.89,19.23,50.01
1,56.79,435.6,19.28,49.95
1,56.89,436.31,19.33,49.9
1,56.99,437.03,19.37,49.9
1,57.1,437.74,19.42,50.12
1,57.2,438.45,19.47,49.87
1,57.3,439.16,19.52,50.04
1,57.4,439.87,19.56,50.05
1,57.5,440.59,19.61,49.99
1,57.6,441.3,19.66,50.18
1,57.7,442.01,19.71,50.05
1,57.8,442.72,19.75,50.18
1,57.9,443.43,19.8,49.93
1,58.0,444.14,19.85,49.94
1,58.1,444.85,19.9,50.05
1,58.2,445.56,19.94,49.97
1,58.3,446.28,19.99,50.17
1,58.4,446.99,20.04,50.03
1,58.5,447.7,20.09,49.9
1,58.6,448.41,20.13,49.83
1,58.7,449.12,20.18,49.99
1,58.8,449.83,20.23,49.99
1,58.9,450.54,20.28,50.03
1,59.0,451.25,20.33,50.12
1,59.1,451.96,20.37,50.11
1,59.2,452.67,20.42,49.94
1,59.3,453.38,20.47,49.87
1,59.4,454.09,20.52,49.88
1,59.5,454.8,20.57,49.93
1,59.6,455.51,20.61,49.96
1,59.7,456.22,20.66,50.03
1,59.8,456.93,20.71,49.92
1,59.9,457.64,20.76,50.03
1,60.0,458.35,20.8,50.04
2,0.0,0.0,0.0,0.0
2,0.1,0.64,0.01,50.05
2,0.2,1.27,0.03,50.21
2,0.3,1.89,0.05,50.02
2,0.4,2.52,0.08,49.7
2,0.5,3.13,0.12,50.12
2,0.6,3.75,0.17,49.93
2,0.7,4.35,0.22,50.23
2,0.8,4.96,0.28,50.01
2,0.9,5.56,0.35,49.83
2,1.0,6.16,0.42,49.79
2,1.1,6.75,0.5,50.15
2,1.2,7.34,0.58,50.11
2,1.3,7.93,0.66,50.22
2,1.4,8.51,0.76,50.0
2,1.5,9.1,0.85,49.99
2,1.6,9.68,0.95,49.96
2,1.7,10.25,1.06,49.93
2,1.8,10.82,1.17,49.96
2,1.9,11.4,1.28,50.02
2,2.0,11.96,1.4,49.92
2,2.1,12.53,1.52,49.83
2,2.2,13.09,1.64,50.02
2,2.3,13.66,1.77,49.91
2,2.4,14.21,1.9,49.68
2,2.5,14.77,2.04,50.06
2,2.6,15.33,2.18,49.89
2,2.7,15.88,2.32,50.07
2,2.8,16.43,2.46,50.06
2,2.9,16.98,2.61,50.03
2,3.01,17.53,2.76,50.25
2,3.11,18.08,2.91,49.99
2,3.21,18.62,3.07,49.97
2,3.31,19.16,3.22,50.07
2,3.41,19.71,3.38,49.99
2,3.51,20.25,3.55,50.12
2,3.61,20.79,3.71,49.87
2,3.71,21.32,3.88,49.87
2,3.81,21.86,4.05,50.08
2,3.91,22.39,4.22,49.88
2,4.01,22.93,4.39,50.06
2,4.11,23.46,4.57,50.04
2,4.21,23.99,4.75,49.93
2,4.31,24.52,4.93,50.04
2,4.41,25.04,5.11,49.88
2,4.51,25.57,5.29,49.9
2,4.61,26.1,5.48,49.98
2,4.71,26.62,5.66,50.01
2,4.81,27.14,5.85,49.97
2,4.91,27.67,6.04,50.04
2,5.01,28.19,6.23,50.04
2,5.11,28.71,6.43,50.15
2,5.21,29.23,6.62,49.99
2,5.31,29.75,6.82,50.12
2,5.41,30.26,7.02,50.09
2,5.51,30.78,7.22,50.23
2,5.61,31.3,7.42,49.99
2,5.71,31.81,7.62,49.96
2,5.81,32.32,7.83,50.13
2,5.91,32.84,8.03,50.04
2,6.01,33.35,8.24,50.13
2,6.11,33.86,8.45,50.07
2,6.21,34.37,8.66,49.79
2,6.31,34.88,8.87,50.04
2,6.41,35.39,9.08,50.03
2,6.51,35.9,9.29,50.01
2,6.61,36.41,9.51,49.99
2,6.71,36.91,9.72,49.84
2,6.81,37.42,9.94,50.09
2,6.91,37.92,10.16,50.04
2,7.01,38.43,10.38,50.11
2,7.11,38.93,10.6,49.85
2,7.21,39.43,10.82,50.05
2,7.31,39.94,11.04,49.98
2,7.41,40.44,11.26,50.01
2,7.51,40.94,11.49,49.98
2,7.61,41.44,11.71,50.05
2,7.71,41.94,11.94,49.98
2,7.81,42.44,12.17,49.89
2,7.91,42.94,12.39,50.01
2,8.01,43.44,12.62,49.98
2,8.11,43.94,12.85,49.99
2,8.21,44.43,13.08,49.68
2,8.31,44.93,13.31,50.07
2,8.41,45.43,13.55,49.97
2,8.51,45.92,13.78,49.87
2,8.61,46.42,14.01,50.09
2,8.71,46.91,14.25,50.06
2,8.81,47.4,14.48,49.97
2,8.91,47.9,14.72,49.88
2,9.02,48.39,14.96,50.02
2,9.12,48.88,15.2,50.01
2,9.22,49.38,15.43,50.09
2,9.32,49.87,15.67,49.96
2,9.42,50.36,15.91,50.12
2,9.52,50.85,16.15,49.95
2,9.62,51.34,16.4,49.87
2,9.72,51.83,16.64,49.89
2,9.82,52.32,16.88,49.99
2,9.92,52.81,17.13,49.99
2,10.02,53.3,17.37,50.03
2,10.12,53.78,17.61,49.99
2,10.22,54.27,17.86,50.1
2,10.32,54.76,18.11,49.97
2,10.42,55.25,18.35,49.8
2,10.52,55.73,18.6,49.99
2,10.62,56.22,18.85,49.8
2,10.72,56.7,19.1,50.03
2,10.82,57.19,19.35,50.11
2,10.92,57.67,19.6,49.9
2,11.02,58.16,19.85,50.14
2,11.12,58.64,20.1,50.08
2,11.22,59.13,20.35,50.12
2,11.32,59.61,20.6,50.02
2,11.42,60.09,20.86,49.9
2,11.52,60.58,21.11,50.08
2,11.62,61.06,21.36,49.94
2,11.72,61.54,21.62,50.01
2,11.82,62.02,21.87,49.98
2,11.92,62.51,22.13,50.11
2,12.02,62.99,22.38,50.07
2,12.12,63.47,22.64,49.99
2,12.22,63.95,22.9,49.8
2,12.32,64.43,23.16,49.94
2,12.42,64.91,23.41,50.07
2,12.52,65.39,23.67,50.03
2,12.62,65.87,23.93,49.85
2,12.72,66.35,24.19,49.82
2,12.82,66.83,24.45,50.02
2,12.92,67.3,24.71,49.89
2,13.02,67.78,24.97,49.9
2,13.12,68.26,25.23,50.07
2,13.22,68.74,25.49,50.12
2,13.32,69.21,25.76,49.92
2,13.42,69.69,26.02,50.0
2,13.52,70.17,26.28,49.99
2,13.62,70.65,26.55,49.98
2,13.72,71.12,26.81,50.0
2,13.82,71.6,27.07,50.08
2,13.92,72.07,27.34,49.93
2,14.02,72.55,27.6,49.85
2,14.12,73.02,27.87,50.17
2,14.22,73.5,28.13,50.11
2,14.32,73.97,28.4,49.89
2,14.42,74.45,28.67,50.01
2,14.52,74.92,28.93,50.1
2,14.62,75.4,29.2,50.07
2,14.72,75.87,29.47,50.05
2,14.82,76.34,29.74,49.98
2,14.92,76.82,30.01,50.17
2,15.03,77.29,30.27,50.02
2,15.13,77.76,30.54,49.95
2,15.23,78.24,30.81,50.09
2,15.33,78.71,31.08,50.01
2,15.43,79.18,31.35,50.03
2,15.53,79.65,31.62,50.02
2,15.63,80.13,31.89,50.05
2,15.73,80.6,32.17,49.9
2,15.83,81.07,32.44,49.85
2,15.93,81.54,32.71,50.14
2,16.03,82.01,32.98,50.02
2,16.13,82.48,33.25,50.08
2,16.23,82.95,33.53,49.82
2,16.33,83.42,33.8,50.11
2,16.43,83.89,34.07,49.95
2,16.53,84.36,34.35,49.92
2,16.63,84.83,34.62,49.99
2,16.73,85.3,34.9,49.9
2,16.83,85.77,35.17,50.0
2,16.93,86.24,35.45,49.99
2,17.03,86.71,35.72,50.11
2,17.13,87.18,36.0,50.15
2,17.23,87.65,36.27,50.15
2,17.33,88.12,36.55,49.77
2,17.43,88.58,36.83,49.91
2,17.53,89.05,37.1,49.77
2,17.63,89.52,37.38,49.88
2,17.73,89.99,37.66,49.94
2,17.83,90.46,37.93,50.04
2,17.93,90.92,38.21,49.95
2,18.03,91.39,38.49,49.95
2,18.13,91.86,38.77,50.02
2,18.23,92.33,39.05,49.83
2,18.33,92.79,39.33,49.92
2,18.43,93.26,39.6,49.95
2,18.53,93.73,39.88,49.98
2,18.63,94.19,40.16,50.01
2,18.73,94.66,40.44,50.15
2,18.83,95.12,40.72,50.09
2,18.93,95.59,41.0,49.92
2,19.03,96.06,41.29,49.97
2,19.13,96.52,41.57,49.97
2,19.23,96.99,41.85,49.95
2,19.33,97.45,42.13,50.03
2,19.43,97.92,42.41,49.81
2,19.53,98.38,42.69,50.09
2,19.63,98.85,42.97,50.17
2,19.73,99.31,43.26,49.97
2,19.83,99.78,43.54,49.97
2,19.93,100.24,43.82,50.02
2,20.03,100.7,44.1,50.1
2,20.13,101.17,44.39,49.97
2,20.23,101.63,44.67,50.09
2,20.33,102.1,44.95,50.05
2,20.43,102.56,45.24,50.24
2,20.53,103.02,45.52,49.97
2,20.63,103.49,45.81,49.8
2,20.73,103.95,46.09,49.86
2,20.83,104.41,46.38,50.0
2,20.93,104.88,46.66,50.1
2,21.04,105.34,46.95,49.93
2,21.14,105.8,47.23,49.98
2,21.24,106.26,47.52,50.07
2,21.34,106.73,47.8,49.9
2,21.44,107.19,48.09,49.94
2,21.54,107.65,48.38,49.88
2,21.64,108.11,48.66,50.12
2,21.74,108.58,48.95,50.15
2,21.84,109.04,49.23,49.84
2,21.94,109.5,49.52,49.99
2,22.04,109.96,49.81,50.14
2,22.14,110.42,50.1,50.04
2,22.24,110.88,50.38,49.95
2,22.34,111.35,50.67,49.85
2,22.44,111.81,50.96,50.12
2,22.54,112.27,51.25,50.04
2,22.64,112.73,51.54,49.85
2,22.74,113.19,51.82,50.12
2,22.84,113.65,52.11,49.84
2,22.94,114.11,52.4,49.98
2,23.04,114.57,52.69,49.97
2,23.14,115.03,52.98,50.16
2,23.24,115.49,53.27,49.97
2,23.34,115.95,53.56,49.97
2,23.44,116.41,53.85,49.86
2,23.54,116.87,54.14,49.94
2,23.64,117.33,54.43,49.92
2,23.74,117.79,54.72,49.92
2,23.84,118.25,55.01,50.0
2,23.94,118.71,55.3,49.76
2,24.04,119.17,55.59,49.85
2,24.14,119.63,55.88,49.99
2,24.24,120.09,56.17,50.01
2,24.34,120.55,56.46,49.98
2,24.44,121.01,56.75,50.0
2,24.54,121.47,57.05,49.96
2,24.64,121.92,57.34,50.0
2,24.74,122.38,57.63,50.04
2,24.84,122.84,57.92,50.04
2,24.94,123.3,58.21,49.93
2,25.04,123.76,58.5,50.09
2,25.14,124.22,58.8,50.02
2,25.24,124.68,59.09,50.12
2,25.34,125.13,59.38,50.14
2,25.44,125.59,59.68,49.86
2,25.54,126.05,59.97,49.91
2,25.64,126.51,60.26,50.08
2,25.74,126.97,60.55,49.83
2,25.84,127.42,60.85,50.14
2,25.94,127.88,61.14,49.97
2,26.04,128.34,61.44,50.06
2,26.14,128.8,61.73,49.99
2,26.24,129.25,62.02,49.86
2,26.34,129.71,62.32,50.11
2,26.44,130.17,62.61,50.28
2,26.54,130.62,62.91,49.95
2,26.64,131.08,63.2,49.97
2,26.74,131.54,63.5,49.74
2,26.84,131.99,63.79,50.14
2,26.94,132.45,64.09,50.09
2,27.05,132.91,64.38,49.83
2,27.15,133.36,64.68,49.79
2,27.25,133.82,64.97,49.81
2,27.35,134.28,65.27,50.06
2,27.45,134.73,65.56,50.07
2,27.55,135.19,65.86,49.91
2,27.65,135.65,66.15,50.05
2,27.75,136.1,66.45,50.02
2,27.85,136.56,66.75,49.96
2,27.95,137.01,67.04,50.1
2,28.05,137.47,67.34,49.88
2,28.15,137.93,67.64,50.11
2,28.25,138.38,67.93,49.93
2,28.35,138.84,68.23,50.18
2,28.45,139.29,68.53,49.9
2,28.55,139.75,68.82,49.96
2,28.65,140.2,69.12,50.01
2,28.75,140.66,69.42,50.01
2,28.85,141.11,69.71,50.05
2,28.95,141.57,70.01,49.87
2,29.05,142.02,70.31,50.0
2,29.15,142.48,70.61,50.01
2,29.25,142.93,70.91,49.95
2,29.35,143.39,71.2,50.04
2,29.45,143.84,71.5,49.87
2,29.55,144.3,71.8,49.97
2,29.65,144.75,72.1,49.92
2,29.75,145.21,72.4,49.97
2,29.85,145.66,72.7,50.14
2,29.95,146.12,72.99,50.15
2,30.05,146.57,73.29,50.13
2,30.15,147.02,73.59,49.95
2,30.25,147.48,73.89,50.09
2,30.35,147.93,74.19,50.01
2,30.45,148.39,74.49,50.0
2,30.55,148.84,74.79,49.99
2,30.65,149.29,75.09,50.18
2,30.75,149.75,75.39,50.14
2,30.85,150.2,75.69,50.07
2,30.95,150.66,75.99,49.98
2,31.05,151.11,76.29,50.0
2,31.15,151.56,76.59,50.05
2,31.25,152.02,76.89,49.95
2,31.35,152.47,77.19,50.09
2,31.45,152.92,77.49,49.91
2,31.55,153.38,77.79,50.04
2,31.65,153.83,78.09,49.77
2,31.75,154.28,78.39,49.94
2,31.85,154.74,78.69,50.21
2,31.95,155.19,78.99,50.1
2,32.05,155.64,79.29,50.15
2,32.15,156.09,79.59,49.93
2,32.25,156.55,79.89,50.01
2,32.35,157.0,80.19,50.13
2,32.45,157.45,80.5,50.06
2,32.55,157.91,80.8,50.05
2,32.65,158.36,81.1,50.16
2,32.75,158.81,81.4,49.9
2,32.85,159.26,81.7,49.98
2,32.95,159.72,82.0,49.82
2,33.06,160.17,82.3,49.89
2,33.16,160.62,82.61,50.11
2,33.26,161.07,82.91,49.91
2,33.36,161.53,83.21,50.07
2,33.46,161.98,83.51,50.17
2,33.56,162.43,83.82,49.98
2,33.66,162.88,84.12,50.05
2,33.76,163.33,84.42,50.07
2,33.86,163.79,84.72,49.88
2,33.96,164.24,85.03,49.94
2,34.06,164.69,85.33,49.9
2,34.16,165.14,85.63,49.95
2,34.26,165.59,85.93,50.07
2,34.36,166.04,86.24,49.94
2,34.46,166.5,86.54,50.0
2,34.56,166.95,86.84,49.9
2,34.66,167.4,87.15,50.12
2,34.76,167.85,87.45,49.95
2,34.86,168.3,87.75,50.15
2,34.96,168.75,88.06,50.01
2,35.06,169.2,88.36,49.86
2,35.16,169.66,88.66,49.98
2,35.26,170.11,88.97,49.89
2,35.36,170.56,89.27,50.06
2,35.46,171.01,89.58,49.97
2,35.56,171.46,89.88,50.02
2,35.66,171.91,90.18,49.96
2,35.76,172.36,90.49,49.94
2,35.86,172.81,90.79,49.9
2,35.96,173.26,91.1,50.08
2,36.06,173.71,91.4,49.98
2,36.16,174.16,91.71,49.97
2,36.26,174.62,92.01,49.98
2,36.36,175.07,92.32,49.93
2,36.46,175.52,92.62,49.97
2,36.56,175.97,92.93,50.02
2,36.66,176.42,93.23,49.9
2,36.76,176.87,93.54,49.91
2,36.86,177.32,93.84,50.14
2,36.96,177.77,94.15,49.96
2,37.06,178.22,94.45,49.94
2,37.16,178.67,94.76,49.87
2,37.26,179.12,95.06,50.09
2,37.36,179.57,95.37,49.89
2,37.46,180.02,95.67,50.0
2,37.56,180.47,95.98,49.83
2,37.66,180.92,96.28,50.08
2,37.76,181.37,96.59,50.12
2,37.86,181.82,96.9,50.05
2,37.96,182.27,97.2,49.85
2,38.06,182.72,97.51,50.08
2,38.16,183.17,97.81,49.92
2,38.26,183.62,98.12,49.88
2,38.36,184.07,98.43,49.96
2,38.46,184.52,98.73,49.96
2,38.56,184.97,99.04,49.95
2,38.66,185.42,99.34,50.13
2,38.76,185.87,99.65,50.2
2,38.86,186.32,99.96,49.86
2,38.96,186.76,100.26,49.93
2,39.07,187.21,100.57,50.01
2,39.17,187.66,100.88,49.96
2,39.27,188.11,101.18,50.04
2,39.37,188.56,101.49,50.09
2,39.47,189.01,101.8,50.07
2,39.57,189.46,102.11,50.06
2,39.67,189.91,102.41,50.17
2,39.77,190.36,102.72,49.84
2,39.87,190.81,103.03,50.15
2,39.97,191.26,103.33,49.96
2,40.07,191.71,103.64,50.08
2,40.17,192.15,103.95,49.9
2,40.27,192.6,104.26,49.91
2,40.37,193.05,104.56,50.07
2,40.47,193.5,104.87,49.81
2,40.57,193.95,105.18,50.1
2,40.67,194.4,105.49,50.13
2,40.77,194.85,105.79,50.02
2,40.87,195.3,106.1,50.01
2,40.97,195.74,106.41,49.92
2,41.07,196.19,106.72,50.07
2,41.17,196.64,107.03,50.03
2,41.27,197.09,107.33,49.91
2,41.37,197.54,107.64,49.96
2,41.47,197.99,107.95,49.98
2,41.57,198.43,108.26,49.96
2,41.67,198.88,108.57,49.86
2,41.77,199.33,108.88,50.07
2,41.87,199.78,109.19,49.98
2,41.97,200.23,109.49,50.0
2,42.07,200.67,109.8,49.94
2,42.17,201.12,110.11,50.05
2,42.27,201.57,110.42,50.02
2,42.37,202.02,110.73,50.12
2,42.47,202.47,111.04,50.05
2,42.57,202.91,111.35,49.98
2,42.67,203.36,111.66,49.93
2,42.77,203.81,111.96,50.09
2,42.87,204.26,112.27,49.97
2,42.97,204.71,112.58,49.98
2,43.07,205.15,112.89,49.98
2,43.17,205.6,113.2,49.96
2,43.27,206.05,113.51,49.98
2,43.37,206.5,113.82,50.19
2,43.47,206.94,114.13,49.9
2,43.57,207.39,114.44,49.92
2,43.67,207.84,114.75,50.14
2,43.77,208.29,115.06,49.96
2,43.87,208.73,115.37,49.95
2,43.97,209.18,115.68,50.1
2,44.07,209.63,115.99,49.86
2,44.17,210.08,116.3,50.08
2,44.27,210.52,116.61,50.0
2,44.37,210.97,116.92,50.05
2,44.47,211.42,117.23,50.04
2,44.57,211.87,117.54,49.94
2,44.67,212.31,117.85,50.11
2,44.77,212.76,118.16,49.94
2,44.87,213.21,118.47,50.04
2,44.97,213.65,118.78,50.12
2,45.08,214.1,119.09,50.14
2,45.18,214.55,119.4,49.97
2,45.28,215.0,119.71,50.05
2,45.38,215.44,120.02,49.96
2,45.48,215.89,120.33,50.25
2,45.58,216.34,120.64,50.08
2,45.68,216.78,120.95,50.01
2,45.78,217.23,121.26,50.03
2,45.88,217.68,121.57,50.04
2,45.98,218.12,121.88,50.04
2,46.08,218.57,122.2,49.98
2,46.18,219.02,122.51,49.96
2,46.28,219.46,122.82,49.98
2,46.38,219.91,123.13,49.89
2,46.48,220.36,123.44,50.07
2,46.58,220.8,123.75,49.92
2,46.68,221.25,124.06,49.89
2,46.78,221.7,124.37,50.0
2,46.88,222.14,124.68,49.99
2,46.98,222.59,125.0,50.02
2,47.08,223.04,125.31,49.94
2,47.18,223.48,125.62,49.96
2,47.28,223.93,125.93,50.07
2,47.38,224.37,126.24,50.06
2,47.48,224.82,126.55,50.06
2,47.58,225.27,126.86,50.0
2,47.68,225.71,127.18,50.02
2,47.78,226.16,127.49,50.02
2,47.88,226.61,127.8,49.93
2,47.98,227.05,128.11,50.15
2,48.08,227.5,128.42,50.13
2,48.18,227.94,128.74,50.08
2,48.28,228.39,129.05,49.96
2,48.38,228.84,129.36,50.05
2,48.48,229.28,129.67,50.1
2,48.58,229.73,129.98,49.88
2,48.68,230.17,130.3,50.17
2,48.78,230.62,130.61,49.83
2,48.88,231.07,130.92,50.07
2,48.98,231.51,131.23,50.15
2,49.08,231.96,131.54,49.99
2,49.18,232.4,131.86,49.98
2,49.28,232.85,132.17,50.07
2,49.38,233.29,132.48,50.19
2,49.48,233.74,132.79,49.97
2,49.58,234.19,133.11,49.92
2,49.68,234.63,133.42,49.96
2,49.78,235.08,133.73,49.84
2,49.88,235.52,134.04,50.09
2,49.98,235.97,134.36,49.95
2,50.08,236.41,134.67,49.98
2,50.18,236.86,134.98,50.09
2,50.28,237.3,135.3,49.96
2,50.38,237.75,135.61,50.08
2,50.48,238.2,135.92,49.9
2,50.58,238.64,136.23,50.1
2,50.68,239.09,136.55,50.03
2,50.78,239.53,136.86,49.99
2,50.88,239.98,137.17,50.01
2,50.98,240.42,137.49,49.87
2,51.09,240.87,137.8,50.01
2,51.19,241.31,138.11,49.99
2,51.29,241.76,138.43,49.87
2,51.39,242.2,138.74,49.93
2,51.49,242.65,139.05,49.99
2,51.59,243.09,139.37,49.94
2,51.69,243.54,139.68,49.76
2,51.79,243.98,139.99,50.11
2,51.89,244.43,140.31,49.99
2,51.99,244.87,140.62,49.77
2,52.09,245.32,140.93,50.21
2,52.19,245.76,141.25,50.12
2,52.29,246.21,141.56,49.97
2,52.39,246.65,141.88,49.92
2,52.49,247.1,142.19,50.04
2,52.59,247.54,142.5,50.02
2,52.69,247.99,142.82,50.05
2,52.79,248.43,143.13,49.92
2,52.89,248.88,143.45,50.11
2,52.99,249.32,143.76,49.95
2,53.09,249.77,144.07,50.07
2,53.19,250.21,144.39,49.92
2,53.29,250.66,144.7,50.26
2,53.39,251.1,145.02,50.07
2,53.49,251.54,145.33,50.29
2,53.59,251.99,145.64,50.08
2,53.69,252.43,145.96,49.94
2,53.79,252.88,146.27,50.08
2,53.89,253.32,146.59,50.09
2,53.99,253.77,146.9,50.04
2,54.09,254.21,147.22,50.06
2,54.19,254.66,147.53,50.08
2,54.29,255.1,147.84,49.9
2,54.39,255.55,148.16,49.89
2,54.49,255.99,148.47,49.92
2,54.59,256.43,148.79,50.01
2,54.69,256.88,149.1,49.98
2,54.79,257.32,149.42,49.9
2,54.89,257.77,149.73,50.08
2,54.99,258.21,150.05,50.03
2,55.09,258.66,150.36,50.02
2,55.19,259.1,150.68,49.97
2,55.29,259.54,150.99,49.96
2,55.39,259.99,151.31,49.92
2,55.49,260.43,151.62,50.09
2,55.59,260.88,151.94,49.93
2,55.69,261.32,152.25,50.02
2,55.79,261.76,152.57,50.17
2,55.89,262.21,152.88,49.97
2,55.99,262.65,153.2,50.1
2,56.09,263.1,153.51,50.06
2,56.19,263.54,153.83,50.03
2,56.29,263.98,154.14,50.04
2,56.39,264.43,154.46,49.99
2,56.49,264.87,154.77,50.0
2,56.59,265.32,155.09,49.95
2,56.69,265.76,155.4,50.0
2,56.79,266.2,155.72,49.94
2,56.89,266.65,156.03,50.1
2,56.99,267.09,156.35,49.83
2,57.1,267.54,156.67,50.05
2,57.2,267.98,156.98,50.03
2,57.3,268.42,157.3,50.02
2,57.4,268.87,157.61,50.1
2,57.5,269.31,157.93,49.97
2,57.6,269.75,158.24,50.03
2,57.7,270.2,158.56,49.83
2,57.8,270.64,158.87,49.96
2,57.9,271.09,159.19,50.09
2,58.0,271.53,159.51,49.87
2,58.1,271.97,159.82,50.02
2,58.2,272.42,160.14,49.93
2,58.3,272.86,160.45,49.99
2,58.4,273.3,160.77,49.94
2,58.5,273.75,161.09,49.88
2,58.6,274.19,161.4,50.04
2,58.7,274.63,161.72,50.0
2,58.8,275.08,162.03,50.06
2,58.9,275.52,162.35,50.08
2,59.0,275.96,162.67,50.12
2,59.1,276.41,162.98,50.01
2,59.2,276.85,163.3,50.13
2,59.3,277.29,163.62,49.9
2,59.4,277.74,163.93,50.09
2,59.5,278.18,164.25,50.05
2,59.6,278.62,164.56,50.02
2,59.7,279.07,164.88,50.04
2,59.8,279.51,165.2,49.9
2,59.9,279.95,165.51,49.88
2,60.0,280.4,165.83,50.17
3,0.0,0.0,0.0,0.0
3,0.1,0.61,0.0,49.98
3,0.2,1.2,0.0,49.97
3,0.3,1.76,0.01,50.0
3,0.4,2.29,0.01,50.01
3,0.5,2.8,0.02,50.25
3,0.6,3.29,0.02,49.97
3,0.7,3.76,0.03,50.16
3,0.8,4.21,0.04,50.16
3,0.9,4.64,0.05,50.08
3,1.0,5.05,0.06,49.98
3,1.1,5.45,0.07,49.86
3,1.2,5.82,0.08,50.05
3,1.3,6.18,0.09,50.1
3,1.4,6.53,0.11,50.17
3,1.5,6.86,0.12,49.91
3,1.6,7.18,0.13,49.98
3,1.7,7.48,0.15,49.91
3,1.8,7.77,0.17,49.94
3,1.9,8.04,0.18,50.07
3,2.0,8.31,0.2,49.93
3,2.1,8.56,0.21,49.92
3,2.2,8.8,0.23,50.08
3,2.3,9.03,0.25,50.05
3,2.4,9.24,0.27,50.04
3,2.5,9.45,0.29,49.93
3,2.6,9.65,0.31,50.13
3,2.7,9.84,0.33,50.0
3,2.8,10.01,0.35,50.24
3,2.9,10.18,0.37,50.02
3,3.01,10.34,0.39,49.77
3,3.11,10.49,0.41,49.76
3,3.21,10.63,0.43,50.06
3,3.31,10.77,0.46,50.13
3,3.41,10.9,0.48,49.92
3,3.51,11.01,0.5,50.21
3,3.61,11.12,0.52,50.17
3,3.71,11.23,0.55,50.02
3,3.81,11.32,0.57,50.05
3,3.91,11.41,0.6,50.09
3,4.01,11.5,0.62,50.19
3,4.11,11.57,0.64,50.07
3,4.21,11.64,0.67,50.02
3,4.31,11.71,0.7,50.07
3,4.41,11.76,0.72,50.05
3,4.51,11.81,0.75,50.09
3,4.61,11.86,0.77,49.84
3,4.71,11.9,0.8,50.03
3,4.81,11.93,0.83,50.05
3,4.91,11.96,0.85,49.99
3,5.01,11.99,0.88,50.08
3,5.11,12.0,0.91,50.19
3,5.21,12.02,0.93,50.01
3,5.31,12.02,0.96,50.07
3,5.41,12.03,0.99,50.16
3,5.51,12.03,1.02,50.02
3,5.61,12.02,1.05,49.91
3,5.71,12.01,1.08,50.06
3,5.81,11.99,1.1,49.78
3,5.91,11.98,1.13,49.77
3,6.01,11.95,1.16,50.03
3,6.11,11.92,1.19,49.77
3,6.21,11.89,1.22,49.87
3,6.31,11.86,1.25,49.96
3,6.41,11.82,1.28,49.93
3,6.51,11.77,1.31,49.99
3,6.61,11.72,1.34,50.11
3,6.71,11.67,1.37,50.02
3,6.81,11.62,1.4,49.92
3,6.91,11.56,1.43,50.14
3,7.01,11.5,1.46,49.86
3,7.11,11.43,1.5,50.02
3,7.21,11.36,1.53,49.85
3,7.31,11.29,1.56,50.03
3,7.41,11.21,1.59,49.97
3,7.51,11.14,1.62,50.11
3,7.61,11.05,1.65,50.07
3,7.71,10.97,1.68,49.94
3,7.81,10.88,1.72,49.92
3,7.91,10.79,1.75,49.97
3,8.01,10.7,1.78,50.19
3,8.11,10.6,1.81,50.16
3,8.21,10.5,1.85,49.9
3,8.31,10.4,1.88,50.08
3,8.41,10.29,1.91,49.83
3,8.51,10.18,1.94,49.96
3,8.61,10.07,1.98,49.91
3,8.71,9.96,2.01,50.11
3,8.81,9.84,2.04,49.87
3,8.91,9.73,2.08,50.04
3,9.02,9.61,2.11,50.0
3,9.12,9.48,2.14,49.98
3,9.22,9.36,2.18,50.17
3,9.32,9.23,2.21,50.18
3,9.42,9.1,2.25,49.99
3,9.52,8.97,2.28,49.97
3,9.62,8.83,2.31,49.85
3,9.72,8.69,2.35,50.0
3,9.82,8.55,2.38,50.2
3,9.92,8.41,2.42,49.99
3,10.02,8.27,2.45,50.07
3,10.12,8.12,2.48,49.86
3,10.22,7.98,2.52,49.96
3,10.32,7.83,2.55,50.05
3,10.42,7.67,2.59,50.01
3,10.52,7.52,2.62,50.08
3,10.62,7.36,2.66,49.94
3,10.72,7.21,2.69,49.83
3,10.82,7.05,2.73,50.11
3,10.92,6.88,2.76,49.91
3,11.02,6.72,2.8,50.05
3,11.12,6.55,2.84,50.05
3,11.22,6.39,2.87,49.83
3,11.32,6.22,2.91,50.1
3,11.42,6.05,2.94,49.94
3,11.52,5.88,2.98,50.01
3,11.62,5.7,3.01,49.96
3,11.72,5.53,3.05,50.16
3,11.82,5.35,3.09,50.13
3,11.92,5.17,3.12,49.82
3,12.02,4.99,3.16,50.23
3,12.12,4.8,3.19,49.93
3,12.22,4.62,3.23,50.21
3,12.32,4.43,3.27,49.97
3,12.42,4.25,3.3,49.97
3,12.52,4.06,3.34,49.98
3,12.62,3.87,3.38,49.96
3,12.72,3.68,3.41,50.25
3,12.82,3.48,3.45,49.99
3,12.92,3.29,3.49,49.97
3,13.02,3.09,3.52,50.01
3,13.12,2.9,3.56,49.9
3,13.22,2.7,3.6,50.16
3,13.32,2.5,3.63,49.85
3,13.42,2.29,3.67,49.94
3,13.52,2.09,3.71,50.09
3,13.62,1.89,3.74,50.0
3,13.72,1.68,3.78,50.05
3,13.82,1.47,3.82,50.15
3,13.92,1.26,3.86,50.1
3,14.02,1.06,3.89,50.01
3,14.12,0.84,3.93,50.21
3,14.22,0.63,3.97,49.94
3,14.32,0.42,4.01,49.99
3,14.42,0.2,4.04,50.0
3,14.52,-0.01,4.08,49.99
3,14.62,-0.23,4.12,49.89
3,14.72,-0.45,4.16,49.84
3,14.82,-0.67,4.19,50.04
3,14.92,-0.89,4.23,49.94
3,15.03,-1.11,4.27,50.19
3,15.13,-1.33,4.31,49.99
3,15.23,-1.56,4.35,49.97
3,15.33,-1.78,4.38,50.11
3,15.43,-2.01,4.42,50.04
3,15.53,-2.24,4.46,49.98
3,15.63,-2.46,4.5,49.94
3,15.73,-2.69,4.54,50.37
3,15.83,-2.92,4.57,50.04
3,15.93,-3.16,4.61,50.11
3,16.03,-3.39,4.65,49.9
3,16.13,-3.62,4.69,49.94
3,16.23,-3.86,4.73,50.21
3,16.33,-4.09,4.77,50.14
3,16.43,-4.33,4.81,50.05
3,16.53,-4.57,4.84,49.96
3,16.63,-4.81,4.88,49.98
3,16.73,-5.05,4.92,49.93
3,16.83,-5.29,4.96,49.88
3,16.93,-5.53,5.0,50.09
3,17.03,-5.77,5.04,50.05
3,17.13,-6.01,5.08,50.07
3,17.23,-6.26,5.11,49.97
3,17.33,-6.5,5.15,50.03
3,17.43,-6.75,5.19,49.96
3,17.53,-7.0,5.23,49.93
3,17.63,-7.25,5.27,50.17
3,17.73,-7.5,5.31,50.01
3,17.83,-7.74,5.35,50.05
3,17.93,-8.0,5.39,50.08
3,18.03,-8.25,5.43,50.01
3,18.13,-8.5,5.47,50.02
3,18.23,-8.75,5.51,49.89
3,18.33,-9.01,5.55,49.91
3,18.43,-9.26,5.58,49.91
3,18.53,-9.52,5.62,50.06
3,18.63,-9.77,5.66,50.01
3,18.73,-10.03,5.7,49.91
3,18.83,-10.29,5.74,50.06
3,18.93,-10.55,5.78,50.05
3,19.03,-10.81,5.82,49.93
3,19.13,-11.07,5.86,50.0
3,19.23,-11.33,5.9,50.05
3,19.33,-11.59,5.94,49.91
3,19.43,-11.85,5.98,50.06
3,19.53,-12.12,6.02,50.03
3,19.63,-12.38,6.06,49.9
3,19.73,-12.65,6.1,50.02
3,19.83,-12.91,6.14,50.04
3,19.93,-13.18,6.18,49.94
3,20.03,-13.45,6.22,49.95
3,20.13,-13.71,6.26,49.9
3,20.23,-13.98,6.3,49.96
3,20.33,-14.25,6.34,50.0
3,20.43,-14.52,6.38,49.95
3,20.53,-14.79,6.42,49.85
3,20.63,-15.06,6.46,49.93
3,20.73,-15.34,6.5,49.96
3,20.83,-15.61,6.54,50.08
3,20.93,-15.88,6.58,50.06
3,21.04,-16.16,6.62,50.08
3,21.14,-16.43,6.66,49.93
3,21.24,-16.71,6.7,50.01
3,21.34,-16.98,6.74,49.76
3,21.44,-17.26,6.78,50.04
3,21.54,-17.54,6.82,50.06
3,21.64,-17.81,6.86,49.96
3,21.74,-18.09,6.9,50.03
3,21.84,-18.37,6.94,49.85
3,21.94,-18.65,6.98,49.92
3,22.04,-18.93,7.02,50.08
3,22.14,-19.21,7.06,50.05
3,22.24,-19.49,7.1,49.96
3,22.34,-19.78,7.14,50.08
3,22.44,-20.06,7.18,50.01
3,22.54,-20.34,7.23,49.95
3,22.64,-20.63,7.27,49.98
3,22.74,-20.91,7.31,49.95
3,22.84,-21.2,7.35,49.88
3,22.94,-21.48,7.39,50.13
3,23.04,-21.77,7.43,49.94
3,23.14,-22.05,7.47,49.92
3,23.24,-22.34,7.51,49.85
3,23.34,-22.63,7.55,49.74
3,23.44,-22.92,7.59,50.07
3,23.54,-23.21,7.63,50.08
3,23.64,-23.5,7.67,50.12
3,23.74,-23.79,7.71,49.99
3,23.84,-24.08,7.76,49.97
3,23.94,-24.37,7.8,49.95
3,24.04,-24.66,7.84,49.96
3,24.14,-24.95,7.88,50.11
3,24.24,-25.25,7.92,50.0
3,24.34,-25.54,7.96,50.04
3,24.44,-25.83,8.0,49.96
3,24.54,-26.13,8.04,50.13
3,24.64,-26.42,8.08,49.81
3,24.74,-26.72,8.12,49.88
3,24.84,-27.01,8.17,50.04
3,24.94,-27.31,8.21,50.18
3,25.04,-27.61,8.25,49.98
3,25.14,-27.9,8.29,49.92
3,25.24,-28.2,8.33,50.1
3,25.34,-28.5,8.37,50.03
3,25.44,-28.8,8.41,50.13
3,25.54,-29.1,8.45,49.87
3,25.64,-29.4,8.5,50.12
3,25.74,-29.7,8.54,49.85
3,25.84,-30.0,8.58,49.97
3,25.94,-30.3,8.62,50.04
3,26.04,-30.6,8.66,50.02
3,26.14,-30.9,8.7,50.11
3,26.24,-31.2,8.74,49.82
3,26.34,-31.51,8.79,50.01
3,26.44,-31.81,8.83,50.12
3,26.54,-32.11,8.87,50.01
3,26.64,-32.42,8.91,49.89
3,26.74,-32.72,8.95,50.1
3,26.84,-33.03,8.99,49.94
3,26.94,-33.33,9.03,49.92
3,27.05,-33.64,9.08,49.9
3,27.15,-33.94,9.12,49.98
3,27.25,-34.25,9.16,50.02
3,27.35,-34.56,9.2,49.87
3,27.45,-34.87,9.24,49.89
3,27.55,-35.17,9.28,49.93
3,27.65,-35.48,9.33,49.9
3,27.75,-35.79,9.37,50.0
3,27.85,-36.1,9.41,50.04
3,27.95,-36.41,9.45,50.02
3,28.05,-36.72,9.49,50.02
3,28.15,-37.03,9.53,50.17
3,28.25,-37.34,9.58,50.04
3,28.35,-37.65,9.62,50.08
3,28.45,-37.96,9.66,49.96
3,28.55,-38.28,9.7,50.09
3,28.65,-38.59,9.74,49.95
3,28.75,-38.9,9.79,50.04
3,28.85,-39.22,9.83,49.86
3,28.95,-39.53,9.87,50.02
3,29.05,-39.84,9.91,49.9
3,29.15,-40.16,9.95,50.09
3,29.25,-40.47,10.0,50.09
3,29.35,-40.79,10.04,49.95
3,29.45,-41.1,10.08,50.2
3,29.55,-41.42,10.12,49.97
3,29.65,-41.73,10.16,49.84
3,29.75,-42.05,10.21,49.92
3,29.85,-42.37,10.25,49.9
3,29.95,-42.69,10.29,50.04
3,30.05,-43.0,10.33,49.88
3,30.15,-43.32,10.37,49.95
3,30.25,-43.64,10.42,50.03
3,30.35,-43.96,10.46,50.01
3,30.45,-44.28,10.5,50.0
3,30.55,-44.6,10.54,50.01
3,30.65,-44.92,10.58,49.96
3,30.75,-45.24,10.63,49.84
3,30.85,-45.56,10.67,49.96
3,30.95,-45.88,10.71,50.05
3,31.05,-46.2,10.75,49.99
3,31.15,-46.52,10.8,50.04
3,31.25,-46.84,10.84,49.94
3,31.35,-47.16,10.88,50.1
3,31.45,-47.49,10.92,49.74
3,31.55,-47.81,10.97,50.01
3,31.65,-48.13,11.01,50.13
3,31.75,-48.45,11.05,50.15
3,31.85,-48.78,11.09,49.98
3,31.95,-49.1,11.13,49.87
3,32.05,-49.43,11.18,50.14
3,32.15,-49.75,11.22,49.99
3,32.25,-50.08,11.26,49.98
3,32.35,-50.4,11.3,49.91
3,32.45,-50.73,11.35,49.88
3,32.55,-51.05,11.39,50.06
3,32.65,-51.38,11.43,50.07
3,32.75,-51.71,11.47,50.02
3,32.85,-52.03,11.52,49.92
3,32.95,-52.36,11.56,49.89
3,33.06,-52.69,11.6,49.86
3,33.16,-53.01,11.64,49.94
3,33.26,-53.34,11.69,49.9
3,33.36,-53.67,11.73,49.83
3,33.46,-54.0,11.77,50.07
3,33.56,-54.33,11.81,49.87
3,33.66,-54.66,11.86,50.1
3,33.76,-54.99,11.9,50.04
3,33.86,-55.32,11.94,50.03
3,33.96,-55.65,11.99,50.17
3,34.06,-55.98,12.03,49.87
3,34.16,-56.31,12.07,50.09
3,34.26,-56.64,12.11,49.97
3,34.36,-56.97,12.16,50.26
3,34.46,-57.3,12.2,49.96
3,34.56,-57.63,12.24,49.95
3,34.66,-57.97,12.28,50.04
3,34.76,-58.3,12.33,49.98
3,34.86,-58.63,12.37,49.92
3,34.96,-58.96,12.41,49.9
3,35.06,-59.3,12.46,50.15
3,35.16,-59.63,12.5,49.88
3,35.26,-59.96,12.54,50.02
3,35.36,-60.3,12.58,50.11
3,35.46,-60.63,12.63,50.11
3,35.56,-60.97,12.67,49.94
3,35.66,-61.3,12.71,49.98
3,35.76,-61.64,12.75,49.96
3,35.86,-61.97,12.8,49.85
3,35.96,-62.31,12.84,50.05
3,36.06,-62.64,12.88,50.0
3,36.16,-62.98,12.93,50.14
3,36.26,-63.31,12.97,49.92
3,36.36,-63.65,13.01,50.11
3,36.46,-63.99,13.06,50.12
3,36.56,-64.32,13.1,50.0
3,36.66,-64.66,13.14,49.78
3,36.76,-65.0,13.18,49.95
3,36.86,-65.34,13.23,50.18
3,36.96,-65.67,13.27,50.03
3,37.06,-66.01,13.31,50.07
3,37.16,-66.35,13.36,49.99
3,37.26,-66.69,13.4,49.98
3,37.36,-67.03,13.44,49.81
3,37.46,-67.37,13.49,50.08
3,37.56,-67.71,13.53,50.11
3,37.66,-68.05,13.57,49.9
3,37.76,-68.39,13.61,49.98
3,37.86,-68.73,13.66,49.97
3,37.96,-69.07,13.7,50.04
3,38.06,-69.41,13.74,49.95
3,38.16,-69.75,13.79,50.09
3,38.26,-70.09,13.83,50.01
3,38.36,-70.43,13.87,49.75
3,38.46,-70.77,13.92,50.04
3,38.56,-71.12,13.96,50.1
3,38.66,-71.46,14.0,49.88
3,38.76,-71.8,14.05,50.04
3,38.86,-72.14,14.09,50.18
3,38.96,-72.48,14.13,50.01
3,39.07,-72.83,14.18,50.11
3,39.17,-73.17,14.22,49.96
3,39.27,-73.51,14.26,50.0
3,39.37,-73.86,14.31,49.98
3,39.47,-74.2,14.35,49.96
3,39.57,-74.55,14.39,49.99
3,39.67,-74.89,14.44,49.84
3,39.77,-75.23,14.48,49.97
3,39.87,-75.58,14.52,50.13
3,39.97,-75.92,14.56,49.9
3,40.07,-76.27,14.61,49.89
3,40.17,-76.61,14.65,50.01
3,40.27,-76.96,14.69,50.01
3,40.37,-77.3,14.74,50.04
3,40.47,-77.65,14.78,49.99
3,40.57,-78.0,14.82,50.01
3,40.67,-78.34,14.87,49.96
3,40.77,-78.69,14.91,49.87
3,40.87,-79.04,14.95,49.99
3,40.97,-79.38,15.0,50.07
3,41.07,-79.73,15.04,50.05
3,41.17,-80.08,15.09,49.83
3,41.27,-80.43,15.13,50.03
3,41.37,-80.77,15.17,49.91
3,41.47,-81.12,15.22,50.14
3,41.57,-81.47,15.26,50.03
3,41.67,-81.82,15.3,50.09
3,41.77,-82.17,15.35,50.0
3,41.87,-82.51,15.39,49.99
3,41.97,-82.86,15.43,50.15
3,42.07,-83.21,15.48,50.1
3,42.17,-83.56,15.52,50.01
3,42.27,-83.91,15.56,49.98
3,42.37,-84.26,15.61,49.83
3,42.47,-84.61,15.65,50.03
3,42.57,-84.96,15.69,49.99
3,42.67,-85.31,15.74,50.06
3,42.77,-85.66,15.78,50.09
3,42.87,-86.01,15.82,50.12
3,42.97,-86.36,15.87,50.03
3,43.07,-86.71,15.91,49.9
3,43.17,-87.07,15.96,49.79
3,43.27,-87.42,16.0,49.92
3,43.37,-87.77,16.04,50.13
3,43.47,-88.12,16.09,50.18
3,43.57,-88.47,16.13,49.98
3,43.67,-88.82,16.17,49.85
3,43.77,-89.18,16.22,49.94
3,43.87,-89.53,16.26,50.11
3,43.97,-89.88,16.3,49.94
3,44.07,-90.23,16.35,50.06
3,44.17,-90.59,16.39,50.02
3,44.27,-90.94,16.44,50.07
3,44.37,-91.29,16.48,50.18
3,44.47,-91.65,16.52,50.06
3,44.57,-92.0,16.57,50.01
3,44.67,-92.36,16.61,50.19
3,44.77,-92.71,16.65,50.03
3,44.87,-93.06,16.7,49.92
3,44.97,-93.42,16.74,50.07
3,45.08,-93.77,16.78,50.04
3,45.18,-94.13,16.83,49.97
3,45.28,-94.48,16.87,49.95
3,45.38,-94.84,16.92,49.97
3,45.48,-95.19,16.96,49.95
3,45.58,-95.55,17.0,49.97
3,45.68,-95.9,17.05,49.92
3,45.78,-96.26,17.09,50.04
3,45.88,-96.62,17.13,50.03
3,45.98,-96.97,17.18,50.03
3,46.08,-97.33,17.22,49.99
3,46.18,-97.68,17.27,49.98
3,46.28,-98.04,17.31,50.14
3,46.38,-98.4,17.35,50.01
3,46.48,-98.75,17.4,50.13
3,46.58,-99.11,17.44,49.9
3,46.68,-99.47,17.49,50.06
3,46.78,-99.83,17.53,49.93
3,46.88,-100.18,17.57,49.94
3,46.98,-100.54,17.62,49.96
3,47.08,-100.9,17.66,49.95
3,47.18,-101.26,17.7,49.95
3,47.28,-101.62,17.75,50.12
3,47.38,-101.97,17.79,50.0
3,47.48,-102.33,17.84,50.02
3,47.58,-102.69,17.88,49.95
3,47.68,-103.05,17.92,50.09
3,47.78,-103.41,17.97,50.04
3,47.88,-103.77,18.01,49.97
3,47.98,-104.13,18.06,49.84
3,48.08,-104.49,18.1,50.02
3,48.18,-104.85,18.14,50.06
3,48.28,-105.21,18.19,49.9
3,48.38,-105.57,18.23,49.97
3,48.48,-105.93,18.28,50.05
3,48.58,-106.29,18.32,49.84
3,48.68,-106.65,18.36,49.94
3,48.78,-107.01,18.41,50.04
3,48.88,-107.37,18.45,50.11
3,48.98,-107.73,18.5,50.22
3,49.08,-108.09,18.54,50.2
3,49.18,-108.45,18.58,50.01
3,49.28,-108.81,18.63,49.95
3,49.38,-109.17,18.67,50.09
3,49.48,-109.53,18.72,49.95
3,49.58,-109.9,18.76,49.92
3,49.68,-110.26,18.8,49.97
3,49.78,-110.62,18.85,49.96
3,49.88,-110.98,18.89,50.04
3,49.98,-111.34,18.94,49.94
3,50.08,-111.71,18.98,50.01
3,50.18,-112.07,19.02,50.16
3,50.28,-112.43,19.07,50.01
3,50.38,-112.79,19.11,50.15
3,50.48,-113.16,19.16,50.12
3,50.58,-113.52,19.2,50.06
3,50.68,-113.88,19.24,49.96
3,50.78,-114.25,19.29,50.1
3,50.88,-114.61,19.33,49.98
3,50.98,-114.97,19.38,50.0
3,51.09,-115.34,19.42,50.03
3,51.19,-115.7,19.47,50.0
3,51.29,-116.06,19.51,49.93
3,51.39,-116.43,19.55,49.85
3,51.49,-116.79,19.6,50.1
3,51.59,-117.16,19.64,50.06
3,51.69,-117.52,19.69,49.83
3,51.79,-117.89,19.73,49.93
3,51.89,-118.25,19.77,50.02
3,51.99,-118.62,19.82,50.04
3,52.09,-118.98,19.86,49.85
3,52.19,-119.35,19.91,49.99
3,52.29,-119.71,19.95,50.05
3,52.39,-120.08,20.0,49.96
3,52.49,-120.44,20.04,50.03
3,52.59,-120.81,20.08,49.95
3,52.69,-121.17,20.13,50.09
3,52.79,-121.54,20.17,49.92
3,52.89,-121.91,20.22,49.89
3,52.99,-122.27,20.26,50.0
3,53.09,-122.64,20.3,49.86
3,53.19,-123.01,20.35,49.79
3,53.29,-123.37,20.39,50.11
3,53.39,-123.74,20.44,49.9
3,53.49,-124.11,20.48,49.87
3,53.59,-124.47,20.53,49.92
3,53.69,-124.84,20.57,49.91
3,53.79,-125.21,20.61,49.99
3,53.89,-125.57,20.66,49.89
3,53.99,-125.94,20.7,50.05
3,54.09,-126.31,20.75,50.06
3,54.19,-126.68,20.79,49.87
3,54.29,-127.04,20.84,49.94
3,54.39,-127.41,20.88,49.95
3,54.49,-127.78,20.92,49.98
3,54.59,-128.15,20.97,50.11
3,54.69,-128.52,21.01,50.11
3,54.79,-128.89,21.06,50.25
3,54.89,-129.25,21.1,49.77
3,54.99,-129.62,21.15,49.91
3,55.09,-129.99,21.19,50.18
3,55.19,-130.36,21.24,49.82
3,55.29,-130.73,21.28,50.18
3,55.39,-131.1,21.32,50.01
3,55.49,-131.47,21.37,50.02
3,55.59,-131.84,21.41,49.87
3,55.69,-132.21,21.46,49.95
3,55.79,-132.58,21.5,50.17
3,55.89,-132.95,21.55,50.0
3,55.99,-133.32,21.59,49.96
3,56.09,-133.69,21.63,50.04
3,56.19,-134.06,21.68,49.98
3,56.29,-134.43,21.72,50.03
3,56.39,-134.8,21.77,49.92
3,56.49,-135.17,21.81,49.99
3,56.59,-135.54,21.86,49.94
3,56.69,-135.91,21.9,49.82
3,56.79,-136.28,21.95,50.05
3,56.89,-136.65,21.99,49.88
3,56.99,-137.02,22.03,49.98
3,57.1,-137.39,22.08,50.09
3,57.2,-137.76,22.12,49.85
3,57.3,-138.13,22.17,50.06
3,57.4,-138.51,22.21,49.97
3,57.5,-138.88,22.26,49.9
3,57.6,-139.25,22.3,50.2
3,57.7,-139.62,22.35,50.0
3,57.8,-139.99,22.39,49.94
3,57.9,-140.36,22.43,49.92
3,58.0,-140.74,22.48,50.09
3,58.1,-141.11,22.52,49.94
3,58.2,-141.48,22.57,50.08
3,58.3,-141.85,22.61,50.0
3,58.4,-142.22,22.66,50.11
3,58.5,-142.6,22.7,49.9
3,58.6,-142.97,22.75,49.91
3,58.7,-143.34,22.79,49.97
3,58.8,-143.72,22.84,49.98
3,58.9,-144.09,22.88,49.96
3,59.0,-144.46,22.92,50.26
3,59.1,-144.83,22.97,50.21
3,59.2,-145.21,23.01,50.03
3,59.3,-145.58,23.06,50.04
3,59.4,-145.96,23.1,49.98
3,59.5,-146.33,23.15,49.9
3,59.6,-146.7,23.19,49.98
3,59.7,-147.08,23.24,50.08
3,59.8,-147.45,23.28,50.13
3,59.9,-147.82,23.33,50.1
3,60.0,-148.2,23.37,49.85
4,0.0,0.0,0.0,0.0
4,0.1,0.72,-0.0,50.12
4,0.2,1.43,-0.01,49.96
4,0.3,2.13,-0.02,50.0
4,0.4,2.83,-0.04,50.05
4,0.5,3.52,-0.06,50.28
4,0.6,4.21,-0.08,50.03
4,0.7,4.9,-0.11,49.98
4,0.8,5.58,-0.14,49.88
4,0.9,6.26,-0.17,50.15
4,1.0,6.93,-0.21,49.98
4,1.1,7.6,-0.24,50.17
4,1.2,8.26,-0.29,50.11
4,1.3,8.92,-0.33,49.95
4,1.4,9.58,-0.38,49.86
4,1.5,10.23,-0.43,50.03
4,1.6,10.88,-0.48,49.94
4,1.7,11.52,-0.54,50.0
4,1.8,12.16,-0.59,50.1
4,1.9,12.8,-0.66,49.83
4,2.0,13.44,-0.72,50.03
4,2.1,14.07,-0.78,50.08
4,2.2,14.69,-0.85,50.08
4,2.3,15.32,-0.92,49.86
4,2.4,15.94,-0.99,50.04
4,2.5,16.56,-1.07,50.12
4,2.6,17.18,-1.14,50.03
4,2.7,17.79,-1.22,49.99
4,2.8,18.4,-1.3,50.11
4,2.9,19.01,-1.38,49.93
4,3.01,19.62,-1.47,49.85
4,3.11,20.22,-1.55,49.98
4,3.21,20.82,-1.64,50.05
4,3.31,21.42,-1.73,50.1
4,3.41,22.01,-1.82,50.05
4,3.51,22.6,-1.92,50.08
4,3.61,23.19,-2.01,50.1
4,3.71,23.78,-2.11,49.97
4,3.81,24.37,-2.21,49.99
4,3.91,24.95,-2.31,50.13
4,4.01,25.53,-2.41,49.88
4,4.11,26.11,-2.51,50.04
4,4.21,26.69,-2.62,49.93
4,4.31,27.27,-2.72,50.11
4,4.41,27.84,-2.83,50.0
4,4.51,28.41,-2.94,50.0
4,4.61,28.98,-3.05,50.17
4,4.71,29.55,-3.16,49.89
4,4.81,30.12,-3.27,50.02
4,4.91,30.68,-3.39,49.98
4,5.01,31.24,-3.5,50.05
4,5.11,31.8,-3.62,50.19
4,5.21,32.36,-3.74,49.94
4,5.31,32.92,-3.86,49.88
4,5.41,33.47,-3.98,49.92
4,5.51,34.03,-4.1,49.98
4,5.61,34.58,-4.22,50.01
4,5.71,35.13,-4.35,50.01
4,5.81,35.68,-4.47,50.18
4,5.91,36.23,-4.6,50.16
4,6.01,36.77,-4.73,50.13
4,6.11,37.32,-4.86,50.25
4,6.21,37.86,-4.98,50.08
4,6.31,38.4,-5.12,50.11
4,6.41,38.94,-5.25,50.08
4,6.51,39.48,-5.38,50.06
4,6.61,40.02,-5.51,50.04
4,6.71,40.55,-5.65,49.96
4,6.81,41.09,-5.78,49.88
4,6.91,41.62,-5.92,49.99
4,7.01,42.15,-6.06,50.06
4,7.11,42.68,-6.2,50.01
4,7.21,43.21,-6.34,49.89
4,7.31,43.74,-6.48,49.98
4,7.41,44.27,-6.62,49.98
4,7.51,44.79,-6.76,49.99
4,7.61,45.32,-6.9,50.05
4,7.71,45.84,-7.05,50.07
4,7.81,46.37,-7.19,49.95
4,7.91,46.89,-7.34,50.1
4,8.01,47.41,-7.48,50.11
4,8.11,47.93,-7.63,50.03
4,8.21,48.44,-7.78,50.07
4,8.31,48.96,-7.93,50.1
4,8.41,49.48,-8.08,49.89
4,8.51,49.99,-8.23,50.11
4,8.61,50.5,-8.38,49.92
4,8.71,51.02,-8.53,49.93
4,8.81,51.53,-8.68,50.02
4,8.91,52.04,-8.84,49.79
4,9.02,52.55,-8.99,50.02
4,9.12,53.06,-9.14,50.1
4,9.22,53.57,-9.3,49.84
4,9.32,54.07,-9.46,50.11
4,9.42,54.58,-9.61,49.93
4,9.52,55.08,-9.77,50.02
4,9.62,55.59,-9.93,49.94
4,9.72,56.09,-10.09,50.06
4,9.82,56.59,-10.25,50.1
4,9.92,57.09,-10.41,50.06
4,10.02,57.59,-10.57,50.0
4,10.12,58.09,-10.73,49.95
4,10.22,58.59,-10.89,49.99
4,10.32,59.09,-11.05,50.07
4,10.42,59.59,-11.21,50.07
4,10.52,60.08,-11.38,50.06
4,10.62,60.58,-11.54,49.87
4,10.72,61.08,-11.71,50.0
4,10.82,61.57,-11.87,49.94
4,10.92,62.06,-12.04,50.07
4,11.02,62.55,-12.2,49.92
4,11.12,63.05,-12.37,50.05
4,11.22,63.54,-12.54,49.97
4,11.32,64.03,-12.71,49.81
4,11.42,64.52,-12.88,50.09
4,11.52,65.01,-13.04,50.0
4,11.62,65.49,-13.21,50.13
4,11.72,65.98,-13.38,49.83
4,11.82,66.47,-13.55,49.97
4,11.92,66.95,-13.73,49.98
4,12.02,67.44,-13.9,50.03
4,12.12,67.92,-14.07,49.87
4,12.22,68.41,-14.24,50.05
4,12.32,68.89,-14.42,50.19
4,12.42,69.37,-14.59,50.05
4,12.52,69.86,-14.76,50.01
4,12.62,70.34,-14.94,49.86
4,12.72,70.82,-15.11,49.92
4,12.82,71.3,-15.29,49.99
4,12.92,71.78,-15.46,49.95
4,13.02,72.26,-15.64,50.1
4,13.12,72.73,-15.82,50.05
4,13.22,73.21,-15.99,50.27
4,13.32,73.69,-16.17,49.9
4,13.42,74.16,-16.35,50.0
4,13.52,74.64,-16.53,49.86
4,13.62,75.12,-16.71,49.78
4,13.72,75.59,-16.89,50.07
4,13.82,76.06,-17.07,50.05
4,13.92,76.54,-17.25,49.91
4,14.02,77.01,-17.43,50.01
4,14.12,77.48,-17.61,49.94
4,14.22,77.96,-17.79,49.95
4,14.32,78.43,-17.97,49.97
4,14.42,78.9,-18.15,49.91
4,14.52,79.37,-18.34,49.93
4,14.62,79.84,-18.52,49.93
4,14.72,80.31,-18.7,50.04
4,14.82,80.78,-18.89,49.72
4,14.92,81.24,-19.07,49.98
4,15.03,81.71,-19.26,49.89
4,15.13,82.18,-19.44,49.89
4,15.23,82.65,-19.63,49.95
4,15.33,83.11,-19.81,50.0
4,15.43,83.58,-20.0,49.98
4,15.53,84.04,-20.18,49.89
4,15.63,84.51,-20.37,50.07
4,15.73,84.97,-20.56,49.91
4,15.83,85.44,-20.74,49.93
4,15.93,85.9,-20.93,50.03
4,16.03,86.36,-21.12,50.03
4,16.13,86.82,-21.31,49.94
4,16.23,87.29,-21.5,49.71
4,16.33,87.75,-21.69,49.91
4,16.43,88.21,-21.88,50.02
4,16.53,88.67,-22.07,50.07
4,16.63,89.13,-22.26,49.99
4,16.73,89.59,-22.45,49.95
4,16.83,90.05,-22.64,50.23
4,16.93,90.51,-22.83,49.96
4,17.03,90.97,-23.02,50.06
4,17.13,91.42,-23.21,49.87
4,17.23,91.88,-23.4,49.89
4,17.33,92.34,-23.59,50.06
4,17.43,92.8,-23.79,50.1
4,17.53,93.25,-23.98,49.96
4,17.63,93.71,-24.17,49.82
4,17.73,94.16,-24.36,49.98
4,17.83,94.62,-24.56,50.02
4,17.93,95.07,-24.75,50.01
4,18.03,95.53,-24.95,49.94
4,18.13,95.98,-25.14,49.98
4,18.23,96.44,-25.34,49.93
4,18.33,96.89,-25.53,49.89
4,18.43,97.34,-25.73,50.08
4,18.53,97.79,-25.92,50.01
4,18.63,98.25,-26.12,49.98
4,18.73,98.7,-26.31,49.95
4,18.83,99.15,-26.51,49.98
4,18.93,99.6,-26.71,50.02
4,19.03,100.05,-26.9,50.17
4,19.13,100.5,-27.1,50.07
4,19.23,100.95,-27.3,49.93
4,19.33,101.4,-27.49,49.93
4,19.43,101.85,-27.69,49.92
4,19.53,102.3,-27.89,49.98
4,19.63,102.75,-28.09,49.92
4,19.73,103.2,-28.29,50.05
4,19.83,103.65,-28.49,49.74
4,19.93,104.09,-28.69,50.05
4,20.03,104.54,-28.88,50.03
4,20.13,104.99,-29.08,50.13
4,20.23,105.43,-29.28,50.09
4,20.33,105.88,-29.48,49.93
4,20.43,106.33,-29.68,50.08
4,20.53,106.77,-29.88,49.98
4,20.63,107.22,-30.09,49.81
4,20.73,107.66,-30.29,50.02
4,20.83,108.11,-30.49,49.94
4,20.93,108.55,-30.69,50.0
4,21.04,109.0,-30.89,50.17
4,21.14,109.44,-31.09,50.02
4,21.24,109.88,-31.3,49.9
4,21.34,110.33,-31.5,50.1
4,21.44,110.77,-31.7,50.04
4,21.54,111.21,-31.9,49.89
4,21.64,111.65,-32.11,49.84
4,21.74,112.1,-32.31,49.9
4,21.84,112.54,-32.51,50.08
4,21.94,112.98,-32.72,49.97
4,22.04,113.42,-32.92,50.01
4,22.14,113.86,-33.12,49.87
4,22.24,114.3,-33.33,50.09
4,22.34,114.74,-33.53,49.8
4,22.44,115.18,-33.74,49.93
4,22.54,115.62,-33.94,50.04
4,22.64,116.06,-34.15,49.89
4,22.74,116.5,-34.35,50.06
4,22.84,116.94,-34.56,49.91
4,22.94,117.38,-34.76,49.88
4,23.04,117.82,-34.97,50.13
4,23.14,118.25,-35.18,50.02
4,23.24,118.69,-35.38,50.05
4,23.34,119.13,-35.59,50.1
4,23.44,119.57,-35.79,49.74
4,23.54,120.0,-36.0,50.06
4,23.64,120.44,-36.21,49.92
4,23.74,120.88,-36.42,49.94
4,23.84,121.31,-36.62,50.04
4,23.94,121.75,-36.83,49.96
4,24.04,122.18,-37.04,50.06
4,24.14,122.62,-37.25,50.0
4,24.24,123.06,-37.45,50.02
4,24.34,123.49,-37.66,49.95
4,24.44,123.92,-37.87,49.89
4,24.54,124.36,-38.08,49.93
4,24.64,124.79,-38.29,49.99
4,24.74,125.23,-38.5,50.18
4,24.84,125.66,-38.71,50.15
4,24.94,126.1,-38.92,49.93
4,25.04,126.53,-39.12,50.01
4,25.14,126.96,-39.33,49.97
4,25.24,127.39,-39.54,50.01
4,25.34,127.83,-39.75,50.03
4,25.44,128.26,-39.96,50.05
4,25.54,128.69,-40.17,49.71
4,25.64,129.12,-40.39,50.04
4,25.74,129.56,-40.6,49.96
4,25.84,129.99,-40.81,49.93
4,25.94,130.42,-41.02,50.08
4,26.04,130.85,-41.23,50.15
4,26.14,131.28,-41.44,50.07
4,26.24,131.71,-41.65,49.95
4,26.34,132.14,-41.86,49.89
4,26.44,132.57,-42.07,49.7
4,26.54,133.0,-42.29,50.02
4,26.64,133.43,-42.5,50.06
4,26.74,133.86,-42.71,49.99
4,26.84,134.29,-42.92,50.09
4,26.94,134.72,-43.14,49.87
4,27.05,135.15,-43.35,49.98
4,27.15,135.58,-43.56,49.97
4,27.25,136.01,-43.77,49.99
4,27.35,136.43,-43.99,50.12
4,27.45,136.86,-44.2,49.99
4,27.55,137.29,-44.41,49.97
4,27.65,137.72,-44.63,49.91
4,27.75,138.15,-44.84,50.13
4,27.85,138.57,-45.06,49.86
4,27.95,139.0,-45.27,49.94
4,28.05,139.43,-45.48,50.17
4,28.15,139.85,-45.7,50.05
4,28.25,140.28,-45.91,50.0
4,28.35,140.71,-46.13,50.0
4,28.45,141.13,-46.34,49.91
4,28.55,141.56,-46.56,49.99
4,28.65,141.98,-46.77,49.97
4,28.75,142.41,-46.99,50.02
4,28.85,142.84,-47.2,49.85
4,28.95,143.26,-47.42,50.04
4,29.05,143.69,-47.63,50.1
4,29.15,144.11,-47.85,49.98
4,29.25,144.53,-48.06,50.06
4,29.35,144.96,-48.28,50.03
4,29.45,145.38,-48.5,49.94
4,29.55,145.81,-48.71,49.89
4,29.65,146.23,-48.93,49.91
4,29.75,146.66,-49.15,50.03
4,29.85,147.08,-49.36,49.99
4,29.95,147.5,-49.58,50.13
4,30.05,147.93,-49.8,50.08
4,30.15,148.35,-50.01,50.08
4,30.25,148.77,-50.23,50.03
4,30.35,149.19,-50.45,49.9
4,30.45,149.62,-50.66,50.03
4,30.55,150.04,-50.88,50.01
4,30.65,150.46,-51.1,49.89
4,30.75,150.88,-51.32,50.12
4,30.85,151.31,-51.53,50.11
4,30.95,151.73,-51.75,49.89
4,31.05,152.15,-51.97,49.94
4,31.15,152.57,-52.19,49.95
4,31.25,152.99,-52.41,50.06
4,31.35,153.41,-52.63,50.05
4,31.45,153.83,-52.84,50.0
4,31.55,154.25,-53.06,50.03
4,31.65,154.67,-53.28,49.87
4,31.75,155.1,-53.5,50.04
4,31.85,155.52,-53.72,49.99
4,31.95,155.94,-53.94,49.93
4,32.05,156.36,-54.16,49.85
4,32.15,156.78,-54.38,50.0
4,32.25,157.19,-54.6,50.04
4,32.35,157.61,-54.82,49.83
4,32.45,158.03,-55.04,50.0
4,32.55,158.45,-55.26,50.01
4,32.65,158.87,-55.48,49.94
4,32.75,159.29,-55.7,50.04
4,32.85,159.71,-55.92,49.99
4,32.95,160.13,-56.14,50.03
4,33.06,160.55,-56.36,50.05
4,33.16,160.96,-56.58,50.05
4,33.26,161.38,-56.8,50.1
4,33.36,161.8,-57.02,50.03
4,33.46,162.22,-57.24,49.95
4,33.56,162.64,-57.46,49.94
4,33.66,163.05,-57.68,49.89
4,33.76,163.47,-57.9,50.02
4,33.86,163.89,-58.12,50.13
4,33.96,164.31,-58.34,49.96
4,34.06,164.72,-58.57,50.04
4,34.16,165.14,-58.79,49.92
4,34.26,165.56,-59.01,50.02
4,34.36,165.97,-59.23,50.13
4,34.46,166.39,-59.45,50.07
4,34.56,166.8,-59.67,49.84
4,34.66,167.22,-59.9,50.06
4,34.76,167.64,-60.12,50.06
4,34.86,168.05,-60.34,50.02
4,34.96,168.47,-60.56,50.07
4,35.06,168.88,-60.79,49.92
4,35.16,169.3,-61.01,50.01
4,35.26,169.71,-61.23,50.11
4,35.36,170.13,-61.45,50.1
4,35.46,170.54,-61.68,50.05
4,35.56,170.96,-61.9,49.91
4,35.66,171.37,-62.12,49.9
4,35.76,171.79,-62.35,50.01
4,35.86,172.2,-62.57,50.02
4,35.96,172.62,-62.79,49.99
4,36.06,173.03,-63.02,49.92
4,36.16,173.45,-63.24,50.04
4,36.26,173.86,-63.46,50.01
4,36.36,174.27,-63.69,50.03
4,36.46,174.69,-63.91,50.06
4,36.56,175.1,-64.13,49.97
4,36.66,175.52,-64.36,49.95
4,36.76,175.93,-64.58,50.11
4,36.86,176.34,-64.81,49.92
4,36.96,176.75,-65.03,49.95
4,37.06,177.17,-65.25,50.12
4,37.16,177.58,-65.48,49.95
4,37.26,177.99,-65.7,49.99
4,37.36,178.41,-65.93,49.96
4,37.46,178.82,-66.15,49.82
4,37.56,179.23,-66.38,49.99
4,37.66,179.64,-66.6,49.9
4,37.76,180.06,-66.83,50.03
4,37.86,180.47,-67.05,50.11
4,37.96,180.88,-67.28,49.78
4,38.06,181.29,-67.5,49.96
4,38.16,181.7,-67.73,50.05
4,38.26,182.11,-67.95,49.78
4,38.36,182.53,-68.18,50.13
4,38.46,182.94,-68.4,50.04
4,38.56,183.35,-68.63,50.11
4,38.66,183.76,-68.85,49.94
4,38.76,184.17,-69.08,49.96
4,38.86,184.58,-69.31,49.98
4,38.96,184.99,-69.53,50.21
4,39.07,185.4,-69.76,50.13
4,39.17,185.81,-69.98,50.01
4,39.27,186.22,-70.21,50.03
4,39.37,186.63,-70.44,50.06
4,39.47,187.04,-70.66,50.24
4,39.57,187.45,-70.89,50.04
4,39.67,187.86,-71.12,50.0
4,39.77,188.27,-71.34,49.97
4,39.87,188.68,-71.57,50.02
4,39.97,189.09,-71.8,49.94
4,40.07,189.5,-72.02,50.05
4,40.17,189.91,-72.25,49.86
4,40.27,190.32,-72.48,49.97
4,40.37,190.73,-72.7,50.07
4,40.47,191.14,-72.93,50.04
4,40.57,191.55,-73.16,49.95
4,40.67,191.96,-73.39,49.98
4,40.77,192.37,-73.61,50.1
4,40.87,192.78,-73.84,49.88
4,40.97,193.18,-74.07,49.88
4,41.07,193.59,-74.3,49.91
4,41.17,194.0,-74.52,50.0
4,41.27,194.41,-74.75,49.86
4,41.37,194.82,-74.98,50.1
4,41.47,195.23,-75.21,49.91
4,41.57,195.63,-75.43,50.02
4,41.67,196.04,-75.66,49.94
4,41.77,196.45,-75.89,49.99
4,41.87,196.86,-76.12,49.84
4,41.97,197.26,-76.35,50.1
4,42.07,197.67,-76.57,49.9
4,42.17,198.08,-76.8,49.89
4,42.27,198.49,-77.03,50.24
4,42.37,198.89,-77.26,50.06
4,42.47,199.3,-77.49,50.1
4,42.57,199.71,-77.72,50.05
4,42.67,200.12,-77.95,49.95
4,42.77,200.52,-78.18,49.87
4,42.87,200.93,-78.4,49.97
4,42.97,201.34,-78.63,49.9
4,43.07,201.74,-78.86,49.91
4,43.17,202.15,-79.09,49.84
4,43.27,202.55,-79.32,50.01
4,43.37,202.96,-79.55,50.16
4,43.47,203.37,-79.78,50.06
4,43.57,203.77,-80.01,49.99
4,43.67,204.18,-80.24,50.0
4,43.77,204.58,-80.47,49.7
4,43.87,204.99,-80.7,49.96
4,43.97,205.4,-80.93,49.86
4,44.07,205.8,-81.16,50.01
4,44.17,206.21,-81.39,49.97
4,44.27,206.61,-81.62,49.91
4,44.37,207.02,-81.85,50.01
4,44.47,207.42,-82.08,50.01
4,44.57,207.83,-82.31,50.15
4,44.67,208.23,-82.54,50.07
4,44.77,208.64,-82.77,50.02
4,44.87,209.04,-83.0,49.91
4,44.97,209.45,-83.23,49.89
4,45.08,209.85,-83.46,50.06
4,45.18,210.26,-83.69,49.98
4,45.28,210.66,-83.92,50.02
4,45.38,211.07,-84.15,50.1
4,45.48,211.47,-84.38,49.85
4,45.58,211.87,-84.61,50.14
4,45.68,212.28,-84.84,50.1
4,45.78,212.68,-85.07,49.79
4,45.88,213.09,-85.3,50.24
4,45.98,213.49,-85.53,50.03
4,46.08,213.89,-85.76,49.95
4,46.18,214.3,-85.99,50.05
4,46.28,214.7,-86.23,49.9
4,46.38,215.11,-86.46,50.05
4,46.48,215.51,-86.69,49.92
4,46.58,215.91,-86.92,50.2
4,46.68,216.32,-87.15,50.01
4,46.78,216.72,-87.38,50.06
4,46.88,217.12,-87.61,49.92
4,46.98,217.53,-87.84,50.08
4,47.08,217.93,-88.08,50.0
4,47.18,218.33,-88.31,49.86
4,47.28,218.73,-88.54,49.98
4,47.38,219.14,-88.77,50.19
4,47.48,219.54,-89.0,50.09
4,47.58,219.94,-89.23,49.96
4,47.68,220.35,-89.47,49.81
4,47.78,220.75,-89.7,49.92
4,47.88,221.15,-89.93,49.86
4,47.98,221.55,-90.16,49.82
4,48.08,221.95,-90.4,50.08
4,48.18,222.36,-90.63,50.01
4,48.28,222.76,-90.86,50.18
4,48.38,223.16,-91.09,49.9
4,48.48,223.56,-91.32,50.0
4,48.58,223.96,-91.56,49.86
4,48.68,224.37,-91.79,49.94
4,48.78,224.77,-92.02,49.98
4,48.88,225.17,-92.25,49.96
4,48.98,225.57,-92.49,50.01
4,49.08,225.97,-92.72,50.1
4,49.18,226.37,-92.95,50.09
4,49.28,226.77,-93.19,49.92
4,49.38,227.18,-93.42,50.0
4,49.48,227.58,-93.65,50.08
4,49.58,227.98,-93.88,50.1
4,49.68,228.38,-94.12,49.93
4,49.78,228.78,-94.35,50.07
4,49.88,229.18,-94.58,50.03
4,49.98,229.58,-94.82,49.89
4,50.08,229.98,-95.05,50.08
4,50.18,230.38,-95.28,50.02
4,50.28,230.78,-95.52,49.83
4,50.38,231.18,-95.75,49.97
4,50.48,231.58,-95.98,50.0
4,50.58,231.99,-96.22,49.94
4,50.68,232.39,-96.45,50.12
4,50.78,232.79,-96.68,50.13
4,50.88,233.19,-96.92,49.96
4,50.98,233.59,-97.15,49.95
4,51.09,233.99,-97.39,49.99
4,51.19,234.39,-97.62,49.98
4,51.29,234.79,-97.85,49.94
4,51.39,235.19,-98.09,49.63
4,51.49,235.58,-98.32,50.18
4,51.59,235.98,-98.55,50.0
4,51.69,236.38,-98.79,49.98
4,51.79,236.78,-99.02,50.03
4,51.89,237.18,-99.26,49.99
4,51.99,237.58,-99.49,49.96
4,52.09,237.98,-99.73,49.9
4,52.19,238.38,-99.96,49.82
4,52.29,238.78,-100.19,49.86
4,52.39,239.18,-100.43,49.89
4,52.49,239.58,-100.66,50.07
4,52.59,239.98,-100.9,50.07
4,52.69,240.38,-101.13,49.91
4,52.79,240.77,-101.37,49.73
4,52.89,241.17,-101.6,50.0
4,52.99,241.57,-101.84,49.96
4,53.09,241.97,-102.07,49.96
4,53.19,242.37,-102.31,50.1
4,53.29,242.77,-102.54,50.01
4,53.39,243.17,-102.78,49.9
4,53.49,243.56,-103.01,49.88
4,53.59,243.96,-103.25,49.97
4,53.69,244.36,-103.48,49.91
4,53.79,244.76,-103.72,49.99
4,53.89,245.16,-103.95,50.1
4,53.99,245.56,-104.19,49.86
4,54.09,245.95,-104.42,50.01
4,54.19,246.35,-104.66,50.09
4,54.29,246.75,-104.89,49.99
4,54.39,247.15,-105.13,50.07
4,54.49,247.55,-105.36,49.97
4,54.59,247.94,-105.6,50.02
4,54.69,248.34,-105.83,50.04
4,54.79,248.74,-106.07,49.94
4,54.89,249.14,-106.3,50.2
4,54.99,249.53,-106.54,50.06
4,55.09,249.93,-106.78,50.13
4,55.19,250.33,-107.01,50.11
4,55.29,250.72,-107.25,50.03
4,55.39,251.12,-107.48,50.14
4,55.49,251.52,-107.72,50.02
4,55.59,251.92,-107.95,49.93
4,55.69,252.31,-108.19,50.0
4,55.79,252.71,-108.43,49.9
4,55.89,253.11,-108.66,49.79
4,55.99,253.5,-108.9,49.91
4,56.09,253.9,-109.14,50.01
4,56.19,254.3,-109.37,50.11
4,56.29,254.69,-109.61,49.91
4,56.39,255.09,-109.84,50.1
4,56.49,255.49,-110.08,49.88
4,56.59,255.88,-110.32,49.91
4,56.69,256.28,-110.55,50.14
4,56.79,256.68,-110.79,50.0
4,56.89,257.07,-111.03,49.98
4,56.99,257.47,-111.26,50.02
4,57.1,257.86,-111.5,49.88
4,57.2,258.26,-111.74,49.97
4,57.3,258.66,-111.97,50.0
4,57.4,259.05,-112.21,50.12
4,57.5,259.45,-112.45,49.83
4,57.6,259.84,-112.68,50.18
4,57.7,260.24,-112.92,49.99
4,57.8,260.64,-113.16,49.89
4,57.9,261.03,-113.39,49.87
4,58.0,261.43,-113.63,50.03
4,58.1,261.82,-113.87,49.87
4,58.2,262.22,-114.1,49.94
4,58.3,262.61,-114.34,49.98
4,58.4,263.01,-114.58,50.11
4,58.5,263.41,-114.81,50.1
4,58.6,263.8,-115.05,49.94
4,58.7,264.2,-115.29,49.98
4,58.8,264.59,-115.53,49.84
4,58.9,264.99,-115.76,49.8
4,59.0,265.38,-116.0,49.88
4,59.1,265.78,-116.24,50.11
4,59.2,266.17,-116.48,50.08
4,59.3,266.57,-116.71,50.04
4,59.4,266.96,-116.95,49.85
4,59.5,267.36,-117.19,49.93
4,59.6,267.75,-117.43,49.91
4,59.7,268.15,-117.66,49.98
4,59.8,268.54,-117.9,49.98
4,59.9,268.93,-118.14,49.9
4,60.0,269.33,-118.38,50.03
5,0.0,0.0,0.0,0.0
5,0.1,1.15,-0.0,50.02
5,0.2,2.29,-0.0,50.05
5,0.3,3.42,-0.01,50.05
5,0.4,4.53,-0.01,49.98
5,0.5,5.63,-0.02,50.1
5,0.6,6.72,-0.02,49.89
5,0.7,7.79,-0.03,50.09
5,0.8,8.86,-0.04,49.97
5,0.9,9.91,-0.05,50.15
5,1.0,10.95,-0.05,50.06
5,1.1,11.98,-0.07,49.99
5,1.2,13.0,-0.08,49.98
5,1.3,14.01,-0.09,50.05
5,1.4,15.01,-0.1,50.05
5,1.5,15.99,-0.12,49.96
5,1.6,16.97,-0.13,50.01
5,1.7,17.94,-0.15,50.09
5,1.8,18.89,-0.16,49.86
5,1.9,19.84,-0.18,50.07
5,2.0,20.78,-0.2,50.05
5,2.1,21.71,-0.21,50.12
5,2.2,22.63,-0.23,49.93
5,2.3,23.54,-0.25,50.0
5,2.4,24.44,-0.27,50.02
5,2.5,25.34,-0.29,50.07
5,2.6,26.22,-0.31,50.04
5,2.7,27.1,-0.34,49.88
5,2.8,27.97,-0.36,50.03
5,2.9,28.83,-0.38,50.2
5,3.01,29.69,-0.41,50.06
5,3.11,30.53,-0.43,50.16
5,3.21,31.37,-0.46,50.1
5,3.31,32.2,-0.48,50.14
5,3.41,33.03,-0.51,50.03
5,3.51,33.84,-0.53,50.05
5,3.61,34.65,-0.56,50.03
5,3.71,35.46,-0.59,50.0
5,3.81,36.25,-0.62,50.07
5,3.91,37.04,-0.65,49.95
5,4.01,37.82,-0.68,50.19
5,4.11,38.6,-0.71,49.91
5,4.21,39.37,-0.74,50.08
5,4.31,40.13,-0.77,50.14
5,4.41,40.89,-0.8,49.98
5,4.51,41.64,-0.83,49.89
5,4.61,42.39,-0.86,50.12
5,4.71,43.13,-0.9,50.02
5,4.81,43.86,-0.93,50.08
5,4.91,44.59,-0.96,49.99
5,5.01,45.31,-1.0,50.17
5,5.11,46.02,-1.03,49.79
5,5.21,46.74,-1.07,50.04
5,5.31,47.44,-1.1,50.13
5,5.41,48.14,-1.14,50.01
5,5.51,48.84,-1.17,50.03
5,5.61,49.52,-1.21,49.96
5,5.71,50.21,-1.25,50.0
5,5.81,50.89,-1.28,49.83
5,5.91,51.56,-1.32,49.93
5,6.01,52.23,-1.36,49.92
5,6.11,52.9,-1.4,50.07
5,6.21,53.56,-1.44,49.94
5,6.31,54.21,-1.48,49.95
5,6.41,54.86,-1.51,49.96
5,6.51,55.51,-1.55,49.93
5,6.61,56.15,-1.59,50.03
5,6.71,56.78,-1.64,50.04
5,6.81,57.42,-1.68,50.08
5,6.91,58.04,-1.72,50.07
5,7.01,58.67,-1.76,50.06
5,7.11,59.29,-1.8,49.97
5,7.21,59.9,-1.84,49.96
5,7.31,60.51,-1.89,49.91
5,7.41,61.12,-1.93,49.91
5,7.51,61.72,-1.97,50.02
5,7.61,62.32,-2.01,49.93
5,7.71,62.92,-2.06,50.15
5,7.81,63.51,-2.1,50.0
5,7.91,64.09,-2.15,50.15
5,8.01,64.68,-2.19,50.06
5,8.11,65.26,-2.24,49.92
5,8.21,65.83,-2.28,49.99
5,8.31,66.41,-2.33,49.83
5,8.41,66.97,-2.37,50.02
5,8.51,67.54,-2.42,49.93
5,8.61,68.1,-2.46,49.89
5,8.71,68.66,-2.51,50.15
5,8.81,69.21,-2.56,50.1
5,8.91,69.76,-2.61,50.1
5,9.02,70.31,-2.65,50.08
5,9.12,70.86,-2.7,49.88
5,9.22,71.4,-2.75,49.96
5,9.32,71.93,-2.8,49.97
5,9.42,72.47,-2.84,49.83
5,9.52,73.0,-2.89,49.94
5,9.62,73.53,-2.94,49.95
5,9.72,74.05,-2.99,50.01
5,9.82,74.57,-3.04,50.25
5,9.92,75.09,-3.09,50.0
5,10.02,75.61,-3.14,50.01
5,10.12,76.12,-3.19,49.97
5,10.22,76.63,-3.24,50.07
5,10.32,77.14,-3.29,49.89
5,10.42,77.64,-3.34,50.19
5,10.52,78.14,-3.39,49.99
5,10.62,78.64,-3.44,49.96
5,10.72,79.14,-3.49,50.1
5,10.82,79.63,-3.55,49.91
5,10.92,80.12,-3.6,50.07
5,11.02,80.6,-3.65,50.14
5,11.12,81.09,-3.7,49.98
5,11.22,81.57,-3.75,50.21
5,11.32,82.05,-3.81,50.06
5,11.42,82.53,-3.86,50.07
5,11.52,83.0,-3.91,50.14
5,11.62,83.47,-3.97,50.16
5,11.72,83.94,-4.02,50.03
5,11.82,84.41,-4.07,50.08
5,11.92,84.87,-4.13,50.14
5,12.02,85.33,-4.18,49.88
5,12.12,85.79,-4.23,49.83
5,12.22,86.24,-4.29,49.99
5,12.32,86.7,-4.34,49.82
5,12.42,87.15,-4.4,49.97
5,12.52,87.6,-4.45,50.03
5,12.62,88.05,-4.51,49.97
5,12.72,88.49,-4.56,49.99
5,12.82,88.93,-4.62,49.9
5,12.92,89.37,-4.67,50.08
5,13.02,89.81,-4.73,49.89
5,13.12,90.25,-4.79,49.79
5,13.22,90.68,-4.84,49.98
5,13.32,91.11,-4.9,50.09
5,13.42,91.54,-4.95,50.01
5,13.52,91.97,-5.01,49.88
5,13.62,92.39,-5.07,50.01
5,13.72,92.81,-5.13,50.04
5,13.82,93.23,-5.18,50.01
5,13.92,93.65,-5.24,49.97
5,14.02,94.07,-5.3,50.05
5,14.12,94.48,-5.35,49.83
5,14.22,94.89,-5.41,49.91
5,14.32,95.3,-5.47,49.87
5,14.42,95.71,-5.53,50.13
5,14.52,96.12,-5.59,50.07
5,14.62,96.52,-5.64,50.02
5,14.72,96.92,-5.7,49.85
5,14.82,97.32,-5.76,50.07
5,14.92,97.72,-5.82,50.14
5,15.03,98.12,-5.88,50.06
5,15.13,98.51,-5.94,50.0
5,15.23,98.91,-6.0,50.06
5,15.33,99.3,-6.06,50.03
5,15.43,99.69,-6.12,50.09
5,15.53,100.07,-6.18,50.09
5,15.63,100.46,-6.24,49.98
5,15.73,100.84,-6.3,49.93
5,15.83,101.23,-6.36,49.96
5,15.93,101.61,-6.42,50.05
5,16.03,101.99,-6.48,49.97
5,16.13,102.36,-6.54,49.92
5,16.23,102.74,-6.6,50.0
5,16.33,103.11,-6.66,50.11
5,16.43,103.48,-6.72,50.01
5,16.53,103.85,-6.78,49.97
5,16.63,104.22,-6.84,50.03
5,16.73,104.59,-6.9,50.01
5,16.83,104.95,-6.96,49.81
5,16.93,105.32,-7.02,50.07
5,17.03,105.68,-7.09,50.04
5,17.13,106.04,-7.15,50.0
5,17.23,106.4,-7.21,50.11
5,17.33,106.75,-7.27,50.12
5,17.43,107.11,-7.33,50.08
5,17.53,107.46,-7.39,49.91
5,17.63,107.82,-7.46,49.92
5,17.73,108.17,-7.52,50.11
5,17.83,108.52,-7.58,49.81
5,17.93,108.87,-7.64,49.99
5,18.03,109.21,-7.71,50.04
5,18.13,109.56,-7.77,49.82
5,18.23,109.9,-7.83,50.02
5,18.33,110.24,-7.9,50.1
5,18.43,110.58,-7.96,49.85
5,18.53,110.92,-8.02,50.17
5,18.63,111.26,-8.09,49.9
5,18.73,111.6,-8.15,50.06
5,18.83,111.93,-8.21,49.99
5,18.93,112.27,-8.28,50.01
5,19.03,112.6,-8.34,49.87
5,19.13,112.93,-8.4,50.13
5,19.23,113.26,-8.47,50.03
5,19.33,113.59,-8.53,50.16
5,19.43,113.91,-8.6,49.87
5,19.53,114.24,-8.66,49.98
5,19.63,114.56,-8.73,50.02
5,19.73,114.89,-8.79,50.01
5,19.83,115.21,-8.85,50.07
5,19.93,115.53,-8.92,49.98
5,20.03,115.85,-8.98,50.21
5,20.13,116.16,-9.05,50.0
5,20.23,116.48,-9.11,49.71
5,20.33,116.8,-9.18,50.01
5,20.43,117.11,-9.24,50.13
5,20.53,117.42,-9.31,49.91
5,20.63,117.73,-9.37,49.9
5,20.73,118.04,-9.44,49.92
5,20.83,118.35,-9.51,49.89
5,20.93,118.66,-9.57,49.95
5,21.04,118.97,-9.64,50.09
5,21.14,119.27,-9.7,50.15
5,21.24,119.58,-9.77,49.76
5,21.34,119.88,-9.83,49.96
5,21.44,120.18,-9.9,50.03
5,21.54,120.48,-9.97,50.02
5,21.64,120.78,-10.03,50.19
5,21.74,121.08,-10.1,49.8
5,21.84,121.38,-10.17,49.74
5,21.94,121.68,-10.23,50.21
5,22.04,121.97,-10.3,50.08
5,22.14,122.26,-10.37,49.94
5,22.24,122.56,-10.43,50.02
5,22.34,122.85,-10.5,50.02
5,22.44,123.14,-10.57,49.94
5,22.54,123.43,-10.63,50.01
5,22.64,123.72,-10.7,50.04
5,22.74,124.0,-10.77,50.2
5,22.84,124.29,-10.84,50.1
5,22.94,124.58,-10.9,50.17
5,23.04,124.86,-10.97,49.87
5,23.14,125.14,-11.04,49.97
5,23.24,125.43,-11.11,50.02
5,23.34,125.71,-11.17,49.81
5,23.44,125.99,-11.24,50.12
5,23.54,126.27,-11.31,50.06
5,23.64,126.54,-11.38,49.96
5,23.74,126.82,-11.45,49.98
5,23.84,127.1,-11.51,50.13
5,23.94,127.37,-11.58,49.92
5,24.04,127.65,-11.65,50.13
5,24.14,127.92,-11.72,49.97
5,24.24,128.19,-11.79,50.08
5,24.34,128.46,-11.86,50.01
5,24.44,128.73,-11.92,50.22
5,24.54,129.0,-11.99,49.91
5,24.64,129.27,-12.06,49.94
5,24.74,129.54,-12.13,49.85
5,24.84,129.8,-12.2,49.89
5,24.94,130.07,-12.27,50.07
5,25.04,130.33,-12.34,50.16
5,25.14,130.6,-12.41,50.08
5,25.24,130.86,-12.47,50.0
5,25.34,131.12,-12.54,49.91
5,25.44,131.38,-12.61,50.09
5,25.54,131.64,-12.68,49.91
5,25.64,131.9,-12.75,49.87
5,25.74,132.16,-12.82,49.97
5,25.84,132.42,-12.89,49.8
5,25.94,132.67,-12.96,49.86
5,26.04,132.93,-13.03,50.19
5,26.14,133.18,-13.1,49.84
5,26.24,133.44,-13.17,49.88
5,26.34,133.69,-13.24,50.01
5,26.44,133.94,-13.31,50.01
5,26.54,134.19,-13.38,49.98
5,26.64,134.44,-13.45,49.8
5,26.74,134.69,-13.52,50.08
5,26.84,134.94,-13.59,49.96
5,26.94,135.19,-13.66,50.12
5,27.05,135.43,-13.73,49.94
5,27.15,135.68,-13.8,50.1
5,27.25,135.93,-13.87,50.13
5,27.35,136.17,-13.94,49.95
5,27.45,136.41,-14.01,50.09
5,27.55,136.66,-14.08,49.87
5,27.65,136.9,-14.15,50.03
5,27.75,137.14,-14.22,50.12
5,27.85,137.38,-14.3,50.05
5,27.95,137.62,-14.37,50.24
5,28.05,137.86,-14.44,50.06
5,28.15,138.1,-14.51,49.96
5,28.25,138.33,-14.58,50.28
5,28.35,138.57,-14.65,50.16
5,28.45,138.81,-14.72,49.84
5,28.55,139.04,-14.79,49.92
5,28.65,139.28,-14.86,49.9
5,28.75,139.51,-14.94,50.06
5,28.85,139.74,-15.01,50.06
5,28.95,139.97,-15.08,50.06
5,29.05,140.2,-15.15,49.84
5,29.15,140.44,-15.22,49.94
5,29.25,140.66,-15.29,49.99
5,29.35,140.89,-15.36,49.82
5,29.45,141.12,-15.44,49.91
5,29.55,141.35,-15.51,50.14
5,29.65,141.58,-15.58,49.84
5,29.75,141.8,-15.65,50.15
5,29.85,142.03,-15.72,50.11
5,29.95,142.25,-15.8,49.97
5,30.05,142.48,-15.87,49.94
5,30.15,142.7,-15.94,50.08
5,30.25,142.92,-16.01,49.92
5,30.35,143.14,-16.08,49.93
5,30.45,143.37,-16.16,50.0
5,30.55,143.59,-16.23,49.79
5,30.65,143.81,-16.3,49.86
5,30.75,144.02,-16.37,49.97
5,30.85,144.24,-16.45,50.05
5,30.95,144.46,-16.52,49.92
5,31.05,144.68,-16.59,49.98
5,31.15,144.89,-16.66,49.84
5,31.25,145.11,-16.74,50.09
5,31.35,145.33,-16.81,50.02
5,31.45,145.54,-16.88,50.03
5,31.55,145.75,-16.96,50.05
5,31.65,145.97,-17.03,50.01
5,31.75,146.18,-17.1,49.95
5,31.85,146.39,-17.17,50.11
5,31.95,146.6,-17.25,50.02
5,32.05,146.81,-17.32,49.98
5,32.15,147.02,-17.39,50.0
5,32.25,147.23,-17.47,50.0
5,32.35,147.44,-17.54,49.98
5,32.45,147.65,-17.61,50.04
5,32.55,147.86,-17.69,49.91
5,32.65,148.06,-17.76,49.91
5,32.75,148.27,-17.83,50.06
5,32.85,148.47,-17.91,49.99
5,32.95,148.68,-17.98,50.1
5,33.06,148.88,-18.05,50.04
5,33.16,149.09,-18.13,49.94
5,33.26,149.29,-18.2,50.06
5,33.36,149.49,-18.28,50.12
5,33.46,149.69,-18.35,50.04
5,33.56,149.9,-18.42,50.07
5,33.66,150.1,-18.5,49.98
5,33.76,150.3,-18.57,50.1
5,33.86,150.5,-18.64,49.94
5,33.96,150.7,-18.72,50.03
5,34.06,150.89,-18.79,50.26
5,34.16,151.09,-18.87,50.05
5,34.26,151.29,-18.94,49.96
5,34.36,151.49,-19.02,49.96
5,34.46,151.68,-19.09,49.99
5,34.56,151.88,-19.16,50.09
5,34.66,152.07,-19.24,50.01
5,34.76,152.27,-19.31,49.94
5,34.86,152.46,-19.39,49.93
5,34.96,152.65,-19.46,50.02
5,35.06,152.85,-19.54,50.0
5,35.16,153.04,-19.61,50.05
5,35.26,153.23,-19.68,50.09
5,35.36,153.42,-19.76,50.27
5,35.46,153.61,-19.83,49.85
5,35.56,153.8,-19.91,50.07
5,35.66,153.99,-19.98,50.01
5,35.76,154.18,-20.06,49.82
5,35.86,154.37,-20.13,50.12
5,35.96,154.56,-20.21,50.04
5,36.06,154.74,-20.28,50.08
5,36.16,154.93,-20.36,49.83
5,36.26,155.12,-20.43,49.98
5,36.36,155.3,-20.51,49.89
5,36.46,155.49,-20.58,50.22
5,36.56,155.67,-20.66,50.11
5,36.66,155.86,-20.73,49.93
5,36.76,156.04,-20.81,49.85
5,36.86,156.22,-20.88,50.02
5,36.96,156.41,-20.96,50.11
5,37.06,156.59,-21.03,49.83
5,37.16,156.77,-21.11,49.91
5,37.26,156.95,-21.18,49.89
5,37.36,157.13,-21.26,50.09
5,37.46,157.31,-21.33,49.96
5,37.56,157.49,-21.41,49.97
5,37.66,157.67,-21.49,50.02
5,37.76,157.85,-21.56,49.91
5,37.86,158.03,-21.64,49.86
5,37.96,158.21,-21.71,50.14
5,38.06,158.38,-21.79,50.15
5,38.16,158.56,-21.86,50.02
5,38.26,158.74,-21.94,50.03
5,38.36,158.91,-22.02,50.13
5,38.46,159.09,-22.09,50.02
5,38.56,159.26,-22.17,49.96
5,38.66,159.44,-22.24,50.0
5,38.76,159.61,-22.32,50.14
5,38.86,159.78,-22.39,50.01
5,38.96,159.96,-22.47,49.93
5,39.07,160.13,-22.55,50.01
5,39.17,160.3,-22.62,50.07
5,39.27,160.47,-22.7,50.05
5,39.37,160.64,-22.78,50.06
5,39.47,160.81,-22.85,49.92
5,39.57,160.98,-22.93,50.08
5,39.67,161.15,-23.0,50.0
5,39.77,161.32,-23.08,49.93
5,39.87,161.49,-23.16,50.08
5,39.97,161.66,-23.23,49.95
5,40.07,161.83,-23.31,49.84
5,40.17,162.0,-23.39,49.9
5,40.27,162.16,-23.46,49.98
5,40.37,162.33,-23.54,50.06
5,40.47,162.5,-23.61,49.91
5,40.57,162.66,-23.69,49.98
5,40.67,162.83,-23.77,49.88
5,40.77,162.99,-23.84,50.1
5,40.87,163.16,-23.92,50.17
5,40.97,163.32,-24.0,50.16
5,41.07,163.48,-24.07,50.1
5,41.17,163.65,-24.15,50.09
5,41.27,163.81,-24.23,49.79
5,41.37,163.97,-24.3,50.02
5,41.47,164.13,-24.38,49.95
5,41.57,164.29,-24.46,50.09
5,41.67,164.46,-24.54,49.75
5,41.77,164.62,-24.61,50.02
5,41.87,164.78,-24.69,49.98
5,41.97,164.94,-24.77,50.11
5,42.07,165.1,-24.84,50.15
5,42.17,165.25,-24.92,49.91
5,42.27,165.41,-25.0,49.91
5,42.37,165.57,-25.07,50.02
5,42.47,165.73,-25.15,50.17
5,42.57,165.89,-25.23,50.01
5,42.67,166.04,-25.31,49.87
5,42.77,166.2,-25.38,49.94
5,42.87,166.36,-25.46,50.02
5,42.97,166.51,-25.54,50.02
5,43.07,166.67,-25.62,49.93
5,43.17,166.82,-25.69,49.94
5,43.27,166.98,-25.77,49.9
5,43.37,167.13,-25.85,50.11
5,43.47,167.28,-25.92,49.92
5,43.57,167.44,-26.0,49.95
5,43.67,167.59,-26.08,49.95
5,43.77,167.74,-26.16,49.84
5,43.87,167.9,-26.23,49.91
5,43.97,168.05,-26.31,50.12
5,44.07,168.2,-26.39,49.88
5,44.17,168.35,-26.47,49.9
5,44.27,168.5,-26.55,49.87
5,44.37,168.65,-26.62,49.99
5,44.47,168.8,-26.7,50.19
5,44.57,168.95,-26.78,49.99
5,44.67,169.1,-26.86,50.01
5,44.77,169.25,-26.93,49.92
5,44.87,169.4,-27.01,49.99
5,44.97,169.54,-27.09,50.12
5,45.08,169.69,-27.17,50.01
5,45.18,169.84,-27.25,50.21
5,45.28,169.99,-27.32,50.13
5,45.38,170.13,-27.4,49.99
5,45.48,170.28,-27.48,49.99
5,45.58,170.43,-27.56,50.16
5,45.68,170.57,-27.64,50.01
5,45.78,170.72,-27.71,50.14
5,45.88,170.86,-27.79,50.2
5,45.98,171.01,-27.87,49.98
5,46.08,171.15,-27.95,50.04
5,46.18,171.29,-28.03,50.1
5,46.28,171.44,-28.11,50.08
5,46.38,171.58,-28.18,50.08
5,46.48,171.72,-28.26,49.87
5,46.58,171.86,-28.34,49.92
5,46.68,172.01,-28.42,49.95
5,46.78,172.15,-28.5,50.12
5,46.88,172.29,-28.58,49.88
5,46.98,172.43,-28.65,50.15
5,47.08,172.57,-28.73,50.08
5,47.18,172.71,-28.81,50.12
5,47.28,172.85,-28.89,49.91
5,47.38,172.99,-28.97,50.01
5,47.48,173.13,-29.05,50.03
5,47.58,173.27,-29.12,50.03
5,47.68,173.41,-29.2,50.03
5,47.78,173.55,-29.28,49.97
5,47.88,173.68,-29.36,50.01
5,47.98,173.82,-29.44,50.1
5,48.08,173.96,-29.52,49.88
5,48.18,174.1,-29.6,50.15
5,48.28,174.23,-29.68,50.1
5,48.38,174.37,-29.75,49.9
5,48.48,174.51,-29.83,50.04
5,48.58,174.64,-29.91,50.09
5,48.68,174.78,-29.99,49.88
5,48.78,174.91,-30.07,50.0
5,48.88,175.05,-30.15,49.99
5,48.98,175.18,-30.23,49.94
5,49.08,175.31,-30.31,50.01
5,49.18,175.45,-30.39,49.94
5,49.28,175.58,-30.46,50.14
5,49.38,175.71,-30.54,49.94
5,49.48,175.85,-30.62,50.08
5,49.58,175.98,-30.7,49.83
5,49.68,176.11,-30.78,49.98
5,49.78,176.24,-30.86,50.0
5,49.88,176.38,-30.94,49.98
5,49.98,176.51,-31.02,49.96
5,50.08,176.64,-31.1,49.93
5,50.18,176.77,-31.18,50.08
5,50.28,176.9,-31.26,50.1
5,50.38,177.03,-31.33,49.99
5,50.48,177.16,-31.41,49.89
5,50.58,177.29,-31.49,50.18
5,50.68,177.42,-31.57,49.91
5,50.78,177.55,-31.65,49.85
5,50.88,177.67,-31.73,49.8
5,50.98,177.8,-31.81,50.01
5,51.09,177.93,-31.89,49.98
5,51.19,178.06,-31.97,50.1
5,51.29,178.19,-32.05,50.06
5,51.39,178.31,-32.13,50.03
5,51.49,178.44,-32.21,49.97
5,51.59,178.57,-32.29,50.11
5,51.69,178.69,-32.37,50.19
5,51.79,178.82,-32.45,50.1
5,51.89,178.94,-32.53,49.95
5,51.99,179.07,-32.61,50.08
5,52.09,179.19,-32.69,49.96
5,52.19,179.32,-32.77,49.89
5,52.29,179.44,-32.85,49.91
5,52.39,179.57,-32.92,49.96
5,52.49,179.69,-33.0,50.01
5,52.59,179.81,-33.08,50.21
5,52.69,179.94,-33.16,49.91
5,52.79,180.06,-33.24,50.13
5,52.89,180.18,-33.32,49.97
5,52.99,180.31,-33.4,49.8
5,53.09,180.43,-33.48,49.95
5,53.19,180.55,-33.56,50.12
5,53.29,180.67,-33.64,50.03
5,53.39,180.79,-33.72,50.04
5,53.49,180.91,-33.8,50.13
5,53.59,181.03,-33.88,49.9
5,53.69,181.16,-33.96,49.89
5,53.79,181.28,-34.04,49.77
5,53.89,181.4,-34.12,50.09
5,53.99,181.52,-34.2,50.06
5,54.09,181.63,-34.28,50.07
5,54.19,181.75,-34.36,49.88
5,54.29,181.87,-34.44,49.84
5,54.39,181.99,-34.52,49.87
5,54.49,182.11,-34.6,49.91
5,54.59,182.23,-34.68,50.16
5,54.69,182.35,-34.76,50.1
5,54.79,182.46,-34.84,49.95
5,54.89,182.58,-34.92,50.03
5,54.99,182.7,-35.0,49.93
5,55.09,182.81,-35.09,50.04
5,55.19,182.93,-35.17,49.89
5,55.29,183.05,-35.25,50.08
5,55.39,183.16,-35.33,49.92
5,55.49,183.28,-35.41,50.08
5,55.59,183.39,-35.49,49.96
5,55.69,183.51,-35.57,49.92
5,55.79,183.63,-35.65,50.16
5,55.89,183.74,-35.73,50.02
5,55.99,183.85,-35.81,49.97
5,56.09,183.97,-35.89,50.08
5,56.19,184.08,-35.97,49.87
5,56.29,184.2,-36.05,50.11
5,56.39,184.31,-36.13,49.99
5,56.49,184.42,-36.21,50.06
5,56.59,184.54,-36.29,49.85
5,56.69,184.65,-36.37,49.96
5,56.79,184.76,-36.45,50.0
5,56.89,184.87,-36.53,50.1
5,56.99,184.99,-36.61,50.07
5,57.1,185.1,-36.69,49.96
5,57.2,185.21,-36.78,50.03
5,57.3,185.32,-36.86,50.13
5,57.4,185.43,-36.94,49.98
5,57.5,185.54,-37.02,49.97
5,57.6,185.65,-37.1,49.81
5,57.7,185.76,-37.18,49.97
5,57.8,185.87,-37.26,49.83
5,57.9,185.98,-37.34,49.99
5,58.0,186.09,-37.42,50.1
5,58.1,186.2,-37.5,49.79
5,58.2,186.31,-37.58,50.12
5,58.3,186.42,-37.66,49.97
5,58.4,186.53,-37.74,50.0
5,58.5,186.64,-37.83,49.95
5,58.6,186.74,-37.91,49.83
5,58.7,186.85,-37.99,49.92
5,58.8,186.96,-38.07,50.21
5,58.9,187.07,-38.15,49.89
5,59.0,187.17,-38.23,49.84
5,59.1,187.28,-38.31,50.01
5,59.2,187.39,-38.39,49.99
5,59.3,187.49,-38.47,49.97
5,59.4,187.6,-38.55,50.0
5,59.5,187.71,-38.64,50.06
5,59.6,187.81,-38.72,49.94
5,59.7,187.92,-38.8,50.02
5,59.8,188.02,-38.88,50.1
5,59.9,188.13,-38.96,49.9
5,60.0,188.23,-39.04,49.77
6,0.0,0.0,0.0,0.0
6,0.1,0.79,-0.0,50.0
6,0.2,1.58,-0.0,50.02
6,0.3,2.35,-0.0,49.97
6,0.4,3.12,-0.0,50.16
6,0.5,3.88,-0.0,49.99
6,0.6,4.64,-0.0,49.98
6,0.7,5.39,-0.0,50.09
6,0.8,6.13,-0.01,49.95
6,0.9,6.86,-0.01,49.87
6,1.0,7.59,-0.01,50.09
6,1.1,8.31,-0.01,49.94
6,1.2,9.03,-0.01,49.9
6,1.3,9.74,-0.01,50.21
6,1.4,10.44,-0.02,49.98
6,1.5,11.14,-0.02,50.05
6,1.6,11.83,-0.02,50.0
6,1.7,12.52,-0.02,49.91
6,1.8,13.2,-0.03,50.07
6,1.9,13.87,-0.03,50.03
6,2.0,14.54,-0.03,49.93
6,2.1,15.21,-0.03,50.04
6,2.2,15.86,-0.04,49.95
6,2.3,16.52,-0.04,49.89
6,2.4,17.16,-0.04,49.88
6,2.5,17.81,-0.05,50.03
6,2.6,18.44,-0.05,49.96
6,2.7,19.08,-0.05,50.15
6,2.8,19.71,-0.06,50.0
6,2.9,20.33,-0.06,49.92
6,3.01,20.95,-0.06,50.02
6,3.11,21.56,-0.07,49.87
6,3.21,22.17,-0.07,49.99
6,3.31,22.77,-0.08,50.03
6,3.41,23.37,-0.08,50.02
6,3.51,23.97,-0.09,50.13
6,3.61,24.56,-0.09,50.26
6,3.71,25.15,-0.09,50.07
6,3.81,25.73,-0.1,50.12
6,3.91,26.31,-0.1,50.25
6,4.01,26.88,-0.11,49.9
6,4.11,27.45,-0.11,50.01
6,4.21,28.02,-0.12,49.95
6,4.31,28.58,-0.12,50.08
6,4.41,29.14,-0.13,50.03
6,4.51,29.7,-0.13,49.92
6,4.61,30.25,-0.14,50.0
6,4.71,30.79,-0.14,50.1
6,4.81,31.34,-0.15,49.87
6,4.91,31.88,-0.16,49.92
6,5.01,32.41,-0.16,49.91
6,5.11,32.95,-0.17,50.03
6,5.21,33.48,-0.17,50.12
6,5.31,34.0,-0.18,49.8
6,5.41,34.52,-0.18,50.01
6,5.51,35.04,-0.19,49.91
6,5.61,35.56,-0.2,50.1
6,5.71,36.07,-0.2,49.98
6,5.81,36.58,-0.21,50.01
6,5.91,37.09,-0.22,50.0
6,6.01,37.59,-0.22,50.11
6,6.11,38.09,-0.23,50.2
6,6.21,38.58,-0.23,49.89
6,6.31,39.08,-0.24,49.9
6,6.41,39.57,-0.25,50.03
6,6.51,40.05,-0.25,49.92
6,6.61,40.54,-0.26,50.09
6,6.71,41.02,-0.27,50.11
6,6.81,41.5,-0.27,49.95
6,6.91,41.97,-0.28,49.92
6,7.01,42.45,-0.29,49.97
6,7.11,42.92,-0.3,50.01
6,7.21,43.38,-0.3,50.03
6,7.31,43.85,-0.31,49.77
6,7.41,44.31,-0.32,49.9
6,7.51,44.77,-0.32,49.96
6,7.61,45.23,-0.33,49.92
6,7.71,45.68,-0.34,49.71
6,7.81,46.13,-0.35,49.81
6,7.91,46.58,-0.35,49.87
6,8.01,47.03,-0.36,49.99
6,8.11,47.47,-0.37,49.96
6,8.21,47.91,-0.38,49.94
6,8.31,48.35,-0.38,50.08
6,8.41,48.78,-0.39,50.08
6,8.51,49.22,-0.4,50.01
6,8.61,49.65,-0.41,50.01
6,8.71,50.08,-0.42,49.91
6,8.81,50.51,-0.42,49.93
6,8.91,50.93,-0.43,49.83
6,9.02,51.35,-0.44,49.97
6,9.12,51.77,-0.45,50.08
6,9.22,52.19,-0.46,50.14
6,9.32,52.6,-0.46,49.98
6,9.42,53.02,-0.47,50.05
6,9.52,53.43,-0.48,49.71
6,9.62,53.84,-0.49,49.96
6,9.72,54.24,-0.5,49.95
6,9.82,54.65,-0.51,50.15
6,9.92,55.05,-0.52,50.04
6,10.02,55.45,-0.52,50.05
6,10.12,55.85,-0.53,50.04
6,10.22,56.25,-0.54,50.0
6,10.32,56.64,-0.55,50.15
6,10.42,57.03,-0.56,49.77
6,10.52,57.42,-0.57,50.01
6,10.62,57.81,-0.58,50.11
6,10.72,58.2,-0.58,49.81
6,10.82,58.58,-0.59,50.08
6,10.92,58.97,-0.6,49.92
6,11.02,59.35,-0.61,50.01
6,11.12,59.73,-0.62,49.92
6,11.22,60.1,-0.63,50.1
6,11.32,60.48,-0.64,49.97
6,11.42,60.85,-0.65,50.08
6,11.52,61.22,-0.66,50.04
6,11.62,61.59,-0.67,49.92
6,11.72,61.96,-0.68,50.05
6,11.82,62.33,-0.68,49.93
6,11.92,62.69,-0.69,50.01
6,12.02,63.05,-0.7,49.97
6,12.12,63.42,-0.71,50.09
6,12.22,63.78,-0.72,50.05
6,12.32,64.13,-0.73,50.0
6,12.42,64.49,-0.74,49.93
6,12.52,64.84,-0.75,49.87
6,12.62,65.2,-0.76,50.01
6,12.72,65.55,-0.77,49.94
6,12.82,65.9,-0.78,49.81
6,12.92,66.25,-0.79,49.87
6,13.02,66.59,-0.8,50.16
6,13.12,66.94,-0.81,49.93
6,13.22,67.28,-0.82,50.11
6,13.32,67.62,-0.83,49.96
6,13.42,67.96,-0.84,50.12
6,13.52,68.3,-0.85,50.12
6,13.62,68.64,-0.86,49.92
6,13.72,68.97,-0.87,49.8
6,13.82,69.31,-0.88,49.81
6,13.92,69.64,-0.89,49.92
6,14.02,69.97,-0.9,50.19
6,14.12,70.3,-0.91,49.96
6,14.22,70.63,-0.92,50.01
6,14.32,70.96,-0.93,50.13
6,14.42,71.28,-0.94,50.01
6,14.52,71.61,-0.95,50.01
6,14.62,71.93,-0.96,50.06
6,14.72,72.25,-0.97,50.03
6,14.82,72.57,-0.98,49.99
6,14.92,72.89,-0.99,49.93
6,15.03,73.21,-1.0,50.01
6,15.13,73.52,-1.01,50.11
6,15.23,73.84,-1.02,50.18
6,15.33,74.15,-1.03,50.03
6,15.43,74.46,-1.04,50.08
6,15.53,74.78,-1.05,50.03
6,15.63,75.08,-1.06,49.99
6,15.73,75.39,-1.07,50.05
6,15.83,75.7,-1.08,50.12
6,15.93,76.01,-1.09,49.91
6,16.03,76.31,-1.1,49.85
6,16.13,76.61,-1.11,49.95
6,16.23,76.92,-1.12,50.02
6,16.33,77.22,-1.14,50.09
6,16.43,77.52,-1.15,49.9
6,16.53,77.81,-1.16,49.75
6,16.63,78.11,-1.17,49.95
6,16.73,78.41,-1.18,49.98
6,16.83,78.7,-1.19,49.88
6,16.93,79.0,-1.2,49.92
6,17.03,79.29,-1.21,50.09
6,17.13,79.58,-1.22,50.01
6,17.23,79.87,-1.23,50.03
6,17.33,80.16,-1.24,49.96
6,17.43,80.45,-1.25,49.92
6,17.53,80.74,-1.27,49.96
6,17.63,81.02,-1.28,50.05
6,17.73,81.31,-1.29,49.85
6,17.83,81.59,-1.3,50.17
6,17.93,81.87,-1.31,50.06
6,18.03,82.15,-1.32,49.95
6,18.13,82.43,-1.33,50.08
6,18.23,82.71,-1.34,50.12
6,18.33,82.99,-1.35,49.97
6,18.43,83.27,-1.37,49.98
6,18.53,83.54,-1.38,50.15
6,18.63,83.82,-1.39,50.21
6,18.73,84.09,-1.4,50.0
6,18.83,84.37,-1.41,49.88
6,18.93,84.64,-1.42,49.95
6,19.03,84.91,-1.43,50.1
6,19.13,85.18,-1.44,49.9
6,19.23,85.45,-1.46,49.98
6,19.33,85.72,-1.47,50.03
6,19.43,85.98,-1.48,49.91
6,19.53,86.25,-1.49,50.11
6,19.63,86.52,-1.5,50.07
6,19.73,86.78,-1.51,50.2
6,19.83,87.04,-1.52,50.08
6,19.93,87.31,-1.54,49.9
6,20.03,87.57,-1.55,50.05
6,20.13,87.83,-1.56,50.1
6,20.23,88.09,-1.57,50.1
6,20.33,88.35,-1.58,49.92
6,20.43,88.6,-1.59,49.91
6,20.53,88.86,-1.6,49.89
6,20.63,89.12,-1.62,50.16
6,20.73,89.37,-1.63,50.06
6,20.83,89.63,-1.64,49.92
6,20.93,89.88,-1.65,50.01
6,21.04,90.13,-1.66,49.99
6,21.14,90.38,-1.67,49.9
6,21.24,90.63,-1.69,50.0
6,21.34,90.88,-1.7,50.02
6,21.44,91.13,-1.71,50.19
6,21.54,91.38,-1.72,49.93
6,21.64,91.63,-1.73,49.83
6,21.74,91.87,-1.75,49.9
6,21.84,92.12,-1.76,49.91
6,21.94,92.36,-1.77,49.96
6,22.04,92.61,-1.78,49.9
6,22.14,92.85,-1.79,50.08
6,22.24,93.09,-1.8,49.89
6,22.34,93.33,-1.82,50.0
6,22.44,93.57,-1.83,50.2
6,22.54,93.81,-1.84,50.06
6,22.64,94.05,-1.85,50.05
6,22.74,94.29,-1.86,50.19
6,22.84,94.53,-1.88,50.12
6,22.94,94.76,-1.89,50.06
6,23.04,95.0,-1.9,49.97
6,23.14,95.23,-1.91,50.0
6,23.24,95.47,-1.93,49.99
6,23.34,95.7,-1.94,49.96
6,23.44,95.94,-1.95,50.02
6,23.54,96.17,-1.96,50.04
6,23.64,96.4,-1.97,49.88
6,23.74,96.63,-1.99,50.16
6,23.84,96.86,-2.0,50.04
6,23.94,97.09,-2.01,49.97
6,24.04,97.32,-2.02,50.02
6,24.14,97.54,-2.03,50.09
6,24.24,97.77,-2.05,49.85
6,24.34,98.0,-2.06,49.99
6,24.44,98.22,-2.07,49.88
6,24.54,98.45,-2.08,50.27
6,24.64,98.67,-2.1,50.01
6,24.74,98.89,-2.11,49.88
6,24.84,99.11,-2.12,50.36
6,24.94,99.34,-2.13,49.95
6,25.04,99.56,-2.15,49.98
6,25.14,99.78,-2.16,49.99
6,25.24,100.0,-2.17,49.92
6,25.34,100.22,-2.18,50.02
6,25.44,100.43,-2.2,49.78
6,25.54,100.65,-2.21,50.11
6,25.64,100.87,-2.22,49.89
6,25.74,101.09,-2.23,49.96
6,25.84,101.3,-2.25,50.08
6,25.94,101.52,-2.26,49.98
6,26.04,101.73,-2.27,49.98
6,26.14,101.94,-2.28,49.9
6,26.24,102.16,-2.3,50.21
6,26.34,102.37,-2.31,50.05
6,26.44,102.58,-2.32,49.89
6,26.54,102.79,-2.33,50.02
6,26.64,103.0,-2.35,49.88
6,26.74,103.21,-2.36,50.17
6,26.84,103.42,-2.37,50.02
6,26.94,103.63,-2.38,49.9
6,27.05,103.84,-2.4,50.07
6,27.15,104.04,-2.41,49.97
6,27.25,104.25,-2.42,49.87
6,27.35,104.46,-2.43,50.04
6,27.45,104.66,-2.45,50.04
6,27.55,104.87,-2.46,50.11
6,27.65,105.07,-2.47,50.01
6,27.75,105.28,-2.49,50.01
6,27.85,105.48,-2.5,50.02
6,27.95,105.68,-2.51,50.16
6,28.05,105.88,-2.52,49.97
6,28.15,106.08,-2.54,50.05
6,28.25,106.28,-2.55,50.06
6,28.35,106.48,-2.56,50.03
6,28.45,106.68,-2.57,49.97
6,28.55,106.88,-2.59,50.01
6,28.65,107.08,-2.6,49.99
6,28.75,107.28,-2.61,50.2
6,28.85,107.48,-2.63,49.95
6,28.95,107.67,-2.64,49.91
6,29.05,107.87,-2.65,50.0
6,29.15,108.06,-2.66,49.99
6,29.25,108.26,-2.68,50.02
6,29.35,108.45,-2.69,49.95
6,29.45,108.65,-2.7,50.01
6,29.55,108.84,-2.72,50.01
6,29.65,109.03,-2.73,50.09
6,29.75,109.23,-2.74,50.01
6,29.85,109.42,-2.76,50.01
6,29.95,109.61,-2.77,50.05
6,30.05,109.8,-2.78,50.09
6,30.15,109.99,-2.79,49.9
6,30.25,110.18,-2.81,49.87
6,30.35,110.37,-2.82,50.17
6,30.45,110.56,-2.83,50.07
6,30.55,110.74,-2.85,49.98
6,30.65,110.93,-2.86,50.0
6,30.75,111.12,-2.87,49.96
6,30.85,111.3,-2.89,50.02
6,30.95,111.49,-2.9,49.9
6,31.05,111.68,-2.91,50.08
6,31.15,111.86,-2.93,50.02
6,31.25,112.04,-2.94,50.02
6,31.35,112.23,-2.95,49.91
6,31.45,112.41,-2.97,50.05
6,31.55,112.59,-2.98,49.91
6,31.65,112.78,-2.99,49.93
6,31.75,112.96,-3.0,50.01
6,31.85,113.14,-3.02,50.25
6,31.95,113.32,-3.03,50.02
6,32.05,113.5,-3.04,49.74
6,32.15,113.68,-3.06,49.94
6,32.25,113.86,-3.07,50.07
6,32.35,114.04,-3.08,49.89
6,32.45,114.22,-3.1,50.08
6,32.55,114.4,-3.11,50.02
6,32.65,114.57,-3.12,50.1
6,32.75,114.75,-3.14,49.94
6,32.85,114.93,-3.15,49.94
6,32.95,115.1,-3.16,50.06
6,33.06,115.28,-3.18,50.0
6,33.16,115.45,-3.19,49.99
6,33.26,115.63,-3.2,50.16
6,33.36,115.8,-3.22,50.06
6,33.46,115.98,-3.23,49.8
6,33.56,116.15,-3.24,50.08
6,33.66,116.32,-3.26,50.07
6,33.76,116.5,-3.27,50.12
6,33.86,116.67,-3.28,49.91
6,33.96,116.84,-3.3,50.03
6,34.06,117.01,-3.31,50.01
6,34.16,117.18,-3.33,49.9
6,34.26,117.35,-3.34,50.09
6,34.36,117.52,-3.35,49.98
6,34.46,117.69,-3.37,50.12
6,34.56,117.86,-3.38,49.93
6,34.66,118.03,-3.39,49.85
6,34.76,118.19,-3.41,49.98
6,34.86,118.36,-3.42,50.02
6,34.96,118.53,-3.43,49.95
6,35.06,118.7,-3.45,49.69
6,35.16,118.86,-3.46,50.04
6,35.26,119.03,-3.47,50.04
6,35.36,119.19,-3.49,50.07
6,35.46,119.36,-3.5,49.96
6,35.56,119.52,-3.51,49.96
6,35.66,119.69,-3.53,50.14
6,35.76,119.85,-3.54,49.84
6,35.86,120.02,-3.56,49.98
6,35.96,120.18,-3.57,50.01
6,36.06,120.34,-3.58,50.06
6,36.16,120.5,-3.6,50.02
6,36.26,120.66,-3.61,49.91
6,36.36,120.83,-3.62,50.12
6,36.46,120.99,-3.64,50.0
6,36.56,121.15,-3.65,49.83
6,36.66,121.31,-3.66,50.02
6,36.76,121.47,-3.68,50.05
6,36.86,121.63,-3.69,50.2
6,36.96,121.79,-3.71,50.04
6,37.06,121.94,-3.72,49.85
6,37.16,122.1,-3.73,49.86
6,37.26,122.26,-3.75,50.13
6,37.36,122.42,-3.76,49.92
6,37.46,122.58,-3.77,49.85
6,37.56,122.73,-3.79,50.1
6,37.66,122.89,-3.8,49.95
6,37.76,123.04,-3.82,50.09
6,37.86,123.2,-3.83,49.91
6,37.96,123.36,-3.84,50.15
6,38.06,123.51,-3.86,50.09
6,38.16,123.66,-3.87,49.93
6,38.26,123.82,-3.88,49.83
6,38.36,123.97,-3.9,50.23
6,38.46,124.13,-3.91,49.98
6,38.56,124.28,-3.93,49.92
6,38.66,124.43,-3.94,50.14
6,38.76,124.58,-3.95,50.09
6,38.86,124.73,-3.97,50.12
6,38.96,124.89,-3.98,49.99
6,39.07,125.04,-4.0,50.19
6,39.17,125.19,-4.01,49.87
6,39.27,125.34,-4.02,49.94
6,39.37,125.49,-4.04,50.04
6,39.47,125.64,-4.05,50.12
6,39.57,125.79,-4.06,50.07
6,39.67,125.94,-4.08,49.99
6,39.77,126.09,-4.09,49.95
6,39.87,126.23,-4.11,50.12
6,39.97,126.38,-4.12,50.08
6,40.07,126.53,-4.13,49.91
6,40.17,126.68,-4.15,49.91
6,40.27,126.82,-4.16,49.95
6,40.37,126.97,-4.18,49.93
6,40.47,127.12,-4.19,50.1
6,40.57,127.26,-4.2,50.04
6,40.67,127.41,-4.22,50.06
6,40.77,127.55,-4.23,50.02
6,40.87,127.7,-4.25,50.02
6,40.97,127.84,-4.26,49.84
6,41.07,127.99,-4.27,50.08
6,41.17,128.13,-4.29,49.94
6,41.27,128.27,-4.3,50.0
6,41.37,128.42,-4.32,49.95
6,41.47,128.56,-4.33,50.01
6,41.57,128.7,-4.34,50.06
6,41.67,128.85,-4.36,49.9
6,41.77,128.99,-4.37,50.03
6,41.87,129.13,-4.39,49.96
6,41.97,129.27,-4.4,50.13
6,42.07,129.41,-4.41,49.89
6,42.17,129.55,-4.43,49.9
6,42.27,129.69,-4.44,49.96
6,42.37,129.83,-4.46,49.91
6,42.47,129.97,-4.47,49.98
6,42.57,130.11,-4.49,49.95
6,42.67,130.25,-4.5,50.01
6,42.77,130.39,-4.51,50.1
6,42.87,130.53,-4.53,50.01
6,42.97,130.67,-4.54,50.02
6,43.07,130.8,-4.56,49.89
6,43.17,130.94,-4.57,49.99
6,43.27,131.08,-4.58,49.96
6,43.37,131.22,-4.6,50.07
6,43.47,131.35,-4.61,49.92
6,43.57,131.49,-4.63,49.91
6,43.67,131.62,-4.64,50.03
6,43.77,131.76,-4.66,50.2
6,43.87,131.9,-4.67,49.98
6,43.97,132.03,-4.68,50.02
6,44.07,132.17,-4.7,50.09
6,44.17,132.3,-4.71,50.05
6,44.27,132.43,-4.73,50.05
6,44.37,132.57,-4.74,49.99
6,44.47,132.7,-4.76,49.99
6,44.57,132.84,-4.77,49.92
6,44.67,132.97,-4.78,50.05
6,44.77,133.1,-4.8,50.05
6,44.87,133.23,-4.81,50.07
6,44.97,133.37,-4.83,49.95
6,45.08,133.5,-4.84,50.08
6,45.18,133.63,-4.85,50.11
6,45.28,133.76,-4.87,49.88
6,45.38,133.89,-4.88,49.97
6,45.48,134.02,-4.9,50.12
6,45.58,134.15,-4.91,49.94
6,45.68,134.28,-4.93,50.05
6,45.78,134.41,-4.94,50.0
6,45.88,134.54,-4.96,50.03
6,45.98,134.67,-4.97,50.0
6,46.08,134.8,-4.98,50.07
6,46.18,134.93,-5.0,49.9
6,46.28,135.06,-5.01,49.91
6,46.38,135.19,-5.03,50.15
6,46.48,135.31,-5.04,50.21
6,46.58,135.44,-5.06,50.0
6,46.68,135.57,-5.07,50.17
6,46.78,135.7,-5.08,49.92
6,46.88,135.82,-5.1,49.95
6,46.98,135.95,-5.11,50.15
6,47.08,136.08,-5.13,50.08
6,47.18,136.2,-5.14,50.16
6,47.28,136.33,-5.16,50.05
6,47.38,136.45,-5.17,49.9
6,47.48,136.58,-5.19,50.02
6,47.58,136.71,-5.2,50.12
6,47.68,136.83,-5.21,49.99
6,47.78,136.95,-5.23,49.97
6,47.88,137.08,-5.24,50.05
6,47.98,137.2,-5.26,49.94
6,48.08,137.33,-5.27,50.03
6,48.18,137.45,-5.29,50.01
6,48.28,137.57,-5.3,49.95
6,48.38,137.7,-5.32,50.1
6,48.48,137.82,-5.33,50.06
6,48.58,137.94,-5.34,49.96
6,48.68,138.06,-5.36,50.0
6,48.78,138.19,-5.37,49.97
6,48.88,138.31,-5.39,49.94
6,48.98,138.43,-5.4,49.83
6,49.08,138.55,-5.42,49.95
6,49.18,138.67,-5.43,49.94
6,49.28,138.79,-5.45,50.01
6,49.38,138.91,-5.46,50.04
6,49.48,139.03,-5.48,49.92
6,49.58,139.15,-5.49,50.04
6,49.68,139.27,-5.5,49.9
6,49.78,139.39,-5.52,49.99
6,49.88,139.51,-5.53,49.94
6,49.98,139.63,-5.55,50.07
6,50.08,139.75,-5.56,50.01
6,50.18,139.87,-5.58,49.99
6,50.28,139.99,-5.59,49.94
6,50.38,140.1,-5.61,49.97
6,50.48,140.22,-5.62,50.18
6,50.58,140.34,-5.64,49.95
6,50.68,140.46,-5.65,50.05
6,50.78,140.57,-5.66,49.99
6,50.88,140.69,-5.68,50.05
6,50.98,140.81,-5.69,50.08
6,51.09,140.92,-5.71,49.96
6,51.19,141.04,-5.72,50.07
6,51.29,141.16,-5.74,50.28
6,51.39,141.27,-5.75,50.06
6,51.49,141.39,-5.77,50.16
6,51.59,141.5,-5.78,50.05
6,51.69,141.62,-5.8,49.91
6,51.79,141.73,-5.81,50.03
6,51.89,141.85,-5.83,49.97
6,51.99,141.96,-5.84,49.94
6,52.09,142.08,-5.85,49.99
6,52.19,142.19,-5.87,49.98
6,52.29,142.3,-5.88,49.89
6,52.39,142.42,-5.9,50.27
6,52.49,142.53,-5.91,50.08
6,52.59,142.64,-5.93,50.02
6,52.69,142.76,-5.94,50.01
6,52.79,142.87,-5.96,50.12
6,52.89,142.98,-5.97,50.21
6,52.99,143.09,-5.99,50.07
6,53.09,143.21,-6.0,50.01
6,53.19,143.32,-6.02,50.15
6,53.29,143.43,-6.03,50.01
6,53.39,143.54,-6.05,50.04
6,53.49,143.65,-6.06,50.1
6,53.59,143.76,-6.08,49.96
6,53.69,143.87,-6.09,49.79
6,53.79,143.98,-6.1,49.96
6,53.89,144.09,-6.12,50.08
6,53.99,144.2,-6.13,50.07
6,54.09,144.31,-6.15,50.13
6,54.19,144.42,-6.16,49.96
6,54.29,144.53,-6.18,50.16
6,54.39,144.64,-6.19,50.02
6,54.49,144.75,-6.21,50.06
6,54.59,144.86,-6.22,50.09
6,54.69,144.97,-6.24,49.86
6,54.79,145.07,-6.25,49.9
6,54.89,145.18,-6.27,49.9
6,54.99,145.29,-6.28,50.11
6,55.09,145.4,-6.3,49.97
6,55.19,145.51,-6.31,50.2
6,55.29,145.61,-6.33,50.0
6,55.39,145.72,-6.34,49.85
6,55.49,145.83,-6.36,49.93
6,55.59,145.93,-6.37,50.01
6,55.69,146.04,-6.39,50.05
6,55.79,146.15,-6.4,49.9
6,55.89,146.25,-6.42,50.06
6,55.99,146.36,-6.43,50.08
6,56.09,146.46,-6.45,49.94
6,56.19,146.57,-6.46,50.2
6,56.29,146.67,-6.47,49.95
6,56.39,146.78,-6.49,49.9
6,56.49,146.88,-6.5,49.85
6,56.59,146.99,-6.52,50.12
6,56.69,147.09,-6.53,50.0
6,56.79,147.2,-6.55,49.95
6,56.89,147.3,-6.56,49.85
6,56.99,147.41,-6.58,49.96
6,57.1,147.51,-6.59,50.24
6,57.2,147.61,-6.61,49.79
6,57.3,147.72,-6.62,49.94
6,57.4,147.82,-6.64,50.18
6,57.5,147.92,-6.65,50.12
6,57.6,148.02,-6.67,49.94
6,57.7,148.13,-6.68,50.02
6,57.8,148.23,-6.7,50.05
6,57.9,148.33,-6.71,50.01
6,58.0,148.43,-6.73,50.18
6,58.1,148.54,-6.74,50.03
6,58.2,148.64,-6.76,50.11
6,58.3,148.74,-6.77,50.02
6,58.4,148.84,-6.79,49.8
6,58.5,148.94,-6.8,49.88
6,58.6,149.04,-6.82,49.9
6,58.7,149.14,-6.83,49.98
6,58.8,149.24,-6.85,50.21
6,58.9,149.34,-6.86,50.04
6,59.0,149.44,-6.88,49.99
6,59.1,149.54,-6.89,50.12
6,59.2,149.64,-6.91,49.85
6,59.3,149.74,-6.92,49.95
6,59.4,149.84,-6.94,49.94
6,59.5,149.94,-6.95,50.04
6,59.6,150.04,-6.97,50.09
6,59.7,150.14,-6.98,50.05
6,59.8,150.24,-7.0,50.05
6,59.9,150.34,-7.01,49.96
6,60.0,150.43,-7.03,50.03
7,0.0,0.0,0.0,0.0
7,0.1,0.66,-0.0,49.92
7,0.2,1.25,-0.01,49.81
7,0.3,1.77,-0.02,50.15
7,0.4,2.23,-0.03,50.08
7,0.5,2.62,-0.05,50.03
7,0.6,2.97,-0.06,49.84
7,0.7,3.27,-0.08,49.93
7,0.8,3.52,-0.1,50.0
7,0.9,3.73,-0.12,49.97
7,1.0,3.91,-0.15,49.83
7,1.1,4.05,-0.17,49.87
7,1.2,4.16,-0.2,49.97
7,1.3,4.23,-0.23,49.87
7,1.4,4.28,-0.25,50.14
7,1.5,4.3,-0.28,50.05
7,1.6,4.3,-0.31,49.92
7,1.7,4.27,-0.35,50.12
7,1.8,4.22,-0.38,50.1
7,1.9,4.15,-0.41,50.03
7,2.0,4.06,-0.45,50.0
7,2.1,3.95,-0.48,49.97
7,2.2,3.82,-0.52,49.95
7,2.3,3.67,-0.55,49.87
7,2.4,3.51,-0.59,50.15
7,2.5,3.34,-0.63,49.95
7,2.6,3.14,-0.67,50.0
7,2.7,2.94,-0.71,49.91
7,2.8,2.72,-0.75,49.97
7,2.9,2.48,-0.79,50.29
7,3.01,2.24,-0.83,49.93
7,3.11,1.98,-0.87,50.14
7,3.21,1.71,-0.91,50.0
7,3.31,1.43,-0.95,50.07
7,3.41,1.14,-1.0,50.12
7,3.51,0.84,-1.04,50.03
7,3.61,0.53,-1.08,49.96
7,3.71,0.21,-1.12,49.98
7,3.81,-0.12,-1.17,49.98
7,3.91,-0.46,-1.21,50.19
7,4.01,-0.8,-1.26,49.85
7,4.11,-1.16,-1.3,49.82
7,4.21,-1.52,-1.35,49.83
7,4.31,-1.89,-1.39,49.91
7,4.41,-2.27,-1.44,50.07
7,4.51,-2.65,-1.49,50.08
7,4.61,-3.05,-1.53,49.94
7,4.71,-3.45,-1.58,50.0
7,4.81,-3.85,-1.63,49.89
7,4.91,-4.26,-1.67,49.9
7,5.01,-4.68,-1.72,50.06
7,5.11,-5.1,-1.77,50.1
7,5.21,-5.53,-1.82,49.95
7,5.31,-5.97,-1.87,50.16
7,5.41,-6.41,-1.92,50.1
7,5.51,-6.86,-1.96,50.16
7,5.61,-7.31,-2.01,49.97
7,5.71,-7.76,-2.06,50.15
7,5.81,-8.22,-2.11,50.22
7,5.91,-8.69,-2.16,49.96
7,6.01,-9.16,-2.21,49.98
7,6.11,-9.64,-2.26,49.91
7,6.21,-10.12,-2.31,49.89
7,6.31,-10.6,-2.36,49.89
7,6.41,-11.09,-2.41,49.92
7,6.51,-11.58,-2.46,50.03
7,6.61,-12.08,-2.51,49.92
7,6.71,-12.58,-2.57,50.02
7,6.81,-13.08,-2.62,50.03
7,6.91,-13.59,-2.67,49.95
7,7.01,-14.1,-2.72,49.99
7,7.11,-14.62,-2.77,49.95
7,7.21,-15.14,-2.82,49.97
7,7.31,-15.66,-2.87,49.92
7,7.41,-16.18,-2.93,50.01
7,7.51,-16.71,-2.98,49.94
7,7.61,-17.25,-3.03,49.88
7,7.71,-17.78,-3.08,50.06
7,7.81,-18.32,-3.14,50.06
7,7.91,-18.86,-3.19,50.11
7,8.01,-19.41,-3.24,49.9
7,8.11,-19.95,-3.29,49.95
7,8.21,-20.5,-3.35,50.02
7,8.31,-21.06,-3.4,49.95
7,8.41,-21.61,-3.45,50.06
7,8.51,-22.17,-3.51,50.05
7,8.61,-22.73,-3.56,50.05
7,8.71,-23.3,-3.61,50.15
7,8.81,-23.86,-3.67,50.06
7,8.91,-24.43,-3.72,50.02
7,9.02,-25.0,-3.78,49.98
7,9.12,-25.58,-3.83,49.99
7,9.22,-26.15,-3.88,49.89
7,9.32,-26.73,-3.94,49.82
7,9.42,-27.31,-3.99,50.05
7,9.52,-27.89,-4.05,50.12
7,9.62,-28.48,-4.1,49.97
7,9.72,-29.06,-4.16,50.16
7,9.82,-29.65,-4.21,49.98
7,9.92,-30.25,-4.27,49.8
7,10.02,-30.84,-4.32,50.09
7,10.12,-31.43,-4.38,49.95
7,10.22,-32.03,-4.43,50.1
7,10.32,-32.63,-4.49,49.87
7,10.42,-33.23,-4.54,50.04
7,10.52,-33.83,-4.6,49.92
7,10.62,-34.44,-4.65,50.02
7,10.72,-35.05,-4.71,50.08
7,10.82,-35.66,-4.76,50.05
7,10.92,-36.27,-4.82,50.01
7,11.02,-36.88,-4.87,49.86
7,11.12,-37.49,-4.93,50.07
7,11.22,-38.11,-4.98,50.1
7,11.32,-38.72,-5.04,49.9
7,11.42,-39.34,-5.1,49.91
7,11.52,-39.96,-5.15,50.11
7,11.62,-40.58,-5.21,49.98
7,11.72,-41.21,-5.26,49.91
7,11.82,-41.83,-5.32,50.03
7,11.92,-42.46,-5.38,49.94
7,12.02,-43.09,-5.43,50.02
7,12.12,-43.72,-5.49,49.96
7,12.22,-44.35,-5.55,49.97
7,12.32,-44.98,-5.6,50.11
7,12.42,-45.62,-5.66,49.75
7,12.52,-46.25,-5.71,50.06
7,12.62,-46.89,-5.77,50.09
7,12.72,-47.52,-5.83,49.94
7,12.82,-48.16,-5.88,50.09
7,12.92,-48.8,-5.94,49.9
7,13.02,-49.45,-6.0,49.93
7,13.12,-50.09,-6.06,49.92
7,13.22,-50.73,-6.11,50.1
7,13.32,-51.38,-6.17,49.83
7,13.42,-52.03,-6.23,50.16
7,13.52,-52.68,-6.28,49.97
7,13.62,-53.33,-6.34,50.06
7,13.72,-53.98,-6.4,50.05
7,13.82,-54.63,-6.45,50.02
7,13.92,-55.28,-6.51,49.94
7,14.02,-55.93,-6.57,50.12
7,14.12,-56.59,-6.63,49.95
7,14.22,-57.25,-6.68,49.93
7,14.32,-57.9,-6.74,50.09
7,14.42,-58.56,-6.8,50.01
7,14.52,-59.22,-6.86,50.14
7,14.62,-59.88,-6.91,49.99
7,14.72,-60.54,-6.97,49.93
7,14.82,-61.21,-7.03,50.03
7,14.92,-61.87,-7.09,49.96
7,15.03,-62.54,-7.14,49.94
7,15.13,-63.2,-7.2,50.08
7,15.23,-63.87,-7.26,50.18
7,15.33,-64.54,-7.32,49.98
7,15.43,-65.2,-7.38,49.9
7,15.53,-65.87,-7.43,49.98
7,15.63,-66.54,-7.49,50.05
7,15.73,-67.22,-7.55,50.03
7,15.83,-67.89,-7.61,50.12
7,15.93,-68.56,-7.67,50.07
7,16.03,-69.24,-7.72,49.89
7,16.13,-69.91,-7.78,49.95
7,16.23,-70.59,-7.84,49.86
7,16.33,-71.26,-7.9,50.11
7,16.43,-71.94,-7.96,49.8
7,16.53,-72.62,-8.02,49.87
7,16.63,-73.3,-8.07,49.95
7,16.73,-73.98,-8.13,50.06
7,16.83,-74.66,-8.19,49.95
7,16.93,-75.34,-8.25,49.96
7,17.03,-76.03,-8.31,49.97
7,17.13,-76.71,-8.37,50.02
7,17.23,-77.39,-8.42,49.88
7,17.33,-78.08,-8.48,49.91
7,17.43,-78.77,-8.54,50.17
7,17.53,-79.45,-8.6,50.04
7,17.63,-80.14,-8.66,50.08
7,17.73,-80.83,-8.72,50.01
7,17.83,-81.52,-8.78,49.99
7,17.93,-82.21,-8.84,50.05
7,18.03,-82.9,-8.89,50.07
7,18.13,-83.59,-8.95,50.08
7,18.23,-84.28,-9.01,49.99
7,18.33,-84.97,-9.07,50.1
7,18.43,-85.67,-9.13,49.75
7,18.53,-86.36,-9.19,50.09
7,18.63,-87.05,-9.25,49.96
7,18.73,-87.75,-9.31,50.06
7,18.83,-88.45,-9.37,49.94
7,18.93,-89.14,-9.42,49.87
7,19.03,-89.84,-9.48,50.03
7,19.13,-90.54,-9.54,49.85
7,19.23,-91.24,-9.6,49.96
7,19.33,-91.94,-9.66,49.92
7,19.43,-92.64,-9.72,49.98
7,19.53,-93.34,-9.78,50.08
7,19.63,-94.04,-9.84,49.95
7,19.73,-94.74,-9.9,50.03
7,19.83,-95.44,-9.96,50.07
7,19.93,-96.14,-10.02,49.94
7,20.03,-96.85,-10.08,49.94
7,20.13,-97.55,-10.13,50.14
7,20.23,-98.26,-10.19,49.99
7,20.33,-98.96,-10.25,50.05
7,20.43,-99.67,-10.31,50.05
7,20.53,-100.38,-10.37,49.88
7,20.63,-101.08,-10.43,49.92
7,20.73,-101.79,-10.49,50.04
7,20.83,-102.5,-10.55,49.79
7,20.93,-103.21,-10.61,49.98
7,21.04,-103.92,-10.67,49.91
7,21.14,-104.63,-10.73,50.11
7,21.24,-105.34,-10.79,50.03
7,21.34,-106.05,-10.85,50.12
7,21.44,-106.76,-10.91,50.0
7,21.54,-107.47,-10.97,49.99
7,21.64,-108.18,-11.03,49.97
7,21.74,-108.9,-11.09,49.95
7,21.84,-109.61,-11.15,50.27
7,21.94,-110.33,-11.21,50.08
7,22.04,-111.04,-11.27,49.89
7,22.14,-111.75,-11.33,50.26
7,22.24,-112.47,-11.39,49.96
7,22.34,-113.19,-11.45,50.03
7,22.44,-113.9,-11.51,50.09
7,22.54,-114.62,-11.57,49.85
7,22.64,-115.34,-11.63,49.92
7,22.74,-116.06,-11.69,50.16
7,22.84,-116.77,-11.75,49.98
7,22.94,-117.49,-11.81,50.1
7,23.04,-118.21,-11.87,49.95
7,23.14,-118.93,-11.93,49.99
7,23.24,-119.65,-11.99,50.18
7,23.34,-120.37,-12.05,50.04
7,23.44,-121.1,-12.11,49.97
7,23.54,-121.82,-12.17,49.93
7,23.64,-122.54,-12.23,49.94
7,23.74,-123.26,-12.29,50.12
7,23.84,-123.98,-12.35,50.08
7,23.94,-124.71,-12.41,49.89
7,24.04,-125.43,-12.47,50.01
7,24.14,-126.16,-12.53,49.99
7,24.24,-126.88,-12.59,50.03
7,24.34,-127.61,-12.65,49.94
7,24.44,-128.33,-12.71,50.11
7,24.54,-129.06,-12.77,50.0
7,24.64,-129.78,-12.83,50.04
7,24.74,-130.51,-12.89,49.92
7,24.84,-131.24,-12.95,49.93
7,24.94,-131.97,-13.01,50.27
7,25.04,-132.69,-13.07,50.18
7,25.14,-133.42,-13.13,49.99
7,25.24,-134.15,-13.19,50.15
7,25.34,-134.88,-13.25,50.12
7,25.44,-135.61,-13.31,49.94
7,25.54,-136.34,-13.37,49.93
7,25.64,-137.07,-13.43,50.07
7,25.74,-137.8,-13.49,50.03
7,25.84,-138.53,-13.55,49.96
7,25.94,-139.26,-13.61,50.07
7,26.04,-140.0,-13.67,49.86
7,26.14,-140.73,-13.73,50.01
7,26.24,-141.46,-13.79,49.88
7,26.34,-142.19,-13.85,49.88
7,26.44,-142.93,-13.91,49.93
7,26.54,-143.66,-13.98,50.04
7,26.64,-144.39,-14.04,49.93
7,26.74,-145.13,-14.1,49.88
7,26.84,-145.86,-14.16,50.05
7,26.94,-146.6,-14.22,50.15
7,27.05,-147.33,-14.28,50.06
7,27.15,-148.07,-14.34,50.18
7,27.25,-148.81,-14.4,50.14
7,27.35,-149.54,-14.46,49.95
7,27.45,-150.28,-14.52,50.06
7,27.55,-151.02,-14.58,49.99
7,27.65,-151.75,-14.64,50.11
7,27.75,-152.49,-14.7,49.99
7,27.85,-153.23,-14.76,49.92
7,27.95,-153.97,-14.82,50.14
7,28.05,-154.71,-14.89,50.03
7,28.15,-155.45,-14.95,49.93
7,28.25,-156.19,-15.01,49.95
7,28.35,-156.93,-15.07,49.93
7,28.45,-157.67,-15.13,49.9
7,28.55,-158.41,-15.19,49.95
7,28.65,-159.15,-15.25,50.04
7,28.75,-159.89,-15.31,50.01
7,28.85,-160.63,-15.37,49.96
7,28.95,-161.37,-15.43,50.15
7,29.05,-162.11,-15.49,49.8
7,29.15,-162.85,-15.55,50.03
7,29.25,-163.6,-15.62,49.99
7,29.35,-164.34,-15.68,49.9
7,29.45,-165.08,-15.74,50.04
7,29.55,-165.83,-15.8,49.98
7,29.65,-166.57,-15.86,50.12
7,29.75,-167.31,-15.92,50.09
7,29.85,-168.06,-15.98,50.19
7,29.95,-168.8,-16.04,49.95
7,30.05,-169.55,-16.1,50.14
7,30.15,-170.29,-16.16,49.88
7,30.25,-171.04,-16.22,49.99
7,30.35,-171.78,-16.29,49.95
7,30.45,-172.53,-16.35,50.06
7,30.55,-173.28,-16.41,50.06
7,30.65,-174.02,-16.47,49.91
7,30.75,-174.77,-16.53,50.07
7,30.85,-175.52,-16.59,49.96
7,30.95,-176.26,-16.65,49.92
7,31.05,-177.01,-16.71,50.0
7,31.15,-177.76,-16.77,49.85
7,31.25,-178.51,-16.84,50.09
7,31.35,-179.26,-16.9,49.99
7,31.45,-180.0,-16.96,50.0
7,31.55,-180.75,-17.02,49.99
7,31.65,-181.5,-17.08,50.16
7,31.75,-182.25,-17.14,50.15
7,31.85,-183.0,-17.2,50.14
7,31.95,-183.75,-17.26,49.99
7,32.05,-184.5,-17.33,49.89
7,32.15,-185.25,-17.39,50.0
7,32.25,-186.0,-17.45,50.03
7,32.35,-186.75,-17.51,50.08
7,32.45,-187.5,-17.57,50.03
7,32.55,-188.26,-17.63,49.9
7,32.65,-189.01,-17.69,49.95
7,32.75,-189.76,-17.75,49.94
7,32.85,-190.51,-17.82,50.05
7,32.95,-191.26,-17.88,50.06
7,33.06,-192.02,-17.94,50.07
7,33.16,-192.77,-18.0,50.03
7,33.26,-193.52,-18.06,49.79
7,33.36,-194.27,-18.12,49.83
7,33.46,-195.03,-18.18,49.99
7,33.56,-195.78,-18.24,50.01
7,33.66,-196.54,-18.31,50.13
7,33.76,-197.29,-18.37,50.01
7,33.86,-198.04,-18.43,49.9
7,33.96,-198.8,-18.49,50.07
7,34.06,-199.55,-18.55,50.0
7,34.16,-200.31,-18.61,49.96
7,34.26,-201.06,-18.67,49.84
7,34.36,-201.82,-18.74,50.01
7,34.46,-202.58,-18.8,50.02
7,34.56,-203.33,-18.86,49.9
7,34.66,-204.09,-18.92,50.07
7,34.76,-204.84,-18.98,50.07
7,34.86,-205.6,-19.04,50.0
7,34.96,-206.36,-19.1,50.0
7,35.06,-207.11,-19.17,50.09
7,35.16,-207.87,-19.23,50.04
7,35.26,-208.63,-19.29,49.93
7,35.36,-209.39,-19.35,49.98
7,35.46,-210.15,-19.41,50.06
7,35.56,-210.9,-19.47,49.8
7,35.66,-211.66,-19.54,49.91
7,35.76,-212.42,-19.6,50.07
7,35.86,-213.18,-19.66,50.12
7,35.96,-213.94,-19.72,50.1
7,36.06,-214.7,-19.78,50.09
7,36.16,-215.46,-19.84,50.01
7,36.26,-216.22,-19.91,49.9
7,36.36,-216.98,-19.97,49.98
7,36.46,-217.74,-20.03,49.8
7,36.56,-218.5,-20.09,50.13
7,36.66,-219.26,-20.15,49.92
7,36.76,-220.02,-20.21,49.95
7,36.86,-220.78,-20.27,50.11
7,36.96,-221.54,-20.34,49.84
7,37.06,-222.3,-20.4,49.88
7,37.16,-223.06,-20.46,50.03
7,37.26,-223.82,-20.52,50.05
7,37.36,-224.58,-20.58,49.99
7,37.46,-225.34,-20.64,50.0
7,37.56,-226.11,-20.71,50.13
7,37.66,-226.87,-20.77,50.06
7,37.76,-227.63,-20.83,50.05
7,37.86,-228.39,-20.89,50.08
7,37.96,-229.16,-20.95,49.97
7,38.06,-229.92,-21.02,50.22
7,38.16,-230.68,-21.08,49.77
7,38.26,-231.45,-21.14,50.15
7,38.36,-232.21,-21.2,50.09
7,38.46,-232.97,-21.26,50.02
7,38.56,-233.74,-21.32,50.01
7,38.66,-234.5,-21.39,49.98
7,38.76,-235.27,-21.45,50.11
7,38.86,-236.03,-21.51,50.0
7,38.96,-236.79,-21.57,49.93
7,39.07,-237.56,-21.63,50.09
7,39.17,-238.32,-21.69,50.16
7,39.27,-239.09,-21.76,49.81
7,39.37,-239.85,-21.82,50.24
7,39.47,-240.62,-21.88,49.9
7,39.57,-241.38,-21.94,49.9
7,39.67,-242.15,-22.0,49.88
7,39.77,-242.92,-22.07,50.0
7,39.87,-243.68,-22.13,49.87
7,39.97,-244.45,-22.19,49.88
7,40.07,-245.22,-22.25,49.93
7,40.17,-245.98,-22.31,50.01
7,40.27,-246.75,-22.38,50.02
7,40.37,-247.52,-22.44,50.12
7,40.47,-248.28,-22.5,50.12
7,40.57,-249.05,-22.56,50.1
7,40.67,-249.82,-22.62,49.97
7,40.77,-250.58,-22.68,49.82
7,40.87,-251.35,-22.75,49.81
7,40.97,-252.12,-22.81,50.1
7,41.07,-252.89,-22.87,50.08
7,41.17,-253.66,-22.93,49.94
7,41.27,-254.42,-22.99,49.86
7,41.37,-255.19,-23.06,49.9
7,41.47,-255.96,-23.12,50.02
7,41.57,-256.73,-23.18,50.02
7,41.67,-257.5,-23.24,50.1
7,41.77,-258.27,-23.3,49.95
7,41.87,-259.04,-23.37,49.98
7,41.97,-259.81,-23.43,50.11
7,42.07,-260.58,-23.49,49.79
7,42.17,-261.35,-23.55,50.03
7,42.27,-262.12,-23.61,49.97
7,42.37,-262.89,-23.68,50.07
7,42.47,-263.66,-23.74,50.05
7,42.57,-264.43,-23.8,49.93
7,42.67,-265.2,-23.86,49.95
7,42.77,-265.97,-23.92,49.77
7,42.87,-266.74,-23.99,50.07
7,42.97,-267.51,-24.05,50.02
7,43.07,-268.28,-24.11,50.14
7,43.17,-269.05,-24.17,49.96
7,43.27,-269.82,-24.23,50.09
7,43.37,-270.59,-24.3,49.89
7,43.47,-271.36,-24.36,49.73
7,43.57,-272.14,-24.42,49.99
7,43.67,-272.91,-24.48,49.94
7,43.77,-273.68,-24.55,49.89
7,43.87,-274.45,-24.61,50.09
7,43.97,-275.22,-24.67,50.12
7,44.07,-276.0,-24.73,50.01
7,44.17,-276.77,-24.79,49.98
7,44.27,-277.54,-24.86,50.01
7,44.37,-278.31,-24.92,49.93
7,44.47,-279.09,-24.98,50.06
7,44.57,-279.86,-25.04,49.85
7,44.67,-280.63,-25.1,49.89
7,44.77,-281.41,-25.17,49.92
7,44.87,-282.18,-25.23,50.05
7,44.97,-282.95,-25.29,49.97
7,45.08,-283.73,-25.35,50.14
7,45.18,-284.5,-25.42,50.08
7,45.28,-285.28,-25.48,49.92
7,45.38,-286.05,-25.54,50.06
7,45.48,-286.82,-25.6,49.96
7,45.58,-287.6,-25.66,50.05
7,45.68,-288.37,-25.73,50.09
7,45.78,-289.15,-25.79,50.11
7,45.88,-289.92,-25.85,50.02
7,45.98,-290.7,-25.91,50.16
7,46.08,-291.47,-25.98,50.04
7,46.18,-292.25,-26.04,50.01
7,46.28,-293.02,-26.1,49.97
7,46.38,-293.8,-26.16,49.94
7,46.48,-294.57,-26.22,50.04
7,46.58,-295.35,-26.29,50.01
7,46.68,-296.12,-26.35,50.03
7,46.78,-296.9,-26.41,50.05
7,46.88,-297.68,-26.47,50.03
7,46.98,-298.45,-26.54,50.2
7,47.08,-299.23,-26.6,49.95
7,47.18,-300.01,-26.66,50.04
7,47.28,-300.78,-26.72,49.98
7,47.38,-301.56,-26.78,49.75
7,47.48,-302.33,-26.85,49.98
7,47.58,-303.11,-26.91,49.91
7,47.68,-303.89,-26.97,49.99
7,47.78,-304.67,-27.03,50.0
7,47.88,-305.44,-27.1,50.04
7,47.98,-306.22,-27.16,49.95
7,48.08,-307.0,-27.22,49.96
7,48.18,-307.78,-27.28,50.07
7,48.28,-308.55,-27.35,49.92
7,48.38,-309.33,-27.41,49.82
7,48.48,-310.11,-27.47,50.02
7,48.58,-310.89,-27.53,50.11
7,48.68,-311.66,-27.6,50.07
7,48.78,-312.44,-27.66,50.02
7,48.88,-313.22,-27.72,50.13
7,48.98,-314.0,-27.78,50.11
7,49.08,-314.78,-27.84,49.97
7,49.18,-315.56,-27.91,50.02
7,49.28,-316.34,-27.97,50.03
7,49.38,-317.11,-28.03,49.99
7,49.48,-317.89,-28.09,50.11
7,49.58,-318.67,-28.16,49.98
7,49.68,-319.45,-28.22,49.95
7,49.78,-320.23,-28.28,49.74
7,49.88,-321.01,-28.34,49.92
7,49.98,-321.79,-28.41,49.87
7,50.08,-322.57,-28.47,50.0
7,50.18,-323.35,-28.53,49.87
7,50.28,-324.13,-28.59,50.06
7,50.38,-324.91,-28.66,50.11
7,50.48,-325.69,-28.72,50.0
7,50.58,-326.47,-28.78,49.9
7,50.68,-327.25,-28.84,50.03
7,50.78,-328.03,-28.91,50.19
7,50.88,-328.81,-28.97,50.16
7,50.98,-329.59,-29.03,49.86
7,51.09,-330.37,-29.09,49.86
7,51.19,-331.15,-29.16,49.83
7,51.29,-331.93,-29.22,49.89
7,51.39,-332.71,-29.28,50.03
7,51.49,-333.5,-29.34,49.94
7,51.59,-334.28,-29.41,49.92
7,51.69,-335.06,-29.47,50.1
7,51.79,-335.84,-29.53,50.05
7,51.89,-336.62,-29.59,49.83
7,51.99,-337.4,-29.66,50.1
7,52.09,-338.18,-29.72,50.05
7,52.19,-338.97,-29.78,50.05
7,52.29,-339.75,-29.84,49.94
7,52.39,-340.53,-29.91,49.98
7,52.49,-341.31,-29.97,49.8
7,52.59,-342.09,-30.03,50.09
7,52.69,-342.88,-30.09,49.9
7,52.79,-343.66,-30.16,49.91
7,52.89,-344.44,-30.22,49.91
7,52.99,-345.22,-30.28,50.18
7,53.09,-346.01,-30.34,49.93
7,53.19,-346.79,-30.41,50.09
7,53.29,-347.57,-30.47,50.0
7,53.39,-348.36,-30.53,49.92
7,53.49,-349.14,-30.59,49.9
7,53.59,-349.92,-30.66,49.94
7,53.69,-350.7,-30.72,49.99
7,53.79,-351.49,-30.78,50.06
7,53.89,-352.27,-30.84,49.95
7,53.99,-353.06,-30.91,49.95
7,54.09,-353.84,-30.97,49.91
7,54.19,-354.62,-31.03,49.88
7,54.29,-355.41,-31.09,49.87
7,54.39,-356.19,-31.16,50.1
7,54.49,-356.97,-31.22,49.95
7,54.59,-357.76,-31.28,49.96
7,54.69,-358.54,-31.34,49.93
7,54.79,-359.33,-31.41,49.97
7,54.89,-360.11,-31.47,50.04
7,54.99,-360.9,-31.53,49.95
7,55.09,-361.68,-31.6,50.02
7,55.19,-362.46,-31.66,50.14
7,55.29,-363.25,-31.72,49.92
7,55.39,-364.03,-31.78,49.96
7,55.49,-364.82,-31.85,50.06
7,55.59,-365.6,-31.91,50.15
7,55.69,-366.39,-31.97,49.88
7,55.79,-367.17,-32.03,49.83
7,55.89,-367.96,-32.1,50.0
7,55.99,-368.74,-32.16,49.99
7,56.09,-369.53,-32.22,50.07
7,56.19,-370.32,-32.28,50.05
7,56.29,-371.1,-32.35,50.0
7,56.39,-371.89,-32.41,50.1
7,56.49,-372.67,-32.47,49.93
7,56.59,-373.46,-32.53,50.02
7,56.69,-374.24,-32.6,49.88
7,56.79,-375.03,-32.66,50.0
7,56.89,-375.82,-32.72,49.85
7,56.99,-376.6,-32.79,49.89
7,57.1,-377.39,-32.85,50.17
7,57.2,-378.18,-32.91,49.82
7,57.3,-378.96,-32.97,49.98
7,57.4,-379.75,-33.04,50.08
7,57.5,-380.53,-33.1,50.22
7,57.6,-381.32,-33.16,50.02
7,57.7,-382.11,-33.22,50.02
7,57.8,-382.9,-33.29,50.0
7,57.9,-383.68,-33.35,50.11
7,58.0,-384.47,-33.41,50.04
7,58.1,-385.26,-33.48,49.94
7,58.2,-386.04,-33.54,50.11
7,58.3,-386.83,-33.6,49.95
7,58.4,-387.62,-33.66,49.84
7,58.5,-388.41,-33.73,49.84
7,58.6,-389.19,-33.79,49.98
7,58.7,-389.98,-33.85,50.01
7,58.8,-390.77,-33.91,50.1
7,58.9,-391.56,-33.98,50.06
7,59.0,-392.34,-34.04,50.01
7,59.1,-393.13,-34.1,50.1
7,59.2,-393.92,-34.17,50.0
7,59.3,-394.71,-34.23,49.87
7,59.4,-395.5,-34.29,49.85
7,59.5,-396.28,-34.35,50.13
7,59.6,-397.07,-34.42,49.78
7,59.7,-397.86,-34.48,49.98
7,59.8,-398.65,-34.54,50.3
7,59.9,-399.44,-34.6,50.05
7,60.0,-400.23,-34.67,49.98
8,0.0,0.0,0.0,0.0
8,0.1,1.08,-0.0,50.0
8,0.2,2.14,-0.01,50.06
8,0.3,3.19,-0.02,49.99
8,0.4,4.22,-0.03,49.9
8,0.5,5.24,-0.05,50.1
8,0.6,6.25,-0.07,49.99
8,0.7,7.25,-0.1,50.05
8,0.8,8.23,-0.12,49.99
8,0.9,9.21,-0.15,50.05
8,1.0,10.17,-0.18,50.0
8,1.1,11.11,-0.22,49.99
8,1.2,12.05,-0.26,50.0
8,1.3,12.98,-0.3,50.3
8,1.4,13.89,-0.34,50.08
8,1.5,14.8,-0.39,50.26
8,1.6,15.69,-0.44,50.0
8,1.7,16.57,-0.49,49.97
8,1.8,17.45,-0.55,49.89
8,1.9,18.31,-0.6,50.16
8,2.0,19.16,-0.66,49.91
8,2.1,20.01,-0.72,50.18
8,2.2,20.84,-0.79,49.9
8,2.3,21.67,-0.85,50.09
8,2.4,22.48,-0.92,49.84
8,2.5,23.29,-0.99,49.96
8,2.6,24.09,-1.07,50.0
8,2.7,24.88,-1.14,49.94
8,2.8,25.66,-1.22,49.98
8,2.9,26.43,-1.3,49.98
8,3.01,27.19,-1.38,50.08
8,3.11,27.95,-1.46,49.79
8,3.21,28.7,-1.55,49.94
8,3.31,29.44,-1.64,50.13
8,3.41,30.17,-1.73,50.06
8,3.51,30.9,-1.82,50.13
8,3.61,31.61,-1.91,50.08
8,3.71,32.32,-2.01,49.89
8,3.81,33.03,-2.1,50.07
8,3.91,33.72,-2.2,50.01
8,4.01,34.41,-2.3,50.23
8,4.11,35.09,-2.41,50.08
8,4.21,35.77,-2.51,50.05
8,4.31,36.43,-2.61,50.07
8,4.41,37.09,-2.72,50.05
8,4.51,37.75,-2.83,50.04
8,4.61,38.4,-2.94,49.97
8,4.71,39.04,-3.05,50.05
8,4.81,39.67,-3.17,50.09
8,4.91,40.3,-3.28,50.11
8,5.01,40.93,-3.4,50.09
8,5.11,41.55,-3.52,50.15
8,5.21,42.16,-3.64,50.11
8,5.31,42.76,-3.76,50.06
8,5.41,43.36,-3.88,49.89
8,5.51,43.96,-4.01,49.89
8,5.61,44.54,-4.13,49.98
8,5.71,45.13,-4.26,50.0
8,5.81,45.71,-4.39,50.14
8,5.91,46.28,-4.52,49.72
8,6.01,46.84,-4.65,49.9
8,6.11,47.41,-4.78,49.98
8,6.21,47.96,-4.91,49.9
8,6.31,48.51,-5.05,49.92
8,6.41,49.06,-5.18,49.95
8,6.51,49.6,-5.32,49.91
8,6.61,50.14,-5.46,49.92
8,6.71,50.67,-5.6,50.14
8,6.81,51.2,-5.74,50.06
8,6.91,51.72,-5.88,50.08
8,7.01,52.24,-6.03,50.0
8,7.11,52.75,-6.17,50.1
8,7.21,53.26,-6.32,50.08
8,7.31,53.76,-6.46,50.06
8,7.41,54.26,-6.61,49.93
8,7.51,54.75,-6.76,49.96
8,7.61,55.24,-6.91,50.11
8,7.71,55.73,-7.06,49.95
8,7.81,56.21,-7.21,49.87
8,7.91,56.69,-7.37,49.95
8,8.01,57.16,-7.52,50.16
8,8.11,57.63,-7.68,49.95
8,8.21,58.1,-7.83,50.03
8,8.31,58.56,-7.99,49.94
8,8.41,59.02,-8.15,50.08
8,8.51,59.47,-8.31,50.05
8,8.61,59.92,-8.47,49.85
8,8.71,60.37,-8.63,50.03
8,8.81,60.81,-8.79,49.83
8,8.91,61.25,-8.95,49.94
8,9.02,61.68,-9.12,50.0
8,9.12,62.11,-9.28,50.18
8,9.22,62.54,-9.45,50.03
8,9.32,62.97,-9.62,49.92
8,9.42,63.39,-9.78,49.97
8,9.52,63.8,-9.95,50.09
8,9.62,64.22,-10.12,49.92
8,9.72,64.63,-10.29,50.11
8,9.82,65.03,-10.46,49.95
8,9.92,65.43,-10.63,49.91
8,10.02,65.83,-10.81,49.95
8,10.12,66.23,-10.98,49.84
8,10.22,66.62,-11.16,49.78
8,10.32,67.01,-11.33,49.99
8,10.42,67.4,-11.51,49.99
8,10.52,67.78,-11.68,50.03
8,10.62,68.17,-11.86,49.99
8,10.72,68.54,-12.04,50.23
8,10.82,68.92,-12.22,50.02
8,10.92,69.29,-12.4,49.86
8,11.02,69.66,-12.58,49.89
8,11.12,70.02,-12.76,50.0
8,11.22,70.38,-12.94,49.96
8,11.32,70.74,-13.12,49.88
8,11.42,71.1,-13.31,49.99
8,11.52,71.45,-13.49,50.0
8,11.62,71.81,-13.68,50.16
8,11.72,72.15,-13.86,49.91
8,11.82,72.5,-14.05,49.96
8,11.92,72.84,-14.24,50.16
8,12.02,73.18,-14.42,50.03
8,12.12,73.52,-14.61,49.91
8,12.22,73.85,-14.8,49.93
8,12.32,74.19,-14.99,49.88
8,12.42,74.51,-15.18,50.01
8,12.52,74.84,-15.37,50.1
8,12.62,75.17,-15.56,50.16
8,12.72,75.49,-15.76,49.85
8,12.82,75.81,-15.95,50.09
8,12.92,76.12,-16.14,50.02
8,13.02,76.44,-16.34,49.97
8,13.12,76.75,-16.53,49.96
8,13.22,77.06,-16.73,49.81
8,13.32,77.36,-16.92,50.06
8,13.42,77.67,-17.12,49.87
8,13.52,77.97,-17.32,49.93
8,13.62,78.27,-17.52,50.04
8,13.72,78.57,-17.71,49.82
8,13.82,78.86,-17.91,49.87
8,13.92,79.15,-18.11,50.12
8,14.02,79.44,-18.31,50.01
8,14.12,79.73,-18.51,49.93
8,14.22,80.02,-18.72,50.01
8,14.32,80.3,-18.92,50.07
8,14.42,80.58,-19.12,50.11
8,14.52,80.86,-19.32,49.89
8,14.62,81.14,-19.53,49.9
8,14.72,81.41,-19.73,50.06
8,14.82,81.69,-19.93,50.06
8,14.92,81.96,-20.14,49.87
8,15.03,82.23,-20.34,49.9
8,15.13,82.49,-20.55,49.98
8,15.23,82.76,-20.76,50.0
8,15.33,83.02,-20.96,50.01
8,15.43,83.28,-21.17,49.86
8,15.53,83.54,-21.38,50.0
8,15.63,83.79,-21.59,49.93
8,15.73,84.05,-21.8,49.88
8,15.83,84.3,-22.01,50.0
8,15.93,84.55,-22.22,49.99
8,16.03,84.8,-22.43,50.08
8,16.13,85.05,-22.64,49.91
8,16.23,85.29,-22.85,50.02
8,16.33,85.53,-23.06,49.84
8,16.43,85.77,-23.28,49.97
8,16.53,86.01,-23.49,50.05
8,16.63,86.25,-23.7,50.05
8,16.73,86.49,-23.92,50.06
8,16.83,86.72,-24.13,50.08
8,16.93,86.95,-24.34,49.96
8,17.03,87.18,-24.56,50.05
8,17.13,87.41,-24.78,50.19
8,17.23,87.64,-24.99,49.95
8,17.33,87.86,-25.21,50.14
8,17.43,88.08,-25.43,50.09
8,17.53,88.31,-25.64,49.97
8,17.63,88.53,-25.86,49.98
8,17.73,88.74,-26.08,50.01
8,17.83,88.96,-26.3,50.08
8,17.93,89.17,-26.52,50.04
8,18.03,89.39,-26.74,49.95
8,18.13,89.6,-26.96,49.79
8,18.23,89.81,-27.18,50.07
8,18.33,90.02,-27.4,49.81
8,18.43,90.22,-27.62,49.86
8,18.53,90.43,-27.84,49.96
8,18.63,90.63,-28.06,49.88
8,18.73,90.83,-28.28,50.03
8,18.83,91.03,-28.51,49.97
8,18.93,91.23,-28.73,50.08
8,19.03,91.43,-28.95,49.84
8,19.13,91.62,-29.18,49.93
8,19.23,91.82,-29.4,50.0
8,19.33,92.01,-29.63,50.0
8,19.43,92.2,-29.85,50.07
8,19.53,92.39,-30.08,49.91
8,19.63,92.58,-30.3,49.95
8,19.73,92.76,-30.53,50.05
8,19.83,92.95,-30.75,49.78
8,19.93,93.13,-30.98,50.04
8,20.03,93.32,-31.21,50.08
8,20.13,93.5,-31.44,49.87
8,20.23,93.68,-31.66,49.97
8,20.33,93.85,-31.89,50.15
8,20.43,94.03,-32.12,50.07
8,20.53,94.2,-32.35,50.04
8,20.63,94.38,-32.58,50.1
8,20.73,94.55,-32.81,50.18
8,20.83,94.72,-33.04,50.0
8,20.93,94.89,-33.27,49.96
8,21.04,95.06,-33.5,50.1
8,21.14,95.23,-33.73,49.98
8,21.24,95.39,-33.96,49.91
8,21.34,95.56,-34.19,49.95
8,21.44,95.72,-34.43,50.03
8,21.54,95.88,-34.66,49.96
8,21.64,96.04,-34.89,49.96
8,21.74,96.2,-35.12,49.9
8,21.84,96.36,-35.36,50.14
8,21.94,96.52,-35.59,49.97
8,22.04,96.67,-35.82,49.93
8,22.14,96.83,-36.06,49.94
8,22.24,96.98,-36.29,50.08
8,22.34,97.13,-36.53,50.06
8,22.44,97.28,-36.76,49.95
8,22.54,97.43,-37.0,50.0
8,22.64,97.58,-37.23,50.03
8,22.74,97.72,-37.47,49.93
8,22.84,97.87,-37.71,49.85
8,22.94,98.01,-37.94,50.05
8,23.04,98.16,-38.18,49.94
8,23.14,98.3,-38.42,50.04
8,23.24,98.44,-38.65,50.03
8,23.34,98.58,-38.89,50.01
8,23.44,98.72,-39.13,49.96
8,23.54,98.86,-39.37,49.94
8,23.64,98.99,-39.61,49.89
8,23.74,99.13,-39.85,49.94
8,23.84,99.26,-40.09,50.06
8,23.94,99.39,-40.33,50.14
8,24.04,99.53,-40.56,50.13
8,24.14,99.66,-40.8,50.01
8,24.24,99.79,-41.05,50.14
8,24.34,99.91,-41.29,49.97
8,24.44,100.04,-41.53,49.87
8,24.54,100.17,-41.77,50.19
8,24.64,100.29,-42.01,50.05
8,24.74,100.42,-42.25,49.85
8,24.84,100.54,-42.49,50.16
8,24.94,100.66,-42.74,49.93
8,25.04,100.78,-42.98,49.95
8,25.14,100.9,-43.22,50.1
8,25.24,101.02,-43.46,50.14
8,25.34,101.14,-43.71,49.9
8,25.44,101.26,-43.95,50.15
8,25.54,101.37,-44.19,50.09
8,25.64,101.49,-44.44,49.92
8,25.74,101.6,-44.68,49.98
8,25.84,101.72,-44.93,50.15
8,25.94,101.83,-45.17,49.84
8,26.04,101.94,-45.42,50.14
8,26.14,102.05,-45.66,50.08
8,26.24,102.16,-45.91,50.05
8,26.34,102.26,-46.15,50.01
8,26.44,102.37,-46.4,50.2
8,26.54,102.48,-46.65,50.21
8,26.64,102.58,-46.89,49.94
8,26.74,102.69,-47.14,50.06
8,26.84,102.79,-47.39,50.19
8,26.94,102.89,-47.63,49.92
8,27.05,102.99,-47.88,50.02
8,27.15,103.09,-48.13,50.1
8,27.25,103.19,-48.38,49.8
8,27.35,103.29,-48.62,50.08
8,27.45,103.39,-48.87,49.89
8,27.55,103.49,-49.12,50.02
8,27.65,103.58,-49.37,50.11
8,27.75,103.68,-49.62,49.76
8,27.85,103.77,-49.87,50.08
8,27.95,103.86,-50.12,50.2
8,28.05,103.96,-50.37,49.95
8,28.15,104.05,-50.62,50.06
8,28.25,104.14,-50.87,50.13
8,28.35,104.23,-51.12,49.84
8,28.45,104.32,-51.37,50.08
8,28.55,104.4,-51.62,50.1
8,28.65,104.49,-51.87,50.06
8,28.75,104.58,-52.12,50.01
8,28.85,104.66,-52.37,49.9
8,28.95,104.75,-52.62,50.14
8,29.05,104.83,-52.88,50.0
8,29.15,104.91,-53.13,49.91
8,29.25,104.99,-53.38,49.97
8,29.35,105.08,-53.63,50.04
8,29.45,105.16,-53.88,49.84
8,29.55,105.24,-54.14,50.0
8,29.65,105.31,-54.39,49.96
8,29.75,105.39,-54.64,50.13
8,29.85,105.47,-54.9,49.81
8,29.95,105.55,-55.15,50.09
8,30.05,105.62,-55.41,50.14
8,30.15,105.7,-55.66,49.82
8,30.25,105.77,-55.91,49.83
8,30.35,105.84,-56.17,50.18
8,30.45,105.91,-56.42,49.91
8,30.55,105.99,-56.68,50.31
8,30.65,106.06,-56.93,49.82
8,30.75,106.13,-57.19,50.02
8,30.85,106.2,-57.44,50.0
8,30.95,106.26,-57.7,49.98
8,31.05,106.33,-57.95,50.05
8,31.15,106.4,-58.21,50.05
8,31.25,106.47,-58.47,49.98
8,31.35,106.53,-58.72,49.9
8,31.45,106.6,-58.98,50.1
8,31.55,106.66,-59.24,50.06
8,31.65,106.72,-59.49,50.01
8,31.75,106.78,-59.75,50.06
8,31.85,106.85,-60.01,50.08
8,31.95,106.91,-60.27,49.92
8,32.05,106.97,-60.52,50.06
8,32.15,107.03,-60.78,49.94
8,32.25,107.09,-61.04,50.08
8,32.35,107.14,-61.3,49.98
8,32.45,107.2,-61.56,50.06
8,32.55,107.26,-61.81,49.96
8,32.65,107.31,-62.07,50.07
8,32.75,107.37,-62.33,49.9
8,32.85,107.42,-62.59,50.0
8,32.95,107.48,-62.85,50.1
8,33.06,107.53,-63.11,50.05
8,33.16,107.58,-63.37,50.02
8,33.26,107.64,-63.63,50.18
8,33.36,107.69,-63.89,50.1
8,33.46,107.74,-64.15,50.09
8,33.56,107.79,-64.41,50.07
8,33.66,107.84,-64.67,50.08
8,33.76,107.89,-64.93,50.17
8,33.86,107.93,-65.19,49.96
8,33.96,107.98,-65.45,50.1
8,34.06,108.03,-65.71,50.04
8,34.16,108.07,-65.97,49.96
8,34.26,108.12,-66.24,49.99
8,34.36,108.16,-66.5,50.02
8,34.46,108.21,-66.76,49.91
8,34.56,108.25,-67.02,50.09
8,34.66,108.29,-67.28,49.99
8,34.76,108.33,-67.55,50.01
8,34.86,108.38,-67.81,50.14
8,34.96,108.42,-68.07,50.01
8,35.06,108.46,-68.33,50.16
8,35.16,108.5,-68.6,49.95
8,35.26,108.54,-68.86,49.89
8,35.36,108.57,-69.12,49.97
8,35.46,108.61,-69.39,49.72
8,35.56,108.65,-69.65,50.09
8,35.66,108.68,-69.91,49.9
8,35.76,108.72,-70.18,49.94
8,35.86,108.76,-70.44,50.07
8,35.96,108.79,-70.7,50.01
8,36.06,108.82,-70.97,49.96
8,36.16,108.86,-71.23,49.8
8,36.26,108.89,-71.5,50.13
8,36.36,108.92,-71.76,50.07
8,36.46,108.95,-72.03,50.21
8,36.56,108.99,-72.29,49.94
8,36.66,109.02,-72.56,49.85
8,36.76,109.05,-72.82,50.1
8,36.86,109.08,-73.09,49.98
8,36.96,109.1,-73.35,50.06
8,37.06,109.13,-73.62,50.16
8,37.16,109.16,-73.89,50.04
8,37.26,109.19,-74.15,50.02
8,37.36,109.21,-74.42,50.02
8,37.46,109.24,-74.68,49.84
8,37.56,109.26,-74.95,50.11
8,37.66,109.29,-75.22,50.12
8,37.76,109.31,-75.48,50.05
8,37.86,109.34,-75.75,49.85
8,37.96,109.36,-76.02,49.99
8,38.06,109.38,-76.28,50.14
8,38.16,109.4,-76.55,49.94
8,38.26,109.43,-76.82,50.12
8,38.36,109.45,-77.09,50.01
8,38.46,109.47,-77.35,50.07
8,38.56,109.49,-77.62,49.96
8,38.66,109.51,-77.89,50.01
8,38.76,109.53,-78.16,50.04
8,38.86,109.54,-78.43,49.89
8,38.96,109.56,-78.69,50.03
8,39.07,109.58,-78.96,49.73
8,39.17,109.6,-79.23,49.94
8,39.27,109.61,-79.5,50.05
8,39.37,109.63,-79.77,50.11
8,39.47,109.64,-80.04,50.05
8,39.57,109.66,-80.31,49.86
8,39.67,109.67,-80.58,50.1
8,39.77,109.68,-80.85,49.89
8,39.87,109.7,-81.12,50.06
8,39.97,109.71,-81.38,49.89
8,40.07,109.72,-81.65,49.92
8,40.17,109.73,-81.92,49.9
8,40.27,109.74,-82.19,50.01
8,40.37,109.75,-82.46,49.98
8,40.47,109.76,-82.73,50.05
8,40.57,109.77,-83.01,50.0
8,40.67,109.78,-83.28,49.85
8,40.77,109.79,-83.55,50.03
8,40.87,109.8,-83.82,49.82
8,40.97,109.81,-84.09,49.91
8,41.07,109.81,-84.36,49.96
8,41.17,109.82,-84.63,49.96
8,41.27,109.83,-84.9,49.84
8,41.37,109.83,-85.17,50.14
8,41.47,109.84,-85.44,50.16
8,41.57,109.84,-85.72,50.23
8,41.67,109.85,-85.99,50.11
8,41.77,109.85,-86.26,49.96
8,41.87,109.85,-86.53,49.96
8,41.97,109.86,-86.8,49.95
8,42.07,109.86,-87.08,50.2
8,42.17,109.86,-87.35,49.99
8,42.27,109.86,-87.62,50.13
8,42.37,109.86,-87.89,50.12
8,42.47,109.86,-88.17,50.02
8,42.57,109.86,-88.44,49.85
8,42.67,109.86,-88.71,49.99
8,42.77,109.86,-88.98,50.01
8,42.87,109.86,-89.26,50.13
8,42.97,109.86,-89.53,50.0
8,43.07,109.86,-89.8,49.88
8,43.17,109.85,-90.08,50.1
8,43.27,109.85,-90.35,49.98
8,43.37,109.85,-90.62,49.75
8,43.47,109.84,-90.9,50.03
8,43.57,109.84,-91.17,50.05
8,43.67,109.83,-91.45,49.92
8,43.77,109.83,-91.72,49.98
8,43.87,109.82,-91.99,50.07
8,43.97,109.82,-92.27,50.03
8,44.07,109.81,-92.54,49.84
8,44.17,109.8,-92.82,50.13
8,44.27,109.79,-93.09,50.17
8,44.37,109.79,-93.37,49.95
8,44.47,109.78,-93.64,49.81
8,44.57,109.77,-93.92,50.08
8,44.67,109.76,-94.19,49.93
8,44.77,109.75,-94.47,50.05
8,44.87,109.74,-94.74,50.22
8,44.97,109.73,-95.02,49.85
8,45.08,109.72,-95.29,49.92
8,45.18,109.71,-95.57,49.98
8,45.28,109.69,-95.84,50.13
8,45.38,109.68,-96.12,50.36
8,45.48,109.67,-96.4,50.02
8,45.58,109.66,-96.67,49.84
8,45.68,109.64,-96.95,49.97
8,45.78,109.63,-97.22,49.92
8,45.88,109.62,-97.5,50.07
8,45.98,109.6,-97.78,50.04
8,46.08,109.59,-98.05,49.9
8,46.18,109.57,-98.33,49.92
8,46.28,109.55,-98.61,49.96
8,46.38,109.54,-98.88,49.98
8,46.48,109.52,-99.16,50.0
8,46.58,109.5,-99.44,50.0
8,46.68,109.49,-99.71,50.12
8,46.78,109.47,-99.99,49.96
8,46.88,109.45,-100.27,49.95
8,46.98,109.43,-100.55,49.87
8,47.08,109.41,-100.82,49.98
8,47.18,109.39,-101.1,50.03
8,47.28,109.37,-101.38,49.83
8,47.38,109.35,-101.66,49.97
8,47.48,109.33,-101.93,50.12
8,47.58,109.31,-102.21,50.06
8,47.68,109.29,-102.49,50.04
8,47.78,109.27,-102.77,50.06
8,47.88,109.25,-103.05,49.94
8,47.98,109.23,-103.33,49.93
8,48.08,109.2,-103.6,50.13
8,48.18,109.18,-103.88,50.08
8,48.28,109.16,-104.16,49.93
8,48.38,109.13,-104.44,49.81
8,48.48,109.11,-104.72,49.93
8,48.58,109.08,-105.0,50.05
8,48.68,109.06,-105.28,49.93
8,48.78,109.03,-105.56,50.03
8,48.88,109.01,-105.84,50.14
8,48.98,108.98,-106.11,49.99
8,49.08,108.95,-106.39,50.02
8,49.18,108.93,-106.67,50.07
8,49.28,108.9,-106.95,49.89
8,49.38,108.87,-107.23,49.92
8,49.48,108.84,-107.51,50.07
8,49.58,108.82,-107.79,50.0
8,49.68,108.79,-108.07,50.01
8,49.78,108.76,-108.35,50.0
8,49.88,108.73,-108.63,50.1
8,49.98,108.7,-108.91,50.04
8,50.08,108.67,-109.19,50.04
8,50.18,108.64,-109.47,50.12
8,50.28,108.61,-109.75,50.16
8,50.38,108.58,-110.03,50.22
8,50.48,108.55,-110.31,49.94
8,50.58,108.51,-110.6,50.25
8,50.68,108.48,-110.88,49.89
8,50.78,108.45,-111.16,50.19
8,50.88,108.42,-111.44,49.94
8,50.98,108.38,-111.72,49.99
8,51.09,108.35,-112.0,50.0
8,51.19,108.32,-112.28,49.91
8,51.29,108.28,-112.56,50.01
8,51.39,108.25,-112.84,49.92
8,51.49,108.21,-113.13,49.88
8,51.59,108.18,-113.41,50.0
8,51.69,108.14,-113.69,50.16
8,51.79,108.11,-113.97,49.97
8,51.89,108.07,-114.25,50.09
8,51.99,108.03,-114.53,49.92
8,52.09,108.0,-114.82,49.87
8,52.19,107.96,-115.1,50.05
8,52.29,107.92,-115.38,50.18
8,52.39,107.88,-115.66,50.02
8,52.49,107.85,-115.94,50.08
8,52.59,107.81,-116.23,50.15
8,52.69,107.77,-116.51,50.0
8,52.79,107.73,-116.79,49.98
8,52.89,107.69,-117.07,50.05
8,52.99,107.65,-117.36,50.07
8,53.09,107.61,-117.64,49.86
8,53.19,107.57,-117.92,50.03
8,53.29,107.53,-118.21,50.0
8,53.39,107.49,-118.49,49.92
8,53.49,107.45,-118.77,49.99
8,53.59,107.41,-119.05,49.88
8,53.69,107.36,-119.34,49.85
8,53.79,107.32,-119.62,50.01
8,53.89,107.28,-119.9,50.09
8,53.99,107.24,-120.19,49.97
8,54.09,107.19,-120.47,49.9
8,54.19,107.15,-120.76,49.92
8,54.29,107.11,-121.04,50.05
8,54.39,107.06,-121.32,50.17
8,54.49,107.02,-121.61,50.08
8,54.59,106.97,-121.89,50.13
8,54.69,106.93,-122.17,49.9
8,54.79,106.88,-122.46,49.99
8,54.89,106.84,-122.74,50.1
8,54.99,106.79,-123.03,49.86
8,55.09,106.75,-123.31,49.93
8,55.19,106.7,-123.6,50.09
8,55.29,106.65,-123.88,50.03
8,55.39,106.61,-124.16,49.9
8,55.49,106.56,-124.45,49.84
8,55.59,106.51,-124.73,50.13
8,55.69,106.46,-125.02,49.79
8,55.79,106.41,-125.3,50.06
8,55.89,106.37,-125.59,49.95
8,55.99,106.32,-125.87,50.1
8,56.09,106.27,-126.16,49.9
8,56.19,106.22,-126.44,50.26
8,56.29,106.17,-126.73,50.04
8,56.39,106.12,-127.01,50.06
8,56.49,106.07,-127.3,49.92
8,56.59,106.02,-127.58,49.99
8,56.69,105.97,-127.87,49.99
8,56.79,105.92,-128.16,50.18
8,56.89,105.86,-128.44,50.04
8,56.99,105.81,-128.73,50.05
8,57.1,105.76,-129.01,50.05
8,57.2,105.71,-129.3,50.06
8,57.3,105.66,-129.58,49.86
8,57.4,105.6,-129.87,50.2
8,57.5,105.55,-130.16,49.91
8,57.6,105.5,-130.44,50.0
8,57.7,105.44,-130.73,50.15
8,57.8,105.39,-131.01,50.19
8,57.9,105.34,-131.3,50.08
8,58.0,105.28,-131.59,49.95
8,58.1,105.23,-131.87,50.01
8,58.2,105.17,-132.16,50.02
8,58.3,105.12,-132.45,50.02
8,58.4,105.06,-132.73,49.88
8,58.5,105.01,-133.02,50.13
8,58.6,104.95,-133.31,50.01
8,58.7,104.89,-133.59,49.93
8,58.8,104.84,-133.88,49.95
8,58.9,104.78,-134.17,50.03
8,59.0,104.72,-134.45,49.86
8,59.1,104.67,-134.74,50.09
8,59.2,104.61,-135.03,50.02
8,59.3,104.55,-135.32,50.16
8,59.4,104.49,-135.6,50.01
8,59.5,104.43,-135.89,49.89
8,59.6,104.37,-136.18,49.88
8,59.7,104.32,-136.47,49.96
8,59.8,104.26,-136.75,49.97
8,59.9,104.2,-137.04,49.94
8,60.0,104.14,-137.33,50.01
9,0.0,0.0,0.0,0.0
9,0.1,0.59,0.0,49.94
9,0.2,1.18,0.01,50.06
9,0.3,1.77,0.02,49.97
9,0.4,2.36,0.03,50.12
9,0.5,2.95,0.05,50.07
9,0.6,3.55,0.06,50.02
9,0.7,4.14,0.08,49.98
9,0.8,4.74,0.11,49.85
9,0.9,5.34,0.13,50.14
9,1.0,5.93,0.16,49.93
9,1.1,6.53,0.19,50.01
9,1.2,7.13,0.22,50.03
9,1.3,7.73,0.26,49.98
9,1.4,8.33,0.3,50.14
9,1.5,8.93,0.34,49.88
9,1.6,9.53,0.38,50.17
9,1.7,10.14,0.42,50.07
9,1.8,10.74,0.47,49.98
9,1.9,11.34,0.52,49.98
9,2.0,11.95,0.57,49.78
9,2.1,12.55,0.62,49.92
9,2.2,13.16,0.67,49.96
9,2.3,13.77,0.73,50.02
9,2.4,14.37,0.79,50.13
9,2.5,14.98,0.85,50.2
9,2.6,15.59,0.91,50.03
9,2.7,16.2,0.97,50.02
9,2.8,16.81,1.03,49.95
9,2.9,17.42,1.1,49.83
9,3.01,18.03,1.17,49.94
9,3.11,18.64,1.24,49.98
9,3.21,19.25,1.31,50.1
9,3.31,19.86,1.38,50.05
9,3.41,20.48,1.45,50.02
9,3.51,21.09,1.53,49.94
9,3.61,21.7,1.61,49.8
9,3.71,22.32,1.68,49.81
9,3.81,22.93,1.76,49.83
9,3.91,23.55,1.84,49.97
9,4.01,24.16,1.93,50.1
9,4.11,24.78,2.01,50.1
9,4.21,25.4,2.09,50.08
9,4.31,26.01,2.18,49.95
9,4.41,26.63,2.27,50.11
9,4.51,27.25,2.35,49.91
9,4.61,27.86,2.44,50.09
9,4.71,28.48,2.53,49.83
9,4.81,29.1,2.63,49.88
9,4.91,29.72,2.72,50.17
9,5.01,30.34,2.81,49.98
9,5.11,30.96,2.91,49.93
9,5.21,31.58,3.01,50.11
9,5.31,32.2,3.1,50.12
9,5.41,32.82,3.2,49.96
9,5.51,33.44,3.3,50.03
9,5.61,34.07,3.4,50.01
9,5.71,34.69,3.5,49.72
9,5.81,35.31,3.6,49.86
9,5.91,35.93,3.71,50.09
9,6.01,36.56,3.81,49.92
9,6.11,37.18,3.92,50.05
9,6.21,37.8,4.02,50.03
9,6.31,38.43,4.13,50.12
9,6.41,39.05,4.24,49.86
9,6.51,39.68,4.35,50.04
9,6.61,40.3,4.46,49.99
9,6.71,40.92,4.57,49.92
9,6.81,41.55,4.68,49.92
9,6.91,42.18,4.79,50.02
9,7.01,42.8,4.9,50.06
9,7.11,43.43,5.02,50.01
9,7.21,44.05,5.13,50.01
9,7.31,44.68,5.25,49.95
9,7.41,45.31,5.36,49.96
9,7.51,45.94,5.48,49.92
9,7.61,46.56,5.6,49.95
9,7.71,47.19,5.72,50.06
9,7.81,47.82,5.84,50.07
9,7.91,48.45,5.96,49.87
9,8.01,49.08,6.08,49.91
9,8.11,49.7,6.2,49.93
9,8.21,50.33,6.32,49.99
9,8.31,50.96,6.44,49.83
9,8.41,51.59,6.57,49.91
9,8.51,52.22,6.69,49.86
9,8.61,52.85,6.82,50.04
9,8.71,53.48,6.94,50.0
9,8.81,54.11,7.07,49.95
9,8.91,54.74,7.19,49.89
9,9.02,55.37,7.32,49.96
9,9.12,56.0,7.45,49.94
9,9.22,56.64,7.58,50.16
9,9.32,57.27,7.71,50.1
9,9.42,57.9,7.84,49.93
9,9.52,58.53,7.97,50.02
9,9.62,59.16,8.1,50.09
9,9.72,59.79,8.23,49.93
9,9.82,60.43,8.36,49.86
9,9.92,61.06,8.49,49.82
9,10.02,61.69,8.63,50.13
9,10.12,62.32,8.76,49.98
9,10.22,62.96,8.89,50.03
9,10.32,63.59,9.03,49.94
9,10.42,64.22,9.16,49.87
9,10.52,64.86,9.3,49.89
9,10.62,65.49,9.44,49.87
9,10.72,66.13,9.57,50.08
9,10.82,66.76,9.71,50.15
9,10.92,67.39,9.85,50.0
9,11.02,68.03,9.99,49.85
9,11.12,68.66,10.13,50.05
9,11.22,69.3,10.26,50.13
9,11.32,69.93,10.4,50.1
9,11.42,70.57,10.54,50.0
9,11.52,71.2,10.69,49.98
9,11.62,71.84,10.83,50.0
9,11.72,72.47,10.97,50.12
9,11.82,73.11,11.11,50.08
9,11.92,73.75,11.25,49.96
9,12.02,74.38,11.4,49.96
9,12.12,75.02,11.54,49.95
9,12.22,75.66,11.68,49.89
9,12.32,76.29,11.83,50.14
9,12.42,76.93,11.97,49.92
9,12.52,77.57,12.12,50.05
9,12.62,78.2,12.26,49.93
9,12.72,78.84,12.41,49.95
9,12.82,79.48,12.56,49.99
9,12.92,80.11,12.7,50.05
9,13.02,80.75,12.85,49.97
9,13.12,81.39,13.0,49.89
9,13.22,82.03,13.15,50.0
9,13.32,82.66,13.29,49.92
9,13.42,83.3,13.44,50.15
9,13.52,83.94,13.59,49.97
9,13.62,84.58,13.74,49.93
9,13.72,85.22,13.89,50.2
9,13.82,85.86,14.04,50.07
9,13.92,86.49,14.19,49.91
9,14.02,87.13,14.34,49.92
9,14.12,87.77,14.5,50.05
9,14.22,88.41,14.65,50.0
9,14.32,89.05,14.8,50.09
9,14.42,89.69,14.95,49.93
9,14.52,90.33,15.11,50.07
9,14.62,90.97,15.26,49.78
9,14.72,91.61,15.41,49.98
9,14.82,92.25,15.57,49.94
9,14.92,92.89,15.72,49.95
9,15.03,93.53,15.87,49.99
9,15.13,94.17,16.03,50.11
9,15.23,94.81,16.18,49.88
9,15.33,95.45,16.34,49.78
9,15.43,96.09,16.5,49.9
9,15.53,96.73,16.65,50.1
9,15.63,97.37,16.81,49.84
9,15.73,98.01,16.97,49.94
9,15.83,98.65,17.12,50.08
9,15.93,99.29,17.28,49.99
9,16.03,99.93,17.44,50.11
9,16.13,100.57,17.6,49.8
9,16.23,101.21,17.75,49.97
9,16.33,101.86,17.91,50.13
9,16.43,102.5,18.07,49.89
9,16.53,103.14,18.23,50.1
9,16.63,103.78,18.39,49.98
9,16.73,104.42,18.55,50.04
9,16.83,105.06,18.71,50.13
9,16.93,105.71,18.87,50.04
9,17.03,106.35,19.03,49.94
9,17.13,106.99,19.19,50.06
9,17.23,107.63,19.35,49.93
9,17.33,108.27,19.52,50.03
9,17.43,108.92,19.68,49.87
9,17.53,109.56,19.84,50.0
9,17.63,110.2,20.0,50.12
9,17.73,110.84,20.16,49.97
9,17.83,111.49,20.33,50.11
9,17.93,112.13,20.49,50.31
9,18.03,112.77,20.65,50.0
9,18.13,113.42,20.82,50.06
9,18.23,114.06,20.98,50.05
9,18.33,114.7,21.14,50.02
9,18.43,115.35,21.31,50.08
9,18.53,115.99,21.47,49.98
9,18.63,116.63,21.64,49.93
9,18.73,117.28,21.8,49.85
9,18.83,117.92,21.97,49.97
9,18.93,118.56,22.13,50.09
9,19.03,119.21,22.3,49.91
9,19.13,119.85,22.47,50.02
9,19.23,120.49,22.63,49.99
9,19.33,121.14,22.8,49.94
9,19.43,121.78,22.97,49.81
9,19.53,122.43,23.13,50.14
9,19.63,123.07,23.3,50.05
9,19.73,123.72,23.47,50.27
9,19.83,124.36,23.63,50.11
9,19.93,125.0,23.8,50.13
9,20.03,125.65,23.97,49.83
9,20.13,126.29,24.14,49.82
9,20.23,126.94,24.31,50.0
9,20.33,127.58,24.48,49.89
9,20.43,128.23,24.65,49.93
9,20.53,128.87,24.81,50.25
9,20.63,129.52,24.98,50.12
9,20.73,130.16,25.15,49.91
9,20.83,130.81,25.32,49.76
9,20.93,131.45,25.49,49.9
9,21.04,132.1,25.66,49.94
9,21.14,132.74,25.83,49.97
9,21.24,133.39,26.0,49.87
9,21.34,134.03,26.18,50.11
9,21.44,134.68,26.35,49.93
9,21.54,135.32,26.52,50.06
9,21.64,135.97,26.69,50.01
9,21.74,136.62,26.86,50.09
9,21.84,137.26,27.03,49.98
9,21.94,137.91,27.2,49.91
9,22.04,138.55,27.38,49.94
9,22.14,139.2,27.55,49.94
9,22.24,139.85,27.72,50.21
9,22.34,140.49,27.89,50.01
9,22.44,141.14,28.07,50.0
9,22.54,141.78,28.24,50.09
9,22.64,142.43,28.41,50.0
9,22.74,143.08,28.59,50.11
9,22.84,143.72,28.76,49.96
9,22.94,144.37,28.94,49.95
9,23.04,145.02,29.11,49.9
9,23.14,145.66,29.28,50.19
9,23.24,146.31,29.46,49.99
9,23.34,146.96,29.63,49.88
9,23.44,147.6,29.81,50.02
9,23.54,148.25,29.98,49.93
9,23.64,148.9,30.16,49.96
9,23.74,149.54,30.33,50.03
9,23.84,150.19,30.51,50.15
9,23.94,150.84,30.68,50.01
9,24.04,151.48,30.86,49.93
9,24.14,152.13,31.04,49.95
9,24.24,152.78,31.21,50.07
9,24.34,153.43,31.39,49.8
9,24.44,154.07,31.56,49.9
9,24.54,154.72,31.74,50.02
9,24.64,155.37,31.92,49.83
9,24.74,156.02,32.09,49.97
9,24.84,156.66,32.27,49.95
9,24.94,157.31,32.45,50.09
9,25.04,157.96,32.63,49.97
9,25.14,158.61,32.8,50.12
9,25.24,159.25,32.98,50.01
9,25.34,159.9,33.16,50.18
9,25.44,160.55,33.34,49.86
9,25.54,161.2,33.52,50.16
9,25.64,161.85,33.69,49.96
9,25.74,162.49,33.87,50.15
9,25.84,163.14,34.05,50.12
9,25.94,163.79,34.23,49.71
9,26.04,164.44,34.41,50.05
9,26.14,165.09,34.59,50.1
9,26.24,165.73,34.77,50.13
9,26.34,166.38,34.95,49.88
9,26.44,167.03,35.13,50.06
9,26.54,167.68,35.31,50.02
9,26.64,168.33,35.49,50.04
9,26.74,168.98,35.67,50.1
9,26.84,169.62,35.85,50.12
9,26.94,170.27,36.03,49.93
9,27.05,170.92,36.21,50.03
9,27.15,171.57,36.39,50.0
9,27.25,172.22,36.57,49.98
9,27.35,172.87,36.75,49.99
9,27.45,173.52,36.93,50.02
9,27.55,174.17,37.11,49.94
9,27.65,174.81,37.29,50.09
9,27.75,175.46,37.47,50.13
9,27.85,176.11,37.65,49.92
9,27.95,176.76,37.84,50.13
9,28.05,177.41,38.02,49.92
9,28.15,178.06,38.2,50.09
9,28.25,178.71,38.38,50.13
9,28.35,179.36,38.56,49.99
9,28.45,180.01,38.75,49.92
9,28.55,180.66,38.93,49.94
9,28.65,181.31,39.11,50.04
9,28.75,181.96,39.29,50.2
9,28.85,182.61,39.48,49.83
9,28.95,183.25,39.66,50.01
9,29.05,183.9,39.84,49.99
9,29.15,184.55,40.03,49.95
9,29.25,185.2,40.21,49.99
9,29.35,185.85,40.39,49.95
9,29.45,186.5,40.58,50.12
9,29.55,187.15,40.76,50.13
9,29.65,187.8,40.94,50.01
9,29.75,188.45,41.13,49.99
9,29.85,189.1,41.31,49.95
9,29.95,189.75,41.5,50.01
9,30.05,190.4,41.68,50.18
9,30.15,191.05,41.86,49.99
9,30.25,191.7,42.05,49.92
9,30.35,192.35,42.23,49.96
9,30.45,193.0,42.42,50.08
9,30.55,193.65,42.6,49.93
9,30.65,194.3,42.79,50.0
9,30.75,194.95,42.97,50.05
9,30.85,195.6,43.16,49.94
9,30.95,196.25,43.34,49.82
9,31.05,196.9,43.53,49.89
9,31.15,197.55,43.71,49.91
9,31.25,198.2,43.9,49.98
9,31.35,198.85,44.09,50.0
9,31.45,199.51,44.27,50.08
9,31.55,200.16,44.46,49.88
9,31.65,200.81,44.64,50.07
9,31.75,201.46,44.83,49.96
9,31.85,202.11,45.02,49.82
9,31.95,202.76,45.2,50.0
9,32.05,203.41,45.39,50.13
9,32.15,204.06,45.58,50.09
9,32.25,204.71,45.76,49.99
9,32.35,205.36,45.95,50.11
9,32.45,206.01,46.14,50.02
9,32.55,206.66,46.32,50.1
9,32.65,207.31,46.51,49.83
9,32.75,207.96,46.7,49.88
9,32.85,208.62,46.88,50.07
9,32.95,209.27,47.07,50.15
9,33.06,209.92,47.26,50.04
9,33.16,210.57,47.45,49.95
9,33.26,211.22,47.63,49.91
9,33.36,211.87,47.82,49.97
9,33.46,212.52,48.01,50.12
9,33.56,213.17,48.2,49.97
9,33.66,213.82,48.39,50.1
9,33.76,214.48,48.57,50.07
9,33.86,215.13,48.76,50.17
9,33.96,215.78,48.95,50.02
9,34.06,216.43,49.14,50.0
9,34.16,217.08,49.33,50.11
9,34.26,217.73,49.52,49.91
9,34.36,218.38,49.71,49.96
9,34.46,219.04,49.9,49.83
9,34.56,219.69,50.08,49.87
9,34.66,220.34,50.27,50.19
9,34.76,220.99,50.46,50.07
9,34.86,221.64,50.65,49.86
9,34.96,222.29,50.84,50.12
9,35.06,222.95,51.03,49.93
9,35.16,223.6,51.22,50.06
9,35.26,224.25,51.41,50.06
9,35.36,224.9,51.6,50.17
9,35.46,225.55,51.79,49.95
9,35.56,226.2,51.98,49.93
9,35.66,226.86,52.17,49.73
9,35.76,227.51,52.36,49.99
9,35.86,228.16,52.55,50.07
9,35.96,228.81,52.74,50.09
9,36.06,229.46,52.93,50.13
9,36.16,230.12,53.12,50.03
9,36.26,230.77,53.31,50.05
9,36.36,231.42,53.5,50.01
9,36.46,232.07,53.69,50.07
9,36.56,232.72,53.88,49.91
9,36.66,233.38,54.07,49.86
9,36.76,234.03,54.26,49.92
9,36.86,234.68,54.46,50.02
9,36.96,235.33,54.65,49.87
9,37.06,235.99,54.84,49.94
9,37.16,236.64,55.03,49.94
9,37.26,237.29,55.22,50.08
9,37.36,237.94,55.41,50.07
9,37.46,238.6,55.6,50.01
9,37.56,239.25,55.8,50.05
9,37.66,239.9,55.99,50.05
9,37.76,240.55,56.18,49.96
9,37.86,241.21,56.37,49.95
9,37.96,241.86,56.56,50.15
9,38.06,242.51,56.75,49.75
9,38.16,243.16,56.95,49.93
9,38.26,243.82,57.14,49.98
9,38.36,244.47,57.33,50.06
9,38.46,245.12,57.52,50.11
9,38.56,245.77,57.72,50.19
9,38.66,246.43,57.91,49.99
9,38.76,247.08,58.1,50.0
9,38.86,247.73,58.29,50.04
9,38.96,248.38,58.49,49.95
9,39.07,249.04,58.68,49.88
9,39.17,249.69,58.87,49.99
9,39.27,250.34,59.07,50.07
9,39.37,251.0,59.26,49.98
9,39.47,251.65,59.45,50.04
9,39.57,252.3,59.64,49.81
9,39.67,252.96,59.84,50.0
9,39.77,253.61,60.03,49.96
9,39.87,254.26,60.22,49.87
9,39.97,254.91,60.42,50.07
9,40.07,255.57,60.61,50.18
9,40.17,256.22,60.81,50.1
9,40.27,256.87,61.0,50.11
9,40.37,257.53,61.19,50.07
9,40.47,258.18,61.39,50.06
9,40.57,258.83,61.58,49.82
9,40.67,259.49,61.77,49.99
9,40.77,260.14,61.97,50.05
9,40.87,260.79,62.16,50.05
9,40.97,261.45,62.36,50.13
9,41.07,262.1,62.55,49.9
9,41.17,262.75,62.75,50.06
9,41.27,263.41,62.94,49.89
9,41.37,264.06,63.13,49.98
9,41.47,264.71,63.33,49.99
9,41.57,265.37,63.52,50.09
9,41.67,266.02,63.72,50.07
9,41.77,266.67,63.91,50.01
9,41.87,267.33,64.11,49.78
9,41.97,267.98,64.3,50.04
9,42.07,268.63,64.5,49.97
9,42.17,269.29,64.69,50.14
9,42.27,269.94,64.89,50.12
9,42.37,270.6,65.08,49.91
9,42.47,271.25,65.28,50.06
9,42.57,271.9,65.47,50.06
9,42.67,272.56,65.67,50.05
9,42.77,273.21,65.86,50.04
9,42.87,273.86,66.06,50.06
9,42.97,274.52,66.26,50.15
9,43.07,275.17,66.45,49.94
9,43.17,275.82,66.65,49.91
9,43.27,276.48,66.84,50.08
9,43.37,277.13,67.04,49.81
9,43.47,277.79,67.23,50.07
9,43.57,278.44,67.43,50.05
9,43.67,279.09,67.63,49.77
9,43.77,279.75,67.82,49.94
9,43.87,280.4,68.02,50.16
9,43.97,281.06,68.21,49.85
9,44.07,281.71,68.41,50.02
9,44.17,282.36,68.61,49.9
9,44.27,283.02,68.8,49.93
9,44.37,283.67,69.0,50.19
9,44.47,284.33,69.2,50.01
9,44.57,284.98,69.39,50.05
9,44.67,285.63,69.59,49.99
9,44.77,286.29,69.79,49.85
9,44.87,286.94,69.98,49.88
9,44.97,287.6,70.18,50.12
9,45.08,288.25,70.38,50.02
9,45.18,288.91,70.57,49.92
9,45.28,289.56,70.77,50.0
9,45.38,290.21,70.97,50.07
9,45.48,290.87,71.17,50.05
9,45.58,291.52,71.36,49.92
9,45.68,292.18,71.56,49.84
9,45.78,292.83,71.76,49.96
9,45.88,293.49,71.95,50.11
9,45.98,294.14,72.15,50.09
9,46.08,294.79,72.35,50.04
9,46.18,295.45,72.55,49.98
9,46.28,296.1,72.74,49.95
9,46.38,296.76,72.94,49.98
9,46.48,297.41,73.14,50.08
9,46.58,298.07,73.34,50.1
9,46.68,298.72,73.53,49.97
9,46.78,299.38,73.73,50.25
9,46.88,300.03,73.93,50.01
9,46.98,300.68,74.13,49.97
9,47.08,301.34,74.33,50.15
9,47.18,301.99,74.52,49.8
9,47.28,302.65,74.72,50.05
9,47.38,303.3,74.92,49.99
9,47.48,303.96,75.12,50.14
9,47.58,304.61,75.32,50.06
9,47.68,305.27,75.52,50.01
9,47.78,305.92,75.71,50.07
9,47.88,306.58,75.91,49.89
9,47.98,307.23,76.11,50.1
9,48.08,307.89,76.31,49.87
9,48.18,308.54,76.51,50.04
9,48.28,309.2,76.71,50.0
9,48.38,309.85,76.91,49.82
9,48.48,310.51,77.1,50.01
9,48.58,311.16,77.3,50.03
9,48.68,311.82,77.5,49.93
9,48.78,312.47,77.7,49.9
9,48.88,313.13,77.9,50.05
9,48.98,313.78,78.1,50.04
9,49.08,314.44,78.3,50.02
9,49.18,315.09,78.5,50.0
9,49.28,315.75,78.7,49.94
9,49.38,316.4,78.9,50.23
9,49.48,317.06,79.1,49.97
9,49.58,317.71,79.3,49.91
9,49.68,318.37,79.49,50.01
9,49.78,319.02,79.69,49.98
9,49.88,319.68,79.89,49.97
9,49.98,320.33,80.09,50.19
9,50.08,320.99,80.29,49.89
9,50.18,321.64,80.49,50.0
9,50.28,322.3,80.69,49.89
9,50.38,322.95,80.89,49.95
9,50.48,323.61,81.09,50.17
9,50.58,324.26,81.29,50.03
9,50.68,324.92,81.49,50.03
9,50.78,325.57,81.69,49.91
9,50.88,326.23,81.89,49.96
9,50.98,326.88,82.09,50.18
9,51.09,327.54,82.29,50.05
9,51.19,328.19,82.49,49.97
9,51.29,328.85,82.69,50.04
9,51.39,329.5,82.89,50.03
9,51.49,330.16,83.09,49.92
9,51.59,330.81,83.29,49.96
9,51.69,331.47,83.49,50.23
9,51.79,332.13,83.69,50.04
9,51.89,332.78,83.89,49.84
9,51.99,333.44,84.09,50.05
9,52.09,334.09,84.3,50.13
9,52.19,334.75,84.5,49.91
9,52.29,335.4,84.7,49.95
9,52.39,336.06,84.9,50.15
9,52.49,336.71,85.1,50.0
9,52.59,337.37,85.3,49.99
9,52.69,338.02,85.5,49.87
9,52.79,338.68,85.7,50.11
9,52.89,339.34,85.9,49.98
9,52.99,339.99,86.1,49.78
9,53.09,340.65,86.3,49.84
9,53.19,341.3,86.5,49.94
9,53.29,341.96,86.71,49.89
9,53.39,342.61,86.91,49.91
9,53.49,343.27,87.11,50.23
9,53.59,343.93,87.31,50.07
9,53.69,344.58,87.51,49.74
9,53.79,345.24,87.71,49.97
9,53.89,345.89,87.91,49.99
9,53.99,346.55,88.11,49.85
9,54.09,347.2,88.32,50.05
9,54.19,347.86,88.52,49.8
9,54.29,348.52,88.72,50.11
9,54.39,349.17,88.92,50.14
9,54.49,349.83,89.12,50.24
9,54.59,350.48,89.32,49.84
9,54.69,351.14,89.53,49.86
9,54.79,351.79,89.73,50.07
9,54.89,352.45,89.93,50.12
9,54.99,353.11,90.13,50.08
9,55.09,353.76,90.33,50.11
9,55.19,354.42,90.54,50.14
9,55.29,355.07,90.74,50.02
9,55.39,355.73,90.94,49.98
9,55.49,356.39,91.14,49.86
9,55.59,357.04,91.34,49.97
9,55.69,357.7,91.55,49.99
9,55.79,358.35,91.75,49.91
9,55.89,359.01,91.95,50.0
9,55.99,359.67,92.15,49.89
9,56.09,360.32,92.36,50.11
9,56.19,360.98,92.56,50.04
9,56.29,361.63,92.76,49.95
9,56.39,362.29,92.96,50.02
9,56.49,362.95,93.16,49.89
9,56.59,363.6,93.37,49.9
9,56.69,364.26,93.57,49.94
9,56.79,364.91,93.77,49.98
9,56.89,365.57,93.98,50.01
9,56.99,366.23,94.18,50.01
9,57.1,366.88,94.38,49.87
9,57.2,367.54,94.58,49.99
9,57.3,368.2,94.79,49.92
9,57.4,368.85,94.99,49.66
9,57.5,369.51,95.19,50.31
9,57.6,370.16,95.39,49.92
9,57.7,370.82,95.6,49.93
9,57.8,371.48,95.8,49.87
9,57.9,372.13,96.0,49.89
9,58.0,372.79,96.21,49.98
9,58.1,373.45,96.41,50.14
9,58.2,374.1,96.61,49.98
9,58.3,374.76,96.82,49.97
9,58.4,375.41,97.02,50.12
9,58.5,376.07,97.22,49.95
9,58.6,376.73,97.43,50.0
9,58.7,377.38,97.63,49.91
9,58.8,378.04,97.83,50.17
9,58.9,378.7,98.04,50.1
9,59.0,379.35,98.24,49.98
9,59.1,380.01,98.44,49.96
9,59.2,380.67,98.65,50.0
9,59.3,381.32,98.85,49.99
9,59.4,381.98,99.05,49.85
9,59.5,382.64,99.26,50.11
9,59.6,383.29,99.46,49.98
9,59.7,383.95,99.67,50.19
9,59.8,384.6,99.87,50.04
9,59.9,385.26,100.07,49.75
9,60.0,385.92,100.28,49.87
10,0.0,0.0,0.0,0.0
10,0.1,0.91,-0.0,49.97
10,0.2,1.78,-0.01,50.07
10,0.3,2.62,-0.02,50.0
10,0.4,3.43,-0.03,49.98
10,0.5,4.2,-0.04,50.2
10,0.6,4.94,-0.05,50.02
10,0.7,5.66,-0.07,49.99
10,0.8,6.35,-0.09,49.91
10,0.9,7.02,-0.11,49.88
10,1.0,7.66,-0.13,50.08
10,1.1,8.28,-0.16,50.07
10,1.2,8.87,-0.18,50.16
10,1.3,9.45,-0.21,50.05
10,1.4,10.0,-0.24,49.96
10,1.5,10.54,-0.27,50.05
10,1.6,11.05,-0.3,49.99
10,1.7,11.55,-0.33,50.09
10,1.8,12.03,-0.37,50.13
10,1.9,12.5,-0.4,49.98
10,2.0,12.95,-0.44,50.18
10,2.1,13.38,-0.48,50.12
10,2.2,13.8,-0.52,50.0
10,2.3,14.2,-0.56,50.07
10,2.4,14.59,-0.6,50.03
10,2.5,14.97,-0.64,50.0
10,2.6,15.33,-0.68,50.19
10,2.7,15.69,-0.73,50.05
10,2.8,16.03,-0.77,49.92
10,2.9,16.35,-0.82,49.9
10,3.01,16.67,-0.86,49.9
10,3.11,16.98,-0.91,50.05
10,3.21,17.27,-0.96,49.97
10,3.31,17.56,-1.01,50.03
10,3.41,17.83,-1.06,50.09
10,3.51,18.1,-1.11,50.2
10,3.61,18.35,-1.16,49.97
10,3.71,18.6,-1.21,49.86
10,3.81,18.84,-1.26,50.18
10,3.91,19.07,-1.31,49.85
10,4.01,19.29,-1.37,49.85
10,4.11,19.5,-1.42,50.18
10,4.21,19.71,-1.47,50.11
10,4.31,19.9,-1.53,50.05
10,4.41,20.09,-1.59,50.0
10,4.51,20.27,-1.64,49.98
10,4.61,20.45,-1.7,49.93
10,4.71,20.62,-1.76,49.97
10,4.81,20.78,-1.81,50.0
10,4.91,20.93,-1.87,49.86
10,5.01,21.08,-1.93,49.92
10,5.11,21.22,-1.99,49.79
10,5.21,21.35,-2.05,50.01
10,5.31,21.48,-2.11,50.01
10,5.41,21.61,-2.17,50.18
10,5.51,21.72,-2.23,50.04
10,5.61,21.83,-2.29,49.94
10,5.71,21.94,-2.35,49.98
10,5.81,22.04,-2.42,50.05
10,5.91,22.13,-2.48,50.02
10,6.01,22.22,-2.54,50.06
10,6.11,22.31,-2.6,50.04
10,6.21,22.39,-2.67,49.97
10,6.31,22.46,-2.73,49.95
10,6.41,22.53,-2.8,49.94
10,6.51,22.6,-2.86,49.91
10,6.61,22.66,-2.93,49.89
10,6.71,22.71,-2.99,50.18
10,6.81,22.77,-3.06,50.01
10,6.91,22.81,-3.12,49.98
10,7.01,22.86,-3.19,49.95
10,7.11,22.9,-3.26,50.04
10,7.21,22.93,-3.32,50.12
10,7.31,22.96,-3.39,50.07
10,7.41,22.99,-3.46,50.09
10,7.51,23.01,-3.53,49.94
10,7.61,23.03,-3.59,50.0
10,7.71,23.05,-3.66,49.94
10,7.81,23.06,-3.73,50.01
10,7.91,23.07,-3.8,50.13
10,8.01,23.07,-3.87,50.04
10,8.11,23.07,-3.94,50.16
10,8.21,23.07,-4.01,49.97
10,8.31,23.06,-4.08,49.92
10,8.41,23.05,-4.15,50.05
10,8.51,23.04,-4.22,50.01
10,8.61,23.03,-4.29,50.03
10,8.71,23.01,-4.36,50.02
10,8.81,22.99,-4.43,49.95
10,8.91,22.96,-4.5,50.02
10,9.02,22.93,-4.57,50.1
10,9.12,22.9,-4.65,50.11
10,9.22,22.87,-4.72,49.95
10,9.32,22.83,-4.79,50.02
10,9.42,22.79,-4.86,50.15
10,9.52,22.75,-4.93,49.95
10,9.62,22.71,-5.01,49.94
10,9.72,22.66,-5.08,50.08
10,9.82,22.61,-5.15,50.06
10,9.92,22.56,-5.23,49.92
10,10.02,22.5,-5.3,49.86
10,10.12,22.44,-5.37,50.02
10,10.22,22.38,-5.45,49.96
10,10.32,22.32,-5.52,49.83
10,10.42,22.25,-5.6,49.93
10,10.52,22.19,-5.67,50.06
10,10.62,22.12,-5.75,49.98
10,10.72,22.04,-5.82,50.16
10,10.82,21.97,-5.9,49.79
10,10.92,21.89,-5.97,50.13
10,11.02,21.81,-6.05,49.97
10,11.12,21.73,-6.12,49.95
10,11.22,21.65,-6.2,49.84
10,11.32,21.56,-6.27,50.05
10,11.42,21.48,-6.35,49.82
10,11.52,21.39,-6.43,50.08
10,11.62,21.3,-6.5,49.85
10,11.72,21.2,-6.58,49.86
10,11.82,21.11,-6.65,49.88
10,11.92,21.01,-6.73,49.93
10,12.02,20.91,-6.81,50.09
10,12.12,20.81,-6.88,50.15
10,12.22,20.7,-6.96,49.94
10,12.32,20.6,-7.04,50.0
10,12.42,20.49,-7.12,50.05
10,12.52,20.38,-7.19,49.97
10,12.62,20.27,-7.27,50.05
10,12.72,20.16,-7.35,50.0
10,12.82,20.04,-7.43,49.97
10,12.92,19.93,-7.51,49.86
10,13.02,19.81,-7.58,50.01
10,13.12,19.69,-7.66,50.1
10,13.22,19.57,-7.74,49.92
10,13.32,19.45,-7.82,49.8
10,13.42,19.32,-7.9,49.97
10,13.52,19.2,-7.98,50.15
10,13.62,19.07,-8.05,50.12
10,13.72,18.94,-8.13,49.94
10,13.82,18.81,-8.21,50.05
10,13.92,18.68,-8.29,50.06
10,14.02,18.54,-8.37,50.15
10,14.12,18.41,-8.45,49.84
10,14.22,18.27,-8.53,49.89
10,14.32,18.13,-8.61,49.8
10,14.42,17.99,-8.69,49.93
10,14.52,17.85,-8.77,50.11
10,14.62,17.71,-8.85,49.94
10,14.72,17.57,-8.93,49.87
10,14.82,17.42,-9.01,50.02
10,14.92,17.27,-9.09,50.03
10,15.03,17.12,-9.17,49.9
10,15.13,16.98,-9.25,49.95
10,15.23,16.82,-9.33,50.02
10,15.33,16.67,-9.41,50.07
10,15.43,16.52,-9.49,49.94
10,15.53,16.36,-9.57,49.92
10,15.63,16.21,-9.65,50.19
10,15.73,16.05,-9.74,49.97
10,15.83,15.89,-9.82,50.02
10,15.93,15.73,-9.9,50.06
10,16.03,15.57,-9.98,49.82
10,16.13,15.41,-10.06,50.0
10,16.23,15.25,-10.14,49.84
10,16.33,15.08,-10.22,49.99
10,16.43,14.91,-10.31,50.14
10,16.53,14.75,-10.39,49.9
10,16.63,14.58,-10.47,49.83
10,16.73,14.41,-10.55,50.19
10,16.83,14.24,-10.63,49.89
10,16.93,14.07,-10.72,49.85
10,17.03,13.9,-10.8,50.16
10,17.13,13.72,-10.88,49.88
10,17.23,13.55,-10.96,50.16
10,17.33,13.37,-11.04,50.03
10,17.43,13.19,-11.13,50.13
10,17.53,13.02,-11.21,50.02
10,17.63,12.84,-11.29,50.11
10,17.73,12.66,-11.37,49.91
10,17.83,12.48,-11.46,49.94
10,17.93,12.29,-11.54,49.79
10,18.03,12.11,-11.62,50.1
10,18.13,11.93,-11.71,50.04
10,18.23,11.74,-11.79,49.9
10,18.33,11.56,-11.87,49.83
10,18.43,11.37,-11.96,50.03
10,18.53,11.18,-12.04,50.17
10,18.63,10.99,-12.12,49.99
10,18.73,10.8,-12.21,49.93
10,18.83,10.61,-12.29,49.91
10,18.93,10.42,-12.37,50.12
10,19.03,10.23,-12.46,49.92
10,19.13,10.03,-12.54,49.96
10,19.23,9.84,-12.62,50.1
10,19.33,9.64,-12.71,50.06
10,19.43,9.45,-12.79,49.97
10,19.53,9.25,-12.88,49.93
10,19.63,9.05,-12.96,50.15
10,19.73,8.85,-13.04,49.89
10,19.83,8.65,-13.13,49.98
10,19.93,8.45,-13.21,49.85
10,20.03,8.25,-13.3,50.12
10,20.13,8.05,-13.38,49.95
10,20.23,7.84,-13.47,49.93
10,20.33,7.64,-13.55,50.07
10,20.43,7.43,-13.63,49.86
10,20.53,7.23,-13.72,50.06
10,20.63,7.02,-13.8,49.96
10,20.73,6.82,-13.89,49.88
10,20.83,6.61,-13.97,49.9
10,20.93,6.4,-14.06,49.93
10,21.04,6.19,-14.14,49.96
10,21.14,5.98,-14.23,49.88
10,21.24,5.77,-14.31,50.03
10,21.34,5.56,-14.4,49.88
10,21.44,5.34,-14.48,49.76
10,21.54,5.13,-14.57,50.19
10,21.64,4.92,-14.65,50.02
10,21.74,4.7,-14.74,50.2
10,21.84,4.49,-14.82,49.9
10,21.94,4.27,-14.91,50.05
10,22.04,4.05,-14.99,50.09
10,22.14,3.83,-15.08,49.98
10,22.24,3.62,-15.17,49.86
10,22.34,3.4,-15.25,49.97
10,22.44,3.18,-15.34,50.06
10,22.54,2.96,-15.42,50.06
10,22.64,2.74,-15.51,50.0
10,22.74,2.51,-15.59,50.09
10,22.84,2.29,-15.68,50.09
10,22.94,2.07,-15.77,49.95
10,23.04,1.84,-15.85,49.85
10,23.14,1.62,-15.94,50.02
10,23.24,1.39,-16.02,49.93
10,23.34,1.17,-16.11,50.01
10,23.44,0.94,-16.2,50.13
10,23.54,0.71,-16.28,50.04
10,23.64,0.49,-16.37,50.13
10,23.74,0.26,-16.45,49.9
10,23.84,0.03,-16.54,50.11
10,23.94,-0.2,-16.63,50.17
10,24.04,-0.43,-16.71,50.01
10,24.14,-0.66,-16.8,50.23
10,24.24,-0.89,-16.89,49.91
10,24.34,-1.13,-16.97,49.94
10,24.44,-1.36,-17.06,50.06
10,24.54,-1.59,-17.15,50.01
10,24.64,-1.82,-17.23,49.93
10,24.74,-2.06,-17.32,50.06
10,24.84,-2.29,-17.41,50.04
10,24.94,-2.53,-17.49,49.94
10,25.04,-2.77,-17.58,50.02
10,25.14,-3.0,-17.67,50.08
10,25.24,-3.24,-17.75,49.94
10,25.34,-3.48,-17.84,50.05
10,25.44,-3.72,-17.93,49.91
10,25.54,-3.96,-18.01,49.93
10,25.64,-4.19,-18.1,50.11
10,25.74,-4.43,-18.19,50.06
10,25.84,-4.68,-18.28,49.81
10,25.94,-4.92,-18.36,49.96
10,26.04,-5.16,-18.45,50.05
10,26.14,-5.4,-18.54,50.01
10,26.24,-5.64,-18.63,50.06
10,26.34,-5.89,-18.71,50.01
10,26.44,-6.13,-18.8,49.99
10,26.54,-6.37,-18.89,49.98
10,26.64,-6.62,-18.97,50.11
10,26.74,-6.87,-19.06,50.07
10,26.84,-7.11,-19.15,50.04
10,26.94,-7.36,-19.24,50.01
10,27.05,-7.6,-19.32,49.95
10,27.15,-7.85,-19.41,49.97
10,27.25,-8.1,-19.5,50.11
10,27.35,-8.35,-19.59,50.1
10,27.45,-8.6,-19.68,49.94
10,27.55,-8.85,-19.76,50.01
10,27.65,-9.1,-19.85,50.05
10,27.75,-9.35,-19.94,50.04
10,27.85,-9.6,-20.03,50.04
10,27.95,-9.85,-20.12,49.89
10,28.05,-10.1,-20.2,49.88
10,28.15,-10.35,-20.29,50.12
10,28.25,-10.6,-20.38,50.15
10,28.35,-10.86,-20.47,49.85
10,28.45,-11.11,-20.56,50.0
10,28.55,-11.36,-20.64,50.08
10,28.65,-11.62,-20.73,49.78
10,28.75,-11.87,-20.82,49.89
10,28.85,-12.13,-20.91,49.99
10,28.95,-12.39,-21.0,49.94
10,29.05,-12.64,-21.08,50.02
10,29.15,-12.9,-21.17,50.15
10,29.25,-13.16,-21.26,49.91
10,29.35,-13.41,-21.35,50.01
10,29.45,-13.67,-21.44,49.97
10,29.55,-13.93,-21.53,50.01
10,29.65,-14.19,-21.62,50.0
10,29.75,-14.45,-21.7,50.26
10,29.85,-14.71,-21.79,50.15
10,29.95,-14.97,-21.88,49.84
10,30.05,-15.23,-21.97,49.91
10,30.15,-15.49,-22.06,49.92
10,30.25,-15.75,-22.15,49.88
10,30.35,-16.01,-22.24,49.86
10,30.45,-16.27,-22.32,49.98
10,30.55,-16.54,-22.41,49.93
10,30.65,-16.8,-22.5,49.91
10,30.75,-17.06,-22.59,50.2
10,30.85,-17.33,-22.68,49.93
10,30.95,-17.59,-22.77,49.96
10,31.05,-17.85,-22.86,50.07
10,31.15,-18.12,-22.95,49.96
10,31.25,-18.38,-23.03,49.88
10,31.35,-18.65,-23.12,49.97
10,31.45,-18.92,-23.21,50.2
10,31.55,-19.18,-23.3,49.95
10,31.65,-19.45,-23.39,49.91
10,31.75,-19.72,-23.48,50.04
10,31.85,-19.98,-23.57,49.97
10,31.95,-20.25,-23.66,50.27
10,32.05,-20.52,-23.75,49.92
10,32.15,-20.79,-23.84,50.17
10,32.25,-21.06,-23.93,50.12
10,32.35,-21.33,-24.02,49.96
10,32.45,-21.6,-24.1,50.0
10,32.55,-21.87,-24.19,49.9
10,32.65,-22.14,-24.28,49.95
10,32.75,-22.41,-24.37,49.96
10,32.85,-22.68,-24.46,50.02
10,32.95,-22.95,-24.55,49.86
10,33.06,-23.22,-24.64,50.03
10,33.16,-23.5,-24.73,49.99
10,33.26,-23.77,-24.82,50.04
10,33.36,-24.04,-24.91,50.05
10,33.46,-24.31,-25.0,49.98
10,33.56,-24.59,-25.09,50.05
10,33.66,-24.86,-25.18,49.99
10,33.76,-25.14,-25.27,50.07
10,33.86,-25.41,-25.36,50.03
10,33.96,-25.69,-25.45,50.02
10,34.06,-25.96,-25.54,49.99
10,34.16,-26.24,-25.63,50.13
10,34.26,-26.51,-25.72,50.04
10,34.36,-26.79,-25.81,49.87
10,34.46,-27.07,-25.9,49.95
10,34.56,-27.34,-25.99,49.98
10,34.66,-27.62,-26.08,50.0
10,34.76,-27.9,-26.17,50.02
10,34.86,-28.18,-26.26,49.91
10,34.96,-28.45,-26.35,49.99
10,35.06,-28.73,-26.44,49.97
10,35.16,-29.01,-26.52,50.11
10,35.26,-29.29,-26.61,49.9
10,35.36,-29.57,-26.7,50.0
10,35.46,-29.85,-26.79,49.93
10,35.56,-30.13,-26.89,50.19
10,35.66,-30.41,-26.98,50.13
10,35.76,-30.69,-27.07,49.84
10,35.86,-30.97,-27.16,49.92
10,35.96,-31.25,-27.25,50.09
10,36.06,-31.53,-27.34,50.05
10,36.16,-31.82,-27.43,50.04
10,36.26,-32.1,-27.52,50.02
10,36.36,-32.38,-27.61,50.1
10,36.46,-32.66,-27.7,50.08
10,36.56,-32.95,-27.79,49.97
10,36.66,-33.23,-27.88,49.88
10,36.76,-33.51,-27.97,49.83
10,36.86,-33.8,-28.06,49.99
10,36.96,-34.08,-28.15,49.82
10,37.06,-34.37,-28.24,50.03
10,37.16,-34.65,-28.33,49.97
10,37.26,-34.94,-28.42,50.19
10,37.36,-35.22,-28.51,50.03
10,37.46,-35.51,-28.6,50.0
10,37.56,-35.79,-28.69,49.84
10,37.66,-36.08,-28.78,49.87
10,37.76,-36.36,-28.87,50.07
10,37.86,-36.65,-28.96,49.97
10,37.96,-36.94,-29.05,50.25
10,38.06,-37.23,-29.14,49.99
10,38.16,-37.51,-29.23,50.02
10,38.26,-37.8,-29.32,49.87
10,38.36,-38.09,-29.41,50.09
10,38.46,-38.38,-29.51,49.91
10,38.56,-38.67,-29.6,50.05
10,38.66,-38.95,-29.69,50.08
10,38.76,-39.24,-29.78,50.01
10,38.86,-39.53,-29.87,50.18
10,38.96,-39.82,-29.96,49.94
10,39.07,-40.11,-30.05,50.17
10,39.17,-40.4,-30.14,49.87
10,39.27,-40.69,-30.23,50.08
10,39.37,-40.98,-30.32,49.99
10,39.47,-41.27,-30.41,49.93
10,39.57,-41.57,-30.5,49.83
10,39.67,-41.86,-30.59,49.97
10,39.77,-42.15,-30.69,49.97
10,39.87,-42.44,-30.78,50.02
10,39.97,-42.73,-30.87,50.07
10,40.07,-43.02,-30.96,49.92
10,40.17,-43.32,-31.05,50.18
10,40.27,-43.61,-31.14,49.95
10,40.37,-43.9,-31.23,50.06
10,40.47,-44.2,-31.32,50.01
10,40.57,-44.49,-31.41,49.98
10,40.67,-44.78,-31.5,50.0
10,40.77,-45.08,-31.6,49.91
10,40.87,-45.37,-31.69,49.96
10,40.97,-45.67,-31.78,49.87
10,41.07,-45.96,-31.87,49.95
10,41.17,-46.26,-31.96,49.95
10,41.27,-46.55,-32.05,50.08
10,41.37,-46.85,-32.14,49.97
10,41.47,-47.14,-32.23,49.96
10,41.57,-47.44,-32.32,50.02
10,41.67,-47.74,-32.42,50.02
10,41.77,-48.03,-32.51,49.94
10,41.87,-48.33,-32.6,50.04
10,41.97,-48.63,-32.69,49.98
10,42.07,-48.92,-32.78,49.94
10,42.17,-49.22,-32.87,49.95
10,42.27,-49.52,-32.96,50.09
10,42.37,-49.81,-33.06,49.95
10,42.47,-50.11,-33.15,50.03
10,42.57,-50.41,-33.24,49.87
10,42.67,-50.71,-33.33,50.11
10,42.77,-51.01,-33.42,49.94
10,42.87,-51.31,-33.51,50.04
10,42.97,-51.61,-33.6,49.97
10,43.07,-51.91,-33.7,50.04
10,43.17,-52.2,-33.79,50.04
10,43.27,-52.5,-33.88,49.99
10,43.37,-52.8,-33.97,49.81
10,43.47,-53.1,-34.06,50.11
10,43.57,-53.4,-34.15,49.99
10,43.67,-53.71,-34.24,50.04
10,43.77,-54.01,-34.34,50.07
10,43.87,-54.31,-34.43,49.95
10,43.97,-54.61,-34.52,50.05
10,44.07,-54.91,-34.61,49.93
10,44.17,-55.21,-34.7,50.04
10,44.27,-55.51,-34.79,50.0
10,44.37,-55.81,-34.89,49.96
10,44.47,-56.12,-34.98,50.0
10,44.57,-56.42,-35.07,49.89
10,44.67,-56.72,-35.16,50.03
10,44.77,-57.02,-35.25,50.04
10,44.87,-57.33,-35.34,50.03
10,44.97,-57.63,-35.44,50.15
10,45.08,-57.93,-35.53,49.99
10,45.18,-58.24,-35.62,50.0
10,45.28,-58.54,-35.71,49.88
10,45.38,-58.85,-35.8,50.16
10,45.48,-59.15,-35.89,49.85
10,45.58,-59.45,-35.99,50.02
10,45.68,-59.76,-36.08,49.94
10,45.78,-60.06,-36.17,50.01
10,45.88,-60.37,-36.26,49.87
10,45.98,-60.67,-36.35,50.09
10,46.08,-60.98,-36.45,49.9
10,46.18,-61.28,-36.54,50.12
10,46.28,-61.59,-36.63,49.91
10,46.38,-61.9,-36.72,50.1
10,46.48,-62.2,-36.81,49.92
10,46.58,-62.51,-36.91,49.94
10,46.68,-62.81,-37.0,50.0
10,46.78,-63.12,-37.09,49.92
10,46.88,-63.43,-37.18,49.91
10,46.98,-63.74,-37.27,49.92
10,47.08,-64.04,-37.37,50.03
10,47.18,-64.35,-37.46,50.0
10,47.28,-64.66,-37.55,50.01
10,47.38,-64.97,-37.64,49.97
10,47.48,-65.27,-37.73,50.05
10,47.58,-65.58,-37.83,50.11
10,47.68,-65.89,-37.92,50.06
10,47.78,-66.2,-38.01,49.98
10,47.88,-66.51,-38.1,49.88
10,47.98,-66.82,-38.19,49.8
10,48.08,-67.12,-38.29,49.99
10,48.18,-67.43,-38.38,49.8
10,48.28,-67.74,-38.47,49.98
10,48.38,-68.05,-38.56,50.14
10,48.48,-68.36,-38.66,49.88
10,48.58,-68.67,-38.75,49.87
10,48.68,-68.98,-38.84,50.06
10,48.78,-69.29,-38.93,49.72
10,48.88,-69.6,-39.02,50.04
10,48.98,-69.91,-39.12,50.15
10,49.08,-70.22,-39.21,49.91
10,49.18,-70.53,-39.3,49.9
10,49.28,-70.85,-39.39,50.06
10,49.38,-71.16,-39.49,49.88
10,49.48,-71.47,-39.58,50.08
10,49.58,-71.78,-39.67,49.89
10,49.68,-72.09,-39.76,50.18
10,49.78,-72.4,-39.86,50.07
10,49.88,-72.72,-39.95,50.0
10,49.98,-73.03,-40.04,50.17
10,50.08,-73.34,-40.13,50.1
10,50.18,-73.65,-40.22,50.04
10,50.28,-73.97,-40.32,49.81
10,50.38,-74.28,-40.41,49.93
10,50.48,-74.59,-40.5,50.11
10,50.58,-74.9,-40.59,49.87
10,50.68,-75.22,-40.69,49.92
10,50.78,-75.53,-40.78,49.9
10,50.88,-75.84,-40.87,50.04
10,50.98,-76.16,-40.96,50.1
10,51.09,-76.47,-41.06,50.1
10,51.19,-76.79,-41.15,49.91
10,51.29,-77.1,-41.24,50.04
10,51.39,-77.42,-41.33,49.91
10,51.49,-77.73,-41.43,49.98
10,51.59,-78.04,-41.52,50.05
10,51.69,-78.36,-41.61,50.11
10,51.79,-78.67,-41.71,49.79
10,51.89,-78.99,-41.8,50.01
10,51.99,-79.3,-41.89,50.14
10,52.09,-79.62,-41.98,50.02
10,52.19,-79.94,-42.08,50.01
10,52.29,-80.25,-42.17,49.94
10,52.39,-80.57,-42.26,50.14
10,52.49,-80.88,-42.35,49.95
10,52.59,-81.2,-42.45,49.99
10,52.69,-81.52,-42.54,49.95
10,52.79,-81.83,-42.63,50.01
10,52.89,-82.15,-42.72,50.14
10,52.99,-82.47,-42.82,49.91
10,53.09,-82.78,-42.91,50.01
10,53.19,-83.1,-43.0,50.04
10,53.29,-83.42,-43.1,49.92
10,53.39,-83.74,-43.19,49.99
10,53.49,-84.05,-43.28,50.19
10,53.59,-84.37,-43.37,49.82
10,53.69,-84.69,-43.47,49.96
10,53.79,-85.01,-43.56,50.03
10,53.89,-85.32,-43.65,49.96
10,53.99,-85.64,-43.75,50.29
10,54.09,-85.96,-43.84,50.05
10,54.19,-86.28,-43.93,49.9
10,54.29,-86.6,-44.02,49.77
10,54.39,-86.92,-44.12,50.03
10,54.49,-87.24,-44.21,49.92
10,54.59,-87.56,-44.3,50.13
10,54.69,-87.87,-44.4,49.97
10,54.79,-88.19,-44.49,49.94
10,54.89,-88.51,-44.58,49.94
10,54.99,-88.83,-44.67,50.1
10,55.09,-89.15,-44.77,50.04
10,55.19,-89.47,-44.86,50.18
10,55.29,-89.79,-44.95,49.98
10,55.39,-90.11,-45.05,50.09
10,55.49,-90.43,-45.14,50.09
10,55.59,-90.75,-45.23,50.07
10,55.69,-91.07,-45.33,49.95
10,55.79,-91.4,-45.42,50.05
10,55.89,-91.72,-45.51,49.99
10,55.99,-92.04,-45.6,49.99
10,56.09,-92.36,-45.7,49.92
10,56.19,-92.68,-45.79,49.79
10,56.29,-93.0,-45.88,50.12
10,56.39,-93.32,-45.98,50.04
10,56.49,-93.64,-46.07,49.87
10,56.59,-93.97,-46.16,50.07
10,56.69,-94.29,-46.26,50.13
10,56.79,-94.61,-46.35,50.08
10,56.89,-94.93,-46.44,49.91
10,56.99,-95.25,-46.54,49.93
10,57.1,-95.58,-46.63,49.95
10,57.2,-95.9,-46.72,50.09
10,57.3,-96.22,-46.82,50.05
10,57.4,-96.54,-46.91,50.28
10,57.5,-96.87,-47.0,49.84
10,57.6,-97.19,-47.09,49.99
10,57.7,-97.51,-47.19,49.81
10,57.8,-97.84,-47.28,50.06
10,57.9,-98.16,-47.37,50.11
10,58.0,-98.48,-47.47,50.14
10,58.1,-98.81,-47.56,50.02
10,58.2,-99.13,-47.65,49.81
10,58.3,-99.46,-47.75,49.99
10,58.4,-99.78,-47.84,50.04
10,58.5,-100.1,-47.93,49.9
10,58.6,-100.43,-48.03,49.97
10,58.7,-100.75,-48.12,49.87
10,58.8,-101.08,-48.21,49.94
10,58.9,-101.4,-48.31,50.09
10,59.0,-101.73,-48.4,50.07
10,59.1,-102.05,-48.49,49.86
10,59.2,-102.38,-48.59,49.93
10,59.3,-102.7,-48.68,50.01
10,59.4,-103.03,-48.77,50.02
10,59.5,-103.35,-48.87,49.93
10,59.6,-103.68,-48.96,50.05
10,59.7,-104.0,-49.05,50.0
10,59.8,-104.33,-49.15,49.74
10,59.9,-104.65,-49.24,49.94
10,60.0,-104.98,-49.33,49.94
11,0.0,0.0,0.0,0.0
11,0.1,0.75,0.0,50.07
11,0.2,1.5,0.0,50.04
11,0.3,2.24,0.0,49.99
11,0.4,2.97,0.0,50.01
11,0.5,3.7,0.0,49.94
11,0.6,4.42,0.0,49.99
11,0.7,5.14,0.01,50.12
11,0.8,5.85,0.01,50.01
11,0.9,6.56,0.01,50.0
11,1.0,7.26,0.01,49.95
11,1.1,7.96,0.01,50.11
11,1.2,8.65,0.02,49.87
11,1.3,9.33,0.02,49.92
11,1.4,10.02,0.02,49.87
11,1.5,10.69,0.03,50.02
11,1.6,11.36,0.03,50.12
11,1.7,12.03,0.03,49.97
11,1.8,12.69,0.04,49.89
11,1.9,13.35,0.04,50.16
11,2.0,14.01,0.05,50.05
11,2.1,14.66,0.05,50.03
11,2.2,15.3,0.05,49.98
11,2.3,15.94,0.06,50.07
11,2.4,16.58,0.06,50.03
11,2.5,17.21,0.07,49.95
11,2.6,17.84,0.07,49.97
11,2.7,18.46,0.08,49.9
11,2.8,19.08,0.09,49.89
11,2.9,19.7,0.09,49.97
11,3.01,20.31,0.1,50.12
11,3.11,20.91,0.1,49.9
11,3.21,21.52,0.11,50.08
11,3.31,22.12,0.11,49.92
11,3.41,22.72,0.12,49.82
11,3.51,23.31,0.13,50.05
11,3.61,23.9,0.13,50.16
11,3.71,24.48,0.14,49.91
11,3.81,25.06,0.15,49.84
11,3.91,25.64,0.16,50.05
11,4.01,26.22,0.16,49.91
11,4.11,26.79,0.17,50.05
11,4.21,27.36,0.18,50.12
11,4.31,27.92,0.19,50.03
11,4.41,28.48,0.19,50.08
11,4.51,29.04,0.2,50.08
11,4.61,29.59,0.21,50.1
11,4.71,30.15,0.22,50.0
11,4.81,30.69,0.23,50.08
11,4.91,31.24,0.23,50.02
11,5.01,31.78,0.24,50.04
11,5.11,32.32,0.25,50.31
11,5.21,32.85,0.26,50.02
11,5.31,33.39,0.27,49.85
11,5.41,33.92,0.28,49.98
11,5.51,34.44,0.29,49.97
11,5.61,34.97,0.3,49.97
11,5.71,35.49,0.31,50.1
11,5.81,36.01,0.32,50.11
11,5.91,36.52,0.33,49.99
11,6.01,37.04,0.34,49.86
11,6.11,37.55,0.35,50.01
11,6.21,38.05,0.36,49.95
11,6.31,38.56,0.37,50.02
11,6.41,39.06,0.38,49.99
11,6.51,39.56,0.39,50.12
11,6.61,40.05,0.4,50.03
11,6.71,40.55,0.41,49.95
11,6.81,41.04,0.42,49.86
11,6.91,41.53,0.43,50.0
11,7.01,42.01,0.44,50.0
11,7.11,42.5,0.45,49.97
11,7.21,42.98,0.46,50.08
11,7.31,43.46,0.47,49.86
11,7.41,43.94,0.48,49.92
11,7.51,44.41,0.5,50.01
11,7.61,44.88,0.51,49.94
11,7.71,45.35,0.52,49.96
11,7.81,45.82,0.53,49.99
11,7.91,46.28,0.54,50.07
11,8.01,46.75,0.55,49.99
11,8.11,47.21,0.57,49.8
11,8.21,47.66,0.58,49.94
11,8.31,48.12,0.59,50.05
11,8.41,48.57,0.6,50.08
11,8.51,49.02,0.61,50.08
11,8.61,49.47,0.63,50.11
11,8.71,49.92,0.64,50.01
11,8.81,50.37,0.65,50.03
11,8.91,50.81,0.66,49.9
11,9.02,51.25,0.68,49.78
11,9.12,51.69,0.69,49.86
11,9.22,52.13,0.7,49.93
11,9.32,52.56,0.72,49.86
11,9.42,52.99,0.73,49.97
11,9.52,53.42,0.74,49.95
11,9.62,53.85,0.75,50.09
11,9.72,54.28,0.77,49.9
11,9.82,54.7,0.78,50.01
11,9.92,55.13,0.79,49.96
11,10.02,55.55,0.81,49.9
11,10.12,55.97,0.82,49.93
11,10.22,56.39,0.84,49.79
11,10.32,56.8,0.85,50.07
11,10.42,57.22,0.86,50.14
11,10.52,57.63,0.88,49.97
11,10.62,58.04,0.89,50.0
11,10.72,58.45,0.9,49.97
11,10.82,58.85,0.92,49.92
11,10.92,59.26,0.93,50.07
11,11.02,59.66,0.95,50.03
11,11.12,60.06,0.96,49.71
11,11.22,60.46,0.98,49.9
11,11.32,60.86,0.99,49.79
11,11.42,61.26,1.0,50.16
11,11.52,61.65,1.02,49.98
11,11.62,62.04,1.03,50.02
11,11.72,62.44,1.05,49.96
11,11.82,62.82,1.06,50.11
11,11.92,63.21,1.08,50.09
11,12.02,63.6,1.09,49.98
11,12.12,63.98,1.11,50.17
11,12.22,64.37,1.12,50.02
11,12.32,64.75,1.14,49.85
11,12.42,65.13,1.15,50.01
11,12.52,65.51,1.17,50.05
11,12.62,65.89,1.18,49.99
11,12.72,66.26,1.2,49.96
11,12.82,66.64,1.21,50.18
11,12.92,67.01,1.23,49.88
11,13.02,67.38,1.24,49.72
11,13.12,67.75,1.26,50.16
11,13.22,68.12,1.28,49.88
11,13.32,68.48,1.29,49.97
11,13.42,68.85,1.31,49.96
11,13.52,69.21,1.32,50.12
11,13.62,69.58,1.34,50.14
11,13.72,69.94,1.35,49.87
11,13.82,70.3,1.37,50.14
11,13.92,70.66,1.39,50.13
11,14.02,71.01,1.4,50.0
11,14.12,71.37,1.42,50.09
11,14.22,71.72,1.43,50.1
11,14.32,72.08,1.45,49.97
11,14.42,72.43,1.47,49.98
11,14.52,72.78,1.48,50.06
11,14.62,73.13,1.5,49.84
11,14.72,73.48,1.52,49.96
11,14.82,73.82,1.53,49.88
11,14.92,74.17,1.55,50.14
11,15.03,74.51,1.57,49.96
11,15.13,74.85,1.58,50.03
11,15.23,75.19,1.6,49.98
11,15.33,75.53,1.61,49.97
11,15.43,75.87,1.63,50.02
11,15.53,76.21,1.65,49.93
11,15.63,76.55,1.67,49.98
11,15.73,76.88,1.68,49.98
11,15.83,77.22,1.7,49.96
11,15.93,77.55,1.72,50.04
11,16.03,77.88,1.73,49.96
11,16.13,78.21,1.75,50.16
11,16.23,78.54,1.77,50.06
11,16.33,78.87,1.78,49.87
11,16.43,79.2,1.8,50.06
11,16.53,79.52,1.82,49.93
11,16.63,79.85,1.84,50.01
11,16.73,80.17,1.85,49.93
11,16.83,80.49,1.87,49.78
11,16.93,80.82,1.89,50.0
11,17.03,81.14,1.91,49.86
11,17.13,81.45,1.92,50.04
11,17.23,81.77,1.94,50.02
11,17.33,82.09,1.96,49.94
11,17.43,82.41,1.98,50.18
11,17.53,82.72,1.99,49.88
11,17.63,83.03,2.01,49.94
11,17.73,83.35,2.03,49.89
11,17.83,83.66,2.05,50.2
11,17.93,83.97,2.07,50.14
11,18.03,84.28,2.08,49.86
11,18.13,84.59,2.1,49.92
11,18.23,84.89,2.12,49.92
11,18.33,85.2,2.14,49.94
11,18.43,85.51,2.16,49.9
11,18.53,85.81,2.17,49.94
11,18.63,86.11,2.19,50.1
11,18.73,86.42,2.21,50.19
11,18.83,86.72,2.23,49.85
11,18.93,87.02,2.25,49.9
11,19.03,87.32,2.27,50.02
11,19.13,87.62,2.28,49.84
11,19.23,87.92,2.3,50.02
11,19.33,88.21,2.32,50.05
11,19.43,88.51,2.34,50.07
11,19.53,88.8,2.36,50.05
11,19.63,89.1,2.38,49.95
11,19.73,89.39,2.39,49.98
11,19.83,89.68,2.41,49.88
11,19.93,89.97,2.43,50.05
11,20.03,90.26,2.45,50.16
11,20.13,90.55,2.47,50.05
11,20.23,90.84,2.49,49.93
11,20.33,91.13,2.51,50.1
11,20.43,91.41,2.53,50.24
11,20.53,91.7,2.54,50.02
11,20.63,91.98,2.56,50.06
11,20.73,92.27,2.58,50.07
11,20.83,92.55,2.6,49.84
11,20.93,92.83,2.62,49.96
11,21.04,93.12,2.64,49.95
11,21.14,93.4,2.66,50.08
11,21.24,93.68,2.68,50.07
11,21.34,93.95,2.7,49.99
11,21.44,94.23,2.72,49.94
11,21.54,94.51,2.74,49.83
11,21.64,94.79,2.75,50.0
11,21.74,95.06,2.77,49.9
11,21.84,95.34,2.79,49.89
11,21.94,95.61,2.81,50.09
11,22.04,95.88,2.83,50.08
11,22.14,96.15,2.85,49.95
11,22.24,96.43,2.87,49.84
11,22.34,96.7,2.89,49.92
11,22.44,96.97,2.91,50.1
11,22.54,97.24,2.93,50.05
11,22.64,97.5,2.95,49.95
11,22.74,97.77,2.97,50.01
11,22.84,98.04,2.99,49.79
11,22.94,98.3,3.01,49.78
11,23.04,98.57,3.03,50.2
11,23.14,98.83,3.05,50.05
11,23.24,99.1,3.07,50.0
11,23.34,99.36,3.09,49.96
11,23.44,99.62,3.11,49.82
11,23.54,99.88,3.13,50.1
11,23.64,100.14,3.15,49.89
11,23.74,100.4,3.17,50.07
11,23.84,100.66,3.19,50.01
11,23.94,100.92,3.21,49.99
11,24.04,101.18,3.23,49.87
11,24.14,101.44,3.25,49.87
11,24.24,101.69,3.27,50.04
11,24.34,101.95,3.29,50.01
11,24.44,102.2,3.31,50.0
11,24.54,102.46,3.33,50.03
11,24.64,102.71,3.35,49.81
11,24.74,102.96,3.37,50.1
11,24.84,103.22,3.39,49.96
11,24.94,103.47,3.41,50.12
11,25.04,103.72,3.43,49.8
11,25.14,103.97,3.45,50.06
11,25.24,104.22,3.47,50.06
11,25.34,104.47,3.49,49.85
11,25.44,104.71,3.51,49.94
11,25.54,104.96,3.53,49.89
11,25.64,105.21,3.55,50.09
11,25.74,105.45,3.57,50.03
11,25.84,105.7,3.59,50.16
11,25.94,105.94,3.61,50.02
11,26.04,106.19,3.63,50.07
11,26.14,106.43,3.65,50.12
11,26.24,106.67,3.67,50.06
11,26.34,106.92,3.69,49.96
11,26.44,107.16,3.71,49.94
11,26.54,107.4,3.74,49.99
11,26.64,107.64,3.76,50.08
11,26.74,107.88,3.78,49.92
11,26.84,108.12,3.8,50.07
11,26.94,108.35,3.82,50.03
11,27.05,108.59,3.84,49.87
11,27.15,108.83,3.86,50.06
11,27.25,109.07,3.88,50.01
11,27.35,109.3,3.9,49.94
11,27.45,109.54,3.92,50.01
11,27.55,109.77,3.94,49.95
11,27.65,110.0,3.96,50.02
11,27.75,110.24,3.99,49.98
11,27.85,110.47,4.01,49.85
11,27.95,110.7,4.03,49.99
11,28.05,110.93,4.05,49.96
11,28.15,111.17,4.07,50.06
11,28.25,111.4,4.09,50.09
11,28.35,111.63,4.11,49.95
11,28.45,111.86,4.13,49.92
11,28.55,112.08,4.15,49.83
11,28.65,112.31,4.18,49.92
11,28.75,112.54,4.2,49.97
11,28.85,112.77,4.22,49.87
11,28.95,112.99,4.24,50.09
11,29.05,113.22,4.26,50.03
11,29.15,113.44,4.28,49.99
11,29.25,113.67,4.3,50.0
11,29.35,113.89,4.32,50.03
11,29.45,114.12,4.35,50.06
11,29.55,114.34,4.37,50.08
11,29.65,114.56,4.39,49.97
11,29.75,114.78,4.41,49.99
11,29.85,115.01,4.43,50.02
11,29.95,115.23,4.45,49.98
11,30.05,115.45,4.47,50.09
11,30.15,115.67,4.5,50.12
11,30.25,115.89,4.52,50.03
11,30.35,116.1,4.54,49.91
11,30.45,116.32,4.56,50.05
11,30.55,116.54,4.58,50.04
11,30.65,116.76,4.6,49.9
11,30.75,116.97,4.63,50.04
11,30.85,117.19,4.65,49.95
11,30.95,117.41,4.67,50.07
11,31.05,117.62,4.69,50.05
11,31.15,117.84,4.71,50.02
11,31.25,118.05,4.73,50.0
11,31.35,118.26,4.76,49.79
11,31.45,118.48,4.78,49.88
11,31.55,118.69,4.8,49.99
11,31.65,118.9,4.82,50.15
11,31.75,119.11,4.84,50.06
11,31.85,119.32,4.87,50.18
11,31.95,119.54,4.89,50.01
11,32.05,119.75,4.91,50.0
11,32.15,119.96,4.93,50.14
11,32.25,120.16,4.95,49.98
11,32.35,120.37,4.97,49.9
11,32.45,120.58,5.0,50.03
11,32.55,120.79,5.02,50.11
11,32.65,121.0,5.04,49.92
11,32.75,121.2,5.06,50.06
11,32.85,121.41,5.09,49.99
11,32.95,121.62,5.11,50.05
11,33.06,121.82,5.13,50.03
11,33.16,122.03,5.15,49.96
11,33.26,122.23,5.17,49.99
11,33.36,122.43,5.2,49.96
11,33.46,122.64,5.22,50.01
11,33.56,122.84,5.24,49.92
11,33.66,123.04,5.26,49.94
11,33.76,123.25,5.28,49.96
11,33.86,123.45,5.31,50.04
11,33.96,123.65,5.33,49.86
11,34.06,123.85,5.35,49.99
11,34.16,124.05,5.37,49.93
11,34.26,124.25,5.4,49.96
11,34.36,124.45,5.42,49.93
11,34.46,124.65,5.44,50.02
11,34.56,124.85,5.46,49.98
11,34.66,125.04,5.49,50.07
11,34.76,125.24,5.51,50.04
11,34.86,125.44,5.53,49.85
11,34.96,125.64,5.55,49.9
11,35.06,125.83,5.58,49.98
11,35.16,126.03,5.6,50.0
11,35.26,126.22,5.62,49.91
11,35.36,126.42,5.64,50.13
11,35.46,126.61,5.67,50.09
11,35.56,126.81,5.69,49.84
11,35.66,127.0,5.71,50.03
11,35.76,127.2,5.73,50.0
11,35.86,127.39,5.76,50.12
11,35.96,127.58,5.78,49.84
11,36.06,127.77,5.8,50.21
11,36.16,127.96,5.82,49.92
11,36.26,128.16,5.85,50.04
11,36.36,128.35,5.87,49.94
11,36.46,128.54,5.89,49.96
11,36.56,128.73,5.91,49.83
11,36.66,128.92,5.94,50.12
11,36.76,129.11,5.96,49.97
11,36.86,129.3,5.98,49.98
11,36.96,129.48,6.01,50.23
11,37.06,129.67,6.03,50.1
11,37.16,129.86,6.05,49.93
11,37.26,130.05,6.07,49.94
11,37.36,130.23,6.1,50.03
11,37.46,130.42,6.12,50.08
11,37.56,130.61,6.14,50.18
11,37.66,130.79,6.16,49.84
11,37.76,130.98,6.19,50.07
11,37.86,131.16,6.21,50.09
11,37.96,131.35,6.23,49.92
11,38.06,131.53,6.26,49.96
11,38.16,131.72,6.28,49.84
11,38.26,131.9,6.3,49.95
11,38.36,132.08,6.33,50.02
11,38.46,132.27,6.35,50.16
11,38.56,132.45,6.37,50.17
11,38.66,132.63,6.39,49.9
11,38.76,132.81,6.42,50.15
11,38.86,132.99,6.44,49.81
11,38.96,133.17,6.46,49.94
11,39.07,133.36,6.49,49.97
11,39.17,133.54,6.51,50.03
11,39.27,133.72,6.53,50.01
11,39.37,133.89,6.56,50.04
11,39.47,134.07,6.58,49.98
11,39.57,134.25,6.6,50.1
11,39.67,134.43,6.63,50.07
11,39.77,134.61,6.65,49.97
11,39.87,134.79,6.67,50.08
11,39.97,134.96,6.7,50.21
11,40.07,135.14,6.72,49.93
11,40.17,135.32,6.74,50.17
11,40.27,135.49,6.77,49.94
11,40.37,135.67,6.79,50.14
11,40.47,135.85,6.81,49.95
11,40.57,136.02,6.84,50.08
11,40.67,136.2,6.86,50.02
11,40.77,136.37,6.88,49.82
11,40.87,136.54,6.91,50.19
11,40.97,136.72,6.93,49.91
11,41.07,136.89,6.95,49.87
11,41.17,137.06,6.98,49.94
11,41.27,137.24,7.0,50.25
11,41.37,137.41,7.02,49.87
11,41.47,137.58,7.05,50.02
11,41.57,137.75,7.07,49.89
11,41.67,137.93,7.09,49.9
11,41.77,138.1,7.12,49.84
11,41.87,138.27,7.14,50.03
11,41.97,138.44,7.16,49.98
11,42.07,138.61,7.19,49.89
11,42.17,138.78,7.21,50.09
11,42.27,138.95,7.23,50.1
11,42.37,139.12,7.26,50.04
11,42.47,139.29,7.28,50.12
11,42.57,139.45,7.3,49.97
11,42.67,139.62,7.33,50.03
11,42.77,139.79,7.35,49.97
11,42.87,139.96,7.38,49.85
11,42.97,140.13,7.4,50.02
11,43.07,140.29,7.42,50.02
11,43.17,140.46,7.45,50.0
11,43.27,140.63,7.47,50.04
11,43.37,140.79,7.49,50.14
11,43.47,140.96,7.52,49.98
11,43.57,141.12,7.54,49.9
11,43.67,141.29,7.56,49.98
11,43.77,141.45,7.59,49.99
11,43.87,141.62,7.61,50.1
11,43.97,141.78,7.64,50.01
11,44.07,141.94,7.66,49.89
11,44.17,142.11,7.68,50.08
11,44.27,142.27,7.71,50.06
11,44.37,142.43,7.73,50.01
11,44.47,142.6,7.75,50.09
11,44.57,142.76,7.78,50.11
11,44.67,142.92,7.8,49.96
11,44.77,143.08,7.83,49.91
11,44.87,143.25,7.85,50.0
11,44.97,143.41,7.87,50.05
11,45.08,143.57,7.9,49.99
11,45.18,143.73,7.92,49.9
11,45.28,143.89,7.95,50.02
11,45.38,144.05,7.97,49.8
11,45.48,144.21,7.99,49.97
11,45.58,144.37,8.02,50.09
11,45.68,144.53,8.04,50.09
11,45.78,144.69,8.07,49.62
11,45.88,144.84,8.09,49.98
11,45.98,145.0,8.11,50.06
11,46.08,145.16,8.14,49.88
11,46.18,145.32,8.16,49.96
11,46.28,145.48,8.19,50.12
11,46.38,145.63,8.21,49.95
11,46.48,145.79,8.23,50.16
11,46.58,145.95,8.26,49.93
11,46.68,146.1,8.28,50.14
11,46.78,146.26,8.31,50.0
11,46.88,146.41,8.33,49.91
11,46.98,146.57,8.35,50.14
11,47.08,146.72,8.38,49.88
11,47.18,146.88,8.4,49.92
11,47.28,147.03,8.43,50.05
11,47.38,147.19,8.45,50.01
11,47.48,147.34,8.47,50.03
11,47.58,147.5,8.5,49.96
11,47.68,147.65,8.52,49.88
11,47.78,147.8,8.55,49.93
11,47.88,147.96,8.57,50.13
11,47.98,148.11,8.6,49.87
11,48.08,148.26,8.62,50.16
11,48.18,148.41,8.64,50.03
11,48.28,148.57,8.67,49.94
11,48.38,148.72,8.69,49.8
11,48.48,148.87,8.72,49.81
11,48.58,149.02,8.74,49.96
11,48.68,149.17,8.77,49.95
11,48.78,149.32,8.79,50.01
11,48.88,149.47,8.81,50.17
11,48.98,149.62,8.84,50.05
11,49.08,149.77,8.86,49.99
11,49.18,149.92,8.89,50.12
11,49.28,150.07,8.91,50.02
11,49.38,150.22,8.94,50.16
11,49.48,150.37,8.96,49.93
11,49.58,150.52,8.98,49.89
11,49.68,150.67,9.01,49.8
11,49.78,150.82,9.03,49.99
11,49.88,150.96,9.06,49.88
11,49.98,151.11,9.08,49.88
11,50.08,151.26,9.11,50.1
11,50.18,151.41,9.13,49.83
11,50.28,151.55,9.15,50.01
11,50.38,151.7,9.18,49.99
11,50.48,151.84,9.2,50.01
11,50.58,151.99,9.23,50.14
11,50.68,152.14,9.25,49.92
11,50.78,152.28,9.28,50.14
11,50.88,152.43,9.3,49.82
11,50.98,152.57,9.33,50.07
11,51.09,152.72,9.35,50.15
11,51.19,152.86,9.38,49.59
11,51.29,153.01,9.4,50.0
11,51.39,153.15,9.42,49.99
11,51.49,153.3,9.45,50.01
11,51.59,153.44,9.47,50.17
11,51.69,153.58,9.5,49.92
11,51.79,153.73,9.52,49.88
11,51.89,153.87,9.55,50.01
11,51.99,154.01,9.57,50.11
11,52.09,154.15,9.6,50.06
11,52.19,154.3,9.62,50.0
11,52.29,154.44,9.65,49.98
11,52.39,154.58,9.67,49.8
11,52.49,154.72,9.7,50.06
11,52.59,154.86,9.72,50.07
11,52.69,155.0,9.74,49.93
11,52.79,155.15,9.77,49.95
11,52.89,155.29,9.79,49.9
11,52.99,155.43,9.82,50.09
11,53.09,155.57,9.84,49.96
11,53.19,155.71,9.87,49.99
11,53.29,155.85,9.89,50.06
11,53.39,155.99,9.92,50.03
11,53.49,156.13,9.94,50.06
11,53.59,156.26,9.97,50.02
11,53.69,156.4,9.99,50.02
11,53.79,156.54,10.02,50.02
11,53.89,156.68,10.04,50.05
11,53.99,156.82,10.07,50.05
11,54.09,156.96,10.09,49.88
11,54.19,157.1,10.12,49.94
11,54.29,157.23,10.14,49.98
11,54.39,157.37,10.17,50.05
11,54.49,157.51,10.19,50.16
11,54.59,157.64,10.22,49.92
11,54.69,157.78,10.24,50.09
11,54.79,157.92,10.26,49.94
11,54.89,158.05,10.29,50.14
11,54.99,158.19,10.31,50.19
11,55.09,158.33,10.34,49.83
11,55.19,158.46,10.36,49.97
11,55.29,158.6,10.39,49.76
11,55.39,158.73,10.41,49.83
11,55.49,158.87,10.44,49.84
11,55.59,159.0,10.46,50.06
11,55.69,159.14,10.49,50.04
11,55.79,159.27,10.51,50.08
11,55.89,159.4,10.54,50.06
11,55.99,159.54,10.56,50.05
11,56.09,159.67,10.59,50.01
11,56.19,159.81,10.61,49.99
11,56.29,159.94,10.64,50.1
11,56.39,160.07,10.66,50.0
11,56.49,160.21,10.69,50.05
11,56.59,160.34,10.71,49.77
11,56.69,160.47,10.74,49.88
11,56.79,160.6,10.76,50.1
11,56.89,160.73,10.79,49.93
11,56.99,160.87,10.81,49.86
11,57.1,161.0,10.84,50.06
11,57.2,161.13,10.86,50.0
11,57.3,161.26,10.89,49.96
11,57.4,161.39,10.91,50.15
11,57.5,161.52,10.94,50.13
11,57.6,161.65,10.96,49.98
11,57.7,161.78,10.99,50.07
11,57.8,161.91,11.01,49.78
11,57.9,162.04,11.04,50.11
11,58.0,162.17,11.06,49.89
11,58.1,162.3,11.09,49.85
11,58.2,162.43,11.12,49.82
11,58.3,162.56,11.14,49.81
11,58.4,162.69,11.17,50.11
11,58.5,162.82,11.19,50.06
11,58.6,162.95,11.22,49.92
11,58.7,163.08,11.24,50.09
11,58.8,163.21,11.27,49.94
11,58.9,163.34,11.29,50.03
11,59.0,163.46,11.32,49.95
11,59.1,163.59,11.34,49.99
11,59.2,163.72,11.37,49.91
11,59.3,163.85,11.39,49.92
11,59.4,163.97,11.42,50.05
11,59.5,164.1,11.44,50.07
11,59.6,164.23,11.47,49.96
11,59.7,164.35,11.49,49.85
11,59.8,164.48,11.52,50.25
11,59.9,164.61,11.54,50.0
11,60.0,164.73,11.57,50.03
12,0.0,0.0,0.0,0.0
12,0.1,1.14,0.0,49.99
12,0.2,2.27,0.01,49.98
12,0.3,3.37,0.02,50.24
12,0.4,4.46,0.03,50.14
12,0.5,5.53,0.05,49.85
12,0.6,6.58,0.06,49.93
12,0.7,7.61,0.08,49.91
12,0.8,8.63,0.11,50.04
12,0.9,9.63,0.13,50.16
12,1.0,10.61,0.16,50.01
12,1.1,11.59,0.19,50.05
12,1.2,12.54,0.23,49.93
12,1.3,13.48,0.26,50.05
12,1.4,14.41,0.3,49.95
12,1.5,15.32,0.34,49.84
12,1.6,16.22,0.38,50.04
12,1.7,17.11,0.43,50.0
12,1.8,17.98,0.47,49.89
12,1.9,18.84,0.52,50.16
12,2.0,19.69,0.57,49.92
12,2.1,20.52,0.62,50.06
12,2.2,21.35,0.68,49.96
12,2.3,22.16,0.73,50.15
12,2.4,22.96,0.79,49.98
12,2.5,23.75,0.85,49.83
12,2.6,24.53,0.91,50.08
12,2.7,25.3,0.97,50.15
12,2.8,26.06,1.04,49.96
12,2.9,26.81,1.11,50.07
12,3.01,27.54,1.17,50.01
12,3.11,28.27,1.24,49.96
12,3.21,28.99,1.31,50.08
12,3.31,29.7,1.39,49.92
12,3.41,30.4,1.46,50.0
12,3.51,31.09,1.53,50.03
12,3.61,31.77,1.61,50.02
12,3.71,32.45,1.69,49.92
12,3.81,33.11,1.77,50.21
12,3.91,33.77,1.85,50.13
12,4.01,34.42,1.93,50.1
12,4.11,35.06,2.02,50.14
12,4.21,35.69,2.1,50.01
12,4.31,36.32,2.19,49.96
12,4.41,36.93,2.27,49.89
12,4.51,37.54,2.36,49.93
12,4.61,38.14,2.45,49.9
12,4.71,38.74,2.54,49.95
12,4.81,39.33,2.63,50.03
12,4.91,39.91,2.73,50.09
12,5.01,40.48,2.82,50.09
12,5.11,41.05,2.92,49.88
12,5.21,41.61,3.01,50.07
12,5.31,42.16,3.11,50.11
12,5.41,42.71,3.21,49.97
12,5.51,43.25,3.31,50.12
12,5.61,43.79,3.41,50.09
12,5.71,44.32,3.51,49.87
12,5.81,44.84,3.61,50.22
12,5.91,45.35,3.71,49.93
12,6.01,45.87,3.82,50.1
12,6.11,46.37,3.92,50.09
12,6.21,46.87,4.03,49.88
12,6.31,47.36,4.14,50.02
12,6.41,47.85,4.24,50.09
12,6.51,48.33,4.35,49.88
12,6.61,48.81,4.46,50.01
12,6.71,49.28,4.57,50.1
12,6.81,49.75,4.68,50.11
12,6.91,50.21,4.8,49.96
12,7.01,50.67,4.91,50.15
12,7.11,51.12,5.02,50.13
12,7.21,51.57,5.14,50.02
12,7.31,52.01,5.25,49.93
12,7.41,52.45,5.37,49.88
12,7.51,52.88,5.48,50.04
12,7.61,53.31,5.6,50.15
12,7.71,53.73,5.72,49.99
12,7.81,54.15,5.84,49.91
12,7.91,54.56,5.96,50.08
12,8.01,54.97,6.08,50.02
12,8.11,55.38,6.2,50.05
12,8.21,55.78,6.32,49.95
12,8.31,56.18,6.44,49.96
12,8.41,56.57,6.57,49.95
12,8.51,56.96,6.69,50.05
12,8.61,57.34,6.81,49.97
12,8.71,57.72,6.94,50.06
12,8.81,58.1,7.06,49.94
12,8.91,58.47,7.19,50.05
12,9.02,58.84,7.32,50.07
12,9.12,59.21,7.44,50.03
12,9.22,59.57,7.57,50.09
12,9.32,59.93,7.7,49.95
12,9.42,60.28,7.83,50.07
12,9.52,60.63,7.96,50.02
12,9.62,60.98,8.09,49.92
12,9.72,61.32,8.22,49.81
12,9.82,61.66,8.35,49.83
12,9.92,62.0,8.48,49.78
12,10.02,62.33,8.62,50.04
12,10.12,62.66,8.75,49.97
12,10.22,62.98,8.88,50.01
12,10.32,63.31,9.02,49.98
12,10.42,63.63,9.15,50.06
12,10.52,63.94,9.29,50.06
12,10.62,64.26,9.42,50.0
12,10.72,64.57,9.56,50.01
12,10.82,64.87,9.7,50.01
12,10.92,65.18,9.83,50.14
12,11.02,65.48,9.97,49.8
12,11.12,65.77,10.11,49.93
12,11.22,66.07,10.25,50.09
12,11.32,66.36,10.39,50.11
12,11.42,66.65,10.53,50.04
12,11.52,66.94,10.67,49.98
12,11.62,67.22,10.81,50.19
12,11.72,67.5,10.95,50.02
12,11.82,67.78,11.09,50.0
12,11.92,68.05,11.23,50.13
12,12.02,68.32,11.37,50.05
12,12.12,68.59,11.52,50.09
12,12.22,68.86,11.66,50.11
12,12.32,69.12,11.8,49.96
12,12.42,69.38,11.95,50.18
12,12.52,69.64,12.09,49.75
12,12.62,69.9,12.24,49.8
12,12.72,70.15,12.38,49.93
12,12.82,70.4,12.53,49.96
12,12.92,70.65,12.67,50.04
12,13.02,70.9,12.82,49.93
12,13.12,71.14,12.96,50.0
12,13.22,71.38,13.11,49.98
12,13.32,71.62,13.26,50.2
12,13.42,71.86,13.41,49.92
12,13.52,72.09,13.56,49.83
12,13.62,72.32,13.7,50.11
12,13.72,72.55,13.85,49.93
12,13.82,72.78,14.0,49.99
12,13.92,73.01,14.15,49.94
12,14.02,73.23,14.3,50.07
12,14.12,73.45,14.45,49.86
12,14.22,73.67,14.6,49.72
12,14.32,73.88,14.76,50.13
12,14.42,74.1,14.91,50.02
12,14.52,74.31,15.06,50.11
12,14.62,74.52,15.21,50.13
12,14.72,74.73,15.36,49.91
12,14.82,74.93,15.52,50.01
12,14.92,75.14,15.67,50.05
12,15.03,75.34,15.82,49.99
12,15.13,75.54,15.98,49.97
12,15.23,75.73,16.13,49.98
12,15.33,75.93,16.29,50.11
12,15.43,76.12,16.44,49.97
12,15.53,76.31,16.6,50.06
12,15.63,76.5,16.75,50.03
12,15.73,76.69,16.91,49.9
12,15.83,76.88,17.06,50.03
12,15.93,77.06,17.22,49.85
12,16.03,77.24,17.38,50.04
12,16.13,77.42,17.53,50.09
12,16.23,77.6,17.69,50.11
12,16.33,77.78,17.85,49.9
12,16.43,77.95,18.0,49.95
12,16.53,78.13,18.16,50.03
12,16.63,78.3,18.32,49.95
12,16.73,78.47,18.48,49.81
12,16.83,78.63,18.64,49.95
12,16.93,78.8,18.8,50.03
12,17.03,78.97,18.96,50.11
12,17.13,79.13,19.12,50.17
12,17.23,79.29,19.28,50.01
12,17.33,79.45,19.44,50.06
12,17.43,79.61,19.6,50.1
12,17.53,79.76,19.76,49.79
12,17.63,79.92,19.92,49.9
12,17.73,80.07,20.08,50.01
12,17.83,80.22,20.24,50.16
12,17.93,80.37,20.4,50.06
12,18.03,80.52,20.57,50.03
12,18.13,80.66,20.73,49.98
12,18.23,80.81,20.89,50.04
12,18.33,80.95,21.05,49.94
12,18.43,81.09,21.22,49.92
12,18.53,81.23,21.38,49.93
12,18.63,81.37,21.54,50.13
12,18.73,81.51,21.71,49.92
12,18.83,81.64,21.87,49.96
12,18.93,81.78,22.04,50.05
12,19.03,81.91,22.2,49.91
12,19.13,82.04,22.36,50.02
12,19.23,82.17,22.53,50.02
12,19.33,82.3,22.69,49.94
12,19.43,82.43,22.86,49.97
12,19.53,82.55,23.03,49.91
12,19.63,82.68,23.19,50.14
12,19.73,82.8,23.36,50.03
12,19.83,82.92,23.52,49.9
12,19.93,83.04,23.69,50.01
12,20.03,83.16,23.86,50.02
12,20.13,83.28,24.02,49.78
12,20.23,83.39,24.19,50.13
12,20.33,83.51,24.36,49.9
12,20.43,83.62,24.53,50.21
12,20.53,83.73,24.69,50.08
12,20.63,83.85,24.86,49.89
12,20.73,83.96,25.03,49.97
12,20.83,84.06,25.2,50.09
12,20.93,84.17,25.37,49.98
12,21.04,84.28,25.54,50.12
12,21.14,84.38,25.7,49.96
12,21.24,84.48,25.87,49.99
12,21.34,84.59,26.04,50.1
12,21.44,84.69,26.21,50.06
12,21.54,84.79,26.38,49.91
12,21.64,84.89,26.55,50.04
12,21.74,84.98,26.72,50.02
12,21.84,85.08,26.89,49.91
12,21.94,85.17,27.06,49.86
12,22.04,85.27,27.23,49.81
12,22.14,85.36,27.4,49.97
12,22.24,85.45,27.58,49.99
12,22.34,85.54,27.75,50.05
12,22.44,85.63,27.92,50.08
12,22.54,85.72,28.09,49.96
12,22.64,85.8,28.26,49.99
12,22.74,85.89,28.43,49.92
12,22.84,85.97,28.61,50.01
12,22.94,86.06,28.78,50.1
12,23.04,86.14,28.95,50.01
12,23.14,86.22,29.12,50.12
12,23.24,86.3,29.3,50.1
12,23.34,86.38,29.47,50.15
12,23.44,86.46,29.64,50.01
12,23.54,86.54,29.82,49.95
12,23.64,86.61,29.99,50.06
12,23.74,86.69,30.16,49.96
12,23.84,86.76,30.34,50.06
12,23.94,86.83,30.51,49.93
12,24.04,86.91,30.69,49.92
12,24.14,86.98,30.86,50.12
12,24.24,87.05,31.03,49.9
12,24.34,87.12,31.21,50.1
12,24.44,87.18,31.38,50.06
12,24.54,87.25,31.56,50.01
12,24.64,87.32,31.73,49.81
12,24.74,87.38,31.91,50.15
12,24.84,87.44,32.08,49.91
12,24.94,87.51,32.26,50.1
12,25.04,87.57,32.44,49.93
12,25.14,87.63,32.61,49.92
12,25.24,87.69,32.79,50.07
12,25.34,87.75,32.96,50.05
12,25.44,87.81,33.14,49.89
12,25.54,87.86,33.32,50.14
12,25.64,87.92,33.49,49.98
12,25.74,87.98,33.67,50.01
12,25.84,88.03,33.85,49.97
12,25.94,88.08,34.03,49.89
12,26.04,88.14,34.2,50.07
12,26.14,88.19,34.38,50.03
12,26.24,88.24,34.56,49.92
12,26.34,88.29,34.73,50.09
12,26.44,88.34,34.91,50.01
12,26.54,88.39,35.09,50.01
12,26.64,88.43,35.27,50.18
12,26.74,88.48,35.45,49.84
12,26.84,88.53,35.63,49.84
12,26.94,88.57,35.8,49.86
12,27.05,88.61,35.98,50.04
12,27.15,88.66,36.16,49.96
12,27.25,88.7,36.34,49.97
12,27.35,88.74,36.52,49.91
12,27.45,88.78,36.7,50.17
12,27.55,88.82,36.88,50.2
12,27.65,88.86,37.06,50.09
12,27.75,88.9,37.24,49.85
12,27.85,88.93,37.42,49.95
12,27.95,88.97,37.6,50.08
12,28.05,89.01,37.78,50.0
12,28.15,89.04,37.96,50.09
12,28.25,89.08,38.14,50.12
12,28.35,89.11,38.32,50.19
12,28.45,89.14,38.5,49.93
12,28.55,89.17,38.68,50.01
12,28.65,89.2,38.86,49.96
12,28.75,89.23,39.04,49.8
12,28.85,89.26,39.22,50.07
12,28.95,89.29,39.4,50.06
12,29.05,89.32,39.58,49.95
12,29.15,89.35,39.76,49.84
12,29.25,89.37,39.95,49.96
12,29.35,89.4,40.13,50.07
12,29.45,89.42,40.31,50.13
12,29.55,89.45,40.49,49.93
12,29.65,89.47,40.67,50.11
12,29.75,89.49,40.86,50.06
12,29.85,89.51,41.04,50.04
12,29.95,89.54,41.22,49.87
12,30.05,89.56,41.4,49.87
12,30.15,89.58,41.58,49.92
12,30.25,89.59,41.77,49.97
12,30.35,89.61,41.95,50.18
12,30.45,89.63,42.13,49.93
12,30.55,89.65,42.32,50.08
12,30.65,89.66,42.5,49.95
12,30.75,89.68,42.68,50.05
12,30.85,89.69,42.87,49.99
12,30.95,89.71,43.05,50.02
12,31.05,89.72,43.23,50.04
12,31.15,89.73,43.42,49.98
12,31.25,89.75,43.6,50.04
12,31.35,89.76,43.78,50.12
12,31.45,89.77,43.97,49.92
12,31.55,89.78,44.15,50.12
12,31.65,89.79,44.34,49.97
12,31.75,89.8,44.52,49.96
12,31.85,89.8,44.7,50.07
12,31.95,89.81,44.89,49.97
12,32.05,89.82,45.07,50.03
12,32.15,89.83,45.26,50.02
12,32.25,89.83,45.44,49.79
12,32.35,89.84,45.63,50.04
12,32.45,89.84,45.81,49.86
12,32.55,89.84,46.0,49.86
12,32.65,89.85,46.18,50.04
12,32.75,89.85,46.37,50.05
12,32.85,89.85,46.55,50.12
12,32.95,89.85,46.74,49.89
12,33.06,89.85,46.92,49.93
12,33.16,89.85,47.11,50.05
12,33.26,89.85,47.3,50.12
12,33.36,89.85,47.48,50.02
12,33.46,89.85,47.67,49.91
12,33.56,89.85,47.85,50.15
12,33.66,89.84,48.04,49.97
12,33.76,89.84,48.23,49.98
12,33.86,89.83,48.41,49.86
12,33.96,89.83,48.6,50.07
12,34.06,89.82,48.79,50.09
12,34.16,89.82,48.97,49.93
12,34.26,89.81,49.16,50.18
12,34.36,89.8,49.35,49.94
12,34.46,89.8,49.53,50.06
12,34.56,89.79,49.72,50.02
12,34.66,89.78,49.91,49.8
12,34.76,89.77,50.09,50.05
12,34.86,89.76,50.28,50.05
12,34.96,89.75,50.47,49.82
12,35.06,89.74,50.66,50.15
12,35.16,89.72,50.84,50.05
12,35.26,89.71,51.03,50.12
12,35.36,89.7,51.22,49.83
12,35.46,89.69,51.41,49.96
12,35.56,89.67,51.59,50.12
12,35.66,89.66,51.78,49.84
12,35.76,89.64,51.97,49.96
12,35.86,89.63,52.16,50.04
12,35.96,89.61,52.35,49.81
12,36.06,89.59,52.54,49.87
12,36.16,89.58,52.72,50.14
12,36.26,89.56,52.91,50.01
12,36.36,89.54,53.1,50.12
12,36.46,89.52,53.29,50.02
12,36.56,89.5,53.48,50.25
12,36.66,89.48,53.67,50.04
12,36.76,89.46,53.86,50.13
12,36.86,89.44,54.05,49.98
12,36.96,89.42,54.23,50.02
12,37.06,89.4,54.42,50.06
12,37.16,89.38,54.61,50.08
12,37.26,89.35,54.8,50.0
12,37.36,89.33,54.99,50.0
12,37.46,89.31,55.18,50.05
12,37.56,89.28,55.37,50.05
12,37.66,89.26,55.56,49.9
12,37.76,89.23,55.75,50.02
12,37.86,89.21,55.94,50.03
12,37.96,89.18,56.13,49.9
12,38.06,89.15,56.32,50.09
12,38.16,89.13,56.51,50.04
12,38.26,89.1,56.7,50.23
12,38.36,89.07,56.89,50.0
12,38.46,89.04,57.08,50.11
12,38.56,89.01,57.27,50.05
12,38.66,88.98,57.46,50.19
12,38.76,88.95,57.65,49.9
12,38.86,88.92,57.84,49.95
12,38.96,88.89,58.03,49.91
12,39.07,88.86,58.22,49.99
12,39.17,88.83,58.41,49.89
12,39.27,88.79,58.6,49.85
12,39.37,88.76,58.8,49.79
12,39.47,88.73,58.99,49.78
12,39.57,88.69,59.18,50.07
12,39.67,88.66,59.37,49.95
12,39.77,88.62,59.56,49.88
12,39.87,88.59,59.75,49.93
12,39.97,88.55,59.94,49.95
12,40.07,88.52,60.13,49.9
12,40.17,88.48,60.33,50.16
12,40.27,88.44,60.52,50.14
12,40.37,88.41,60.71,50.16
12,40.47,88.37,60.9,50.02
12,40.57,88.33,61.09,50.03
12,40.67,88.29,61.28,49.93
12,40.77,88.25,61.48,49.92
12,40.87,88.21,61.67,50.0
12,40.97,88.17,61.86,50.07
12,41.07,88.13,62.05,50.12
12,41.17,88.09,62.24,49.95
12,41.27,88.05,62.44,49.87
12,41.37,88.01,62.63,50.07
12,41.47,87.96,62.82,49.82
12,41.57,87.92,63.01,50.0
12,41.67,87.88,63.21,50.01
12,41.77,87.84,63.4,49.96
12,41.87,87.79,63.59,49.85
12,41.97,87.75,63.78,49.96
12,42.07,87.7,63.98,50.16
12,42.17,87.66,64.17,50.06
12,42.27,87.61,64.36,50.12
12,42.37,87.57,64.56,49.88
12,42.47,87.52,64.75,50.03
12,42.57,87.47,64.94,50.01
12,42.67,87.43,65.14,50.01
12,42.77,87.38,65.33,50.06
12,42.87,87.33,65.52,50.01
12,42.97,87.28,65.72,49.88
12,43.07,87.23,65.91,50.06
12,43.17,87.18,66.1,50.08
12,43.27,87.14,66.3,50.13
12,43.37,87.09,66.49,50.14
12,43.47,87.04,66.68,50.05
12,43.57,86.98,66.88,49.89
12,43.67,86.93,67.07,49.85
12,43.77,86.88,67.26,49.98
12,43.87,86.83,67.46,50.09
12,43.97,86.78,67.65,50.09
12,44.07,86.73,67.85,50.03
12,44.17,86.67,68.04,50.0
12,44.27,86.62,68.23,50.19
12,44.37,86.57,68.43,50.06
12,44.47,86.51,68.62,49.99
12,44.57,86.46,68.82,49.94
12,44.67,86.4,69.01,49.9
12,44.77,86.35,69.21,49.89
12,44.87,86.29,69.4,49.9
12,44.97,86.24,69.6,50.03
12,45.08,86.18,69.79,50.0
12,45.18,86.12,69.98,49.97
12,45.28,86.07,70.18,50.07
12,45.38,86.01,70.37,50.18
12,45.48,85.95,70.57,49.92
12,45.58,85.89,70.76,49.93
12,45.68,85.83,70.96,49.78
12,45.78,85.78,71.15,50.0
12,45.88,85.72,71.35,49.99
12,45.98,85.66,71.54,50.09
12,46.08,85.6,71.74,49.99
12,46.18,85.54,71.93,49.94
12,46.28,85.48,72.13,50.02
12,46.38,85.42,72.33,50.06
12,46.48,85.35,72.52,49.84
12,46.58,85.29,72.72,50.1
12,46.68,85.23,72.91,50.13
12,46.78,85.17,73.11,50.05
12,46.88,85.11,73.3,49.91
12,46.98,85.04,73.5,49.97
12,47.08,84.98,73.69,50.12
12,47.18,84.92,73.89,49.9
12,47.28,84.85,74.09,50.06
12,47.38,84.79,74.28,49.99
12,47.48,84.72,74.48,50.02
12,47.58,84.66,74.67,49.92
12,47.68,84.59,74.87,50.03
12,47.78,84.53,75.07,50.03
12,47.88,84.46,75.26,49.85
12,47.98,84.4,75.46,50.0
12,48.08,84.33,75.66,50.06
12,48.18,84.26,75.85,49.96
12,48.28,84.19,76.05,49.76
12,48.38,84.13,76.24,49.99
12,48.48,84.06,76.44,50.15
12,48.58,83.99,76.64,49.97
12,48.68,83.92,76.83,50.14
12,48.78,83.85,77.03,49.92
12,48.88,83.78,77.23,49.88
12,48.98,83.71,77.42,50.0
12,49.08,83.64,77.62,49.92
12,49.18,83.57,77.82,50.03
12,49.28,83.5,78.01,49.96
12,49.38,83.43,78.21,50.15
12,49.48,83.36,78.41,49.96
12,49.58,83.29,78.61,50.01
12,49.68,83.22,78.8,50.06
12,49.78,83.15,79.0,50.1
12,49.88,83.08,79.2,50.15
12,49.98,83.0,79.39,49.98
12,50.08,82.93,79.59,49.96
12,50.18,82.86,79.79,49.81
12,50.28,82.78,79.99,50.2
12,50.38,82.71,80.18,50.04
12,50.48,82.64,80.38,50.08
12,50.58,82.56,80.58,50.06
12,50.68,82.49,80.78,50.0
12,50.78,82.41,80.97,50.04
12,50.88,82.34,81.17,49.94
12,50.98,82.26,81.37,49.97
12,51.09,82.18,81.57,49.9
12,51.19,82.11,81.77,50.16
12,51.29,82.03,81.96,50.06
12,51.39,81.96,82.16,50.2
12,51.49,81.88,82.36,50.23
12,51.59,81.8,82.56,49.86
12,51.69,81.72,82.75,50.1
12,51.79,81.65,82.95,49.86
12,51.89,81.57,83.15,50.02
12,51.99,81.49,83.35,50.03
12,52.09,81.41,83.55,49.87
12,52.19,81.33,83.75,49.93
12,52.29,81.25,83.94,50.04
12,52.39,81.17,84.14,50.02
12,52.49,81.09,84.34,49.9
12,52.59,81.01,84.54,49.93
12,52.69,80.93,84.74,49.85
12,52.79,80.85,84.94,49.88
12,52.89,80.77,85.14,49.96
12,52.99,80.69,85.33,50.1
12,53.09,80.61,85.53,50.11
12,53.19,80.53,85.73,50.18
12,53.29,80.44,85.93,50.04
12,53.39,80.36,86.13,50.02
12,53.49,80.28,86.33,50.05
12,53.59,80.2,86.53,50.05
12,53.69,80.11,86.73,49.84
12,53.79,80.03,86.92,50.19
12,53.89,79.95,87.12,49.81
12,53.99,79.86,87.32,50.11
12,54.09,79.78,87.52,50.01
12,54.19,79.69,87.72,49.89
12,54.29,79.61,87.92,50.05
12,54.39,79.52,88.12,49.99
12,54.49,79.44,88.32,49.93
12,54.59,79.35,88.52,49.86
12,54.69,79.27,88.72,49.85
12,54.79,79.18,88.92,49.94
12,54.89,79.09,89.12,49.96
12,54.99,79.01,89.32,49.88
12,55.09,78.92,89.51,50.0
12,55.19,78.83,89.71,49.89
12,55.29,78.75,89.91,50.04
12,55.39,78.66,90.11,50.12
12,55.49,78.57,90.31,50.03
12,55.59,78.48,90.51,49.99
12,55.69,78.4,90.71,49.95
12,55.79,78.31,90.91,50.14
12,55.89,78.22,91.11,49.98
12,55.99,78.13,91.31,50.25
12,56.09,78.04,91.51,49.88
12,56.19,77.95,91.71,50.03
12,56.29,77.86,91.91,50.14
12,56.39,77.77,92.11,49.93
12,56.49,77.68,92.31,49.98
12,56.59,77.59,92.51,50.06
12,56.69,77.5,92.71,50.04
12,56.79,77.41,92.91,50.06
12,56.89,77.32,93.11,50.12
12,56.99,77.22,93.31,49.97
12,57.1,77.13,93.51,50.14
12,57.2,77.04,93.71,49.83
12,57.3,76.95,93.91,50.11
12,57.4,76.86,94.11,50.11
12,57.5,76.76,94.32,49.92
12,57.6,76.67,94.52,49.85
12,57.7,76.58,94.72,49.98
12,57.8,76.48,94.92,50.04
12,57.9,76.39,95.12,49.97
12,58.0,76.3,95.32,50.05
12,58.1,76.2,95.52,50.19
12,58.2,76.11,95.72,49.86
12,58.3,76.01,95.92,49.8
12,58.4,75.92,96.12,49.99
12,58.5,75.82,96.32,49.93
12,58.6,75.73,96.52,49.95
12,58.7,75.63,96.72,50.13
12,58.8,75.54,96.92,49.99
12,58.9,75.44,97.13,50.0
12,59.0,75.34,97.33,49.96
12,59.1,75.25,97.53,50.0
12,59.2,75.15,97.73,50.03
12,59.3,75.05,97.93,50.28
12,59.4,74.96,98.13,50.03
12,59.5,74.86,98.33,50.12
12,59.6,74.76,98.53,50.02
12,59.7,74.67,98.73,49.8
12,59.8,74.57,98.94,49.94
12,59.9,74.47,99.14,50.03
12,60.0,74.37,99.34,50.07
13,0.0,0.0,0.0,0.0
13,0.1,0.8,-0.01,50.02
13,0.2,1.59,-0.01,49.9
13,0.3,2.37,-0.03,50.11
13,0.4,3.16,-0.05,50.11
13,0.5,3.93,-0.07,49.88
13,0.6,4.71,-0.1,50.03
13,0.7,5.48,-0.14,50.02
13,0.8,6.24,-0.17,49.98
13,0.9,7.0,-0.21,49.85
13,1.0,7.76,-0.26,49.97
13,1.1,8.51,-0.31,49.98
13,1.2,9.26,-0.37,49.83
13,1.3,10.01,-0.43,49.87
13,1.4,10.75,-0.49,49.91
13,1.5,11.49,-0.55,49.9
13,1.6,12.22,-0.63,50.03
13,1.7,12.95,-0.7,50.09
13,1.8,13.68,-0.78,49.97
13,1.9,14.41,-0.86,50.08
13,2.0,15.13,-0.95,50.1
13,2.1,15.84,-1.03,49.99
13,2.2,16.56,-1.13,50.04
13,2.3,17.27,-1.22,49.98
13,2.4,17.97,-1.32,49.89
13,2.5,18.68,-1.43,49.93
13,2.6,19.38,-1.53,50.03
13,2.7,20.08,-1.64,49.99
13,2.8,20.77,-1.76,50.07
13,2.9,21.46,-1.87,49.81
13,3.01,22.15,-1.99,49.84
13,3.11,22.84,-2.11,49.85
13,3.21,23.52,-2.24,50.02
13,3.31,24.2,-2.37,49.86
13,3.41,24.88,-2.5,50.03
13,3.51,25.56,-2.63,50.08
13,3.61,26.23,-2.77,50.15
13,3.71,26.9,-2.91,50.14
13,3.81,27.56,-3.05,49.93
13,3.91,28.23,-3.2,49.83
13,4.01,28.89,-3.35,49.94
13,4.11,29.55,-3.5,50.1
13,4.21,30.21,-3.65,49.96
13,4.31,30.86,-3.81,50.0
13,4.41,31.51,-3.97,49.94
13,4.51,32.16,-4.13,50.16
13,4.61,32.81,-4.3,49.9
13,4.71,33.45,-4.46,50.01
13,4.81,34.09,-4.63,50.11
13,4.91,34.73,-4.81,50.18
13,5.01,35.37,-4.98,49.93
13,5.11,36.01,-5.16,50.1
13,5.21,36.64,-5.34,49.94
13,5.31,37.27,-5.52,50.14
13,5.41,37.9,-5.7,50.17
13,5.51,38.53,-5.89,49.91
13,5.61,39.15,-6.07,50.07
13,5.71,39.77,-6.27,50.11
13,5.81,40.39,-6.46,49.97
13,5.91,41.01,-6.65,50.05
13,6.01,41.63,-6.85,50.06
13,6.11,42.24,-7.05,50.2
13,6.21,42.86,-7.25,49.8
13,6.31,43.47,-7.45,49.99
13,6.41,44.07,-7.66,49.87
13,6.51,44.68,-7.87,50.0
13,6.61,45.29,-8.08,49.92
13,6.71,45.89,-8.29,49.97
13,6.81,46.49,-8.5,49.91
13,6.91,47.09,-8.72,50.02
13,7.01,47.69,-8.93,50.11
13,7.11,48.28,-9.15,49.96
13,7.21,48.88,-9.37,50.14
13,7.31,49.47,-9.6,50.1
13,7.41,50.06,-9.82,50.2
13,7.51,50.65,-10.05,50.04
13,7.61,51.24,-10.28,49.99
13,7.71,51.82,-10.51,49.84
13,7.81,52.41,-10.74,49.92
13,7.91,52.99,-10.97,49.98
13,8.01,53.57,-11.21,49.99
13,8.11,54.15,-11.44,50.23
13,8.21,54.72,-11.68,49.98
13,8.31,55.3,-11.92,49.82
13,8.41,55.88,-12.16,50.07
13,8.51,56.45,-12.41,50.06
13,8.61,57.02,-12.65,49.95
13,8.71,57.59,-12.9,50.21
13,8.81,58.16,-13.15,49.81
13,8.91,58.72,-13.4,50.12
13,9.02,59.29,-13.65,49.97
13,9.12,59.85,-13.9,49.9
13,9.22,60.42,-14.16,50.24
13,9.32,60.98,-14.41,50.07
13,9.42,61.54,-14.67,49.97
13,9.52,62.1,-14.93,49.97
13,9.62,62.65,-15.19,50.03
13,9.72,63.21,-15.45,49.95
13,9.82,63.76,-15.72,50.13
13,9.92,64.32,-15.98,50.01
13,10.02,64.87,-16.25,50.1
13,10.12,65.42,-16.52,50.02
13,10.22,65.97,-16.79,50.09
13,10.32,66.51,-17.06,50.13
13,10.42,67.06,-17.33,50.17
13,10.52,67.61,-17.6,50.05
13,10.62,68.15,-17.88,49.91
13,10.72,68.69,-18.15,49.98
13,10.82,69.23,-18.43,50.0
13,10.92,69.77,-18.71,49.94
13,11.02,70.31,-18.99,49.93
13,11.12,70.85,-19.27,50.02
13,11.22,71.39,-19.55,49.9
13,11.32,71.92,-19.83,49.88
13,11.42,72.46,-20.12,49.83
13,11.52,72.99,-20.4,50.05
13,11.62,73.52,-20.69,50.03
13,11.72,74.05,-20.98,49.97
13,11.82,74.58,-21.27,50.1
13,11.92,75.11,-21.56,49.9
13,12.02,75.64,-21.85,50.04
13,12.12,76.17,-22.15,50.01
13,12.22,76.69,-22.44,49.93
13,12.32,77.22,-22.74,49.95
13,12.42,77.74,-23.03,49.94
13,12.52,78.26,-23.33,50.03
13,12.62,78.78,-23.63,50.06
13,12.72,79.3,-23.93,49.96
13,12.82,79.82,-24.23,49.93
13,12.92,80.34,-24.53,50.01
13,13.02,80.86,-24.84,49.83
13,13.12,81.37,-25.14,50.0
13,13.22,81.89,-25.45,50.16
13,13.32,82.4,-25.75,49.93
13,13.42,82.92,-26.06,49.98
13,13.52,83.43,-26.37,50.1
13,13.62,83.94,-26.68,50.08
13,13.72,84.45,-26.99,50.01
13,13.82,84.96,-27.3,49.99
13,13.92,85.47,-27.61,49.88
13,14.02,85.97,-27.93,50.05
13,14.12,86.48,-28.24,49.87
13,14.22,86.99,-28.56,49.79
13,14.32,87.49,-28.88,50.1
13,14.42,87.99,-29.19,50.04
13,14.52,88.5,-29.51,50.09
13,14.62,89.0,-29.83,49.93
13,14.72,89.5,-30.15,50.05
13,14.82,90.0,-30.47,49.96
13,14.92,90.5,-30.8,49.97
13,15.03,91.0,-31.12,50.1
13,15.13,91.49,-31.44,49.99
13,15.23,91.99,-31.77,49.93
13,15.33,92.49,-32.09,49.86
13,15.43,92.98,-32.42,50.04
13,15.53,93.48,-32.75,50.11
13,15.63,93.97,-33.08,49.92
13,15.73,94.46,-33.41,50.07
13,15.83,94.95,-33.74,49.91
13,15.93,95.45,-34.07,50.07
13,16.03,95.94,-34.4,50.0
13,16.13,96.42,-34.73,50.03
13,16.23,96.91,-35.07,49.93
13,16.33,97.4,-35.4,50.04
13,16.43,97.89,-35.74,49.94
13,16.53,98.37,-36.07,49.96
13,16.63,98.86,-36.41,49.85
13,16.73,99.34,-36.75,49.92
13,16.83,99.83,-37.09,49.95
13,16.93,100.31,-37.43,50.03
13,17.03,100.79,-37.77,50.06
13,17.13,101.28,-38.11,49.94
13,17.23,101.76,-38.45,49.98
13,17.33,102.24,-38.79,50.17
13,17.43,102.72,-39.14,50.01
13,17.53,103.19,-39.48,49.95
13,17.63,103.67,-39.83,49.83
13,17.73,104.15,-40.17,49.91
13,17.83,104.63,-40.52,49.91
13,17.93,105.1,-40.87,50.2
13,18.03,105.58,-41.22,49.92
13,18.13,106.05,-41.56,50.01
13,18.23,106.53,-41.91,50.04
13,18.33,107.0,-42.26,50.11
13,18.43,107.47,-42.62,50.0
13,18.53,107.94,-42.97,49.95
13,18.63,108.42,-43.32,49.94
13,18.73,108.89,-43.67,50.04
13,18.83,109.36,-44.03,49.93
13,18.93,109.82,-44.38,49.89
13,19.03,110.29,-44.74,49.95
13,19.13,110.76,-45.09,49.87
13,19.23,111.23,-45.45,50.19
13,19.33,111.69,-45.81,50.06
13,19.43,112.16,-46.17,50.16
13,19.53,112.63,-46.52,50.05
13,19.63,113.09,-46.88,50.15
13,19.73,113.56,-47.24,50.04
13,19.83,114.02,-47.6,50.07
13,19.93,114.48,-47.97,49.79
13,20.03,114.94,-48.33,49.91
13,20.13,115.41,-48.69,50.0
13,20.23,115.87,-49.05,50.01
13,20.33,116.33,-49.42,49.99
13,20.43,116.79,-49.78,50.05
13,20.53,117.25,-50.15,50.05
13,20.63,117.7,-50.51,50.09
13,20.73,118.16,-50.88,50.07
13,20.83,118.62,-51.25,50.12
13,20.93,119.08,-51.61,50.12
13,21.04,119.53,-51.98,50.02
13,21.14,119.99,-52.35,50.21
13,21.24,120.44,-52.72,50.14
13,21.34,120.9,-53.09,49.92
13,21.44,121.35,-53.46,50.04
13,21.54,121.81,-53.83,49.82
13,21.64,122.26,-54.21,49.83
13,21.74,122.71,-54.58,49.95
13,21.84,123.16,-54.95,49.91
13,21.94,123.62,-55.32,49.95
13,22.04,124.07,-55.7,50.03
13,22.14,124.52,-56.07,50.12
13,22.24,124.97,-56.45,50.12
13,22.34,125.42,-56.83,50.04
13,22.44,125.86,-57.2,49.89
13,22.54,126.31,-57.58,49.94
13,22.64,126.76,-57.96,50.06
13,22.74,127.21,-58.33,49.92
13,22.84,127.65,-58.71,49.87
13,22.94,128.1,-59.09,50.05
13,23.04,128.55,-59.47,50.0
13,23.14,128.99,-59.85,49.98
13,23.24,129.44,-60.23,50.11
13,23.34,129.88,-60.62,50.11
13,23.44,130.32,-61.0,50.18
13,23.54,130.77,-61.38,49.93
13,23.64,131.21,-61.76,50.04
13,23.74,131.65,-62.15,50.0
13,23.84,132.09,-62.53,50.03
13,23.94,132.53,-62.91,49.89
13,24.04,132.97,-63.3,49.86
13,24.14,133.41,-63.69,50.0
13,24.24,133.85,-64.07,49.92
13,24.34,134.29,-64.46,50.09
13,24.44,134.73,-64.85,49.85
13,24.54,135.17,-65.23,49.86
13,24.64,135.61,-65.62,49.96
13,24.74,136.05,-66.01,49.85
13,24.84,136.48,-66.4,50.17
13,24.94,136.92,-66.79,49.98
13,25.04,137.36,-67.18,49.94
13,25.14,137.79,-67.57,50.05
13,25.24,138.23,-67.96,50.09
13,25.34,138.66,-68.35,50.02
13,25.44,139.1,-68.74,49.99
13,25.54,139.53,-69.14,49.9
13,25.64,139.96,-69.53,50.06
13,25.74,140.4,-69.92,50.14
13,25.84,140.83,-70.32,49.98
13,25.94,141.26,-70.71,49.92
13,26.04,141.69,-71.1,50.02
13,26.14,142.12,-71.5,50.0
13,26.24,142.55,-71.9,49.88
13,26.34,142.98,-72.29,49.95
13,26.44,143.41,-72.69,50.18
13,26.54,143.84,-73.09,49.87
13,26.64,144.27,-73.48,49.93
13,26.74,144.7,-73.88,49.91
13,26.84,145.13,-74.28,49.91
13,26.94,145.56,-74.68,49.96
13,27.05,145.99,-75.08,50.04
13,27.15,146.41,-75.48,50.13
13,27.25,146.84,-75.88,50.02
13,27.35,147.27,-76.28,49.93
13,27.45,147.69,-76.68,50.15
13,27.55,148.12,-77.08,49.79
13,27.65,148.54,-77.48,50.07
13,27.75,148.97,-77.88,49.9
13,27.85,149.39,-78.29,49.99
13,27.95,149.81,-78.69,50.06
13,28.05,150.24,-79.09,49.84
13,28.15,150.66,-79.5,50.01
13,28.25,151.08,-79.9,50.02
13,28.35,151.51,-80.31,50.15
13,28.45,151.93,-80.71,50.27
13,28.55,152.35,-81.12,49.84
13,28.65,152.77,-81.52,50.14
13,28.75,153.19,-81.93,50.0
13,28.85,153.61,-82.34,49.92
13,28.95,154.03,-82.74,50.04
13,29.05,154.45,-83.15,49.87
13,29.15,154.87,-83.56,49.88
13,29.25,155.29,-83.97,49.83
13,29.35,155.71,-84.37,50.05
13,29.45,156.13,-84.78,50.03
13,29.55,156.55,-85.19,49.92
13,29.65,156.96,-85.6,50.15
13,29.75,157.38,-86.01,49.93
13,29.85,157.8,-86.42,50.13
13,29.95,158.21,-86.83,50.01
13,30.05,158.63,-87.25,49.93
13,30.15,159.05,-87.66,49.99
13,30.25,159.46,-88.07,49.87
13,30.35,159.88,-88.48,50.02
13,30.45,160.29,-88.89,50.0
13,30.55,160.71,-89.31,50.05
13,30.65,161.12,-89.72,50.09
13,30.75,161.53,-90.14,50.01
13,30.85,161.95,-90.55,49.85
13,30.95,162.36,-90.96,50.09
13,31.05,162.77,-91.38,50.0
13,31.15,163.19,-91.79,49.81
13,31.25,163.6,-92.21,50.03
13,31.35,164.01,-92.63,50.04
13,31.45,164.42,-93.04,49.96
13,31.55,164.83,-93.46,49.98
13,31.65,165.24,-93.88,49.94
13,31.75,165.65,-94.29,50.04
13,31.85,166.06,-94.71,50.01
13,31.95,166.47,-95.13,49.91
13,32.05,166.88,-95.55,50.16
13,32.15,167.29,-95.97,49.93
13,32.25,167.7,-96.39,49.73
13,32.35,168.11,-96.81,49.95
13,32.45,168.52,-97.22,50.1
13,32.55,168.93,-97.65,49.98
13,32.65,169.34,-98.07,49.84
13,32.75,169.74,-98.49,49.9
13,32.85,170.15,-98.91,49.89
13,32.95,170.56,-99.33,49.94
13,33.06,170.96,-99.75,49.97
13,33.16,171.37,-100.17,50.05
13,33.26,171.77,-100.6,50.01
13,33.36,172.18,-101.02,50.02
13,33.46,172.59,-101.44,50.18
13,33.56,172.99,-101.86,50.09
13,33.66,173.4,-102.29,50.08
13,33.76,173.8,-102.71,49.82
13,33.86,174.2,-103.14,49.92
13,33.96,174.61,-103.56,49.84
13,34.06,175.01,-103.99,49.92
13,34.16,175.41,-104.41,50.08
13,34.26,175.82,-104.84,49.96
13,34.36,176.22,-105.26,50.11
13,34.46,176.62,-105.69,50.07
13,34.56,177.02,-106.11,50.01
13,34.66,177.43,-106.54,50.11
13,34.76,177.83,-106.97,50.14
13,34.86,178.23,-107.4,50.05
13,34.96,178.63,-107.82,50.02
13,35.06,179.03,-108.25,50.06
13,35.16,179.43,-108.68,49.86
13,35.26,179.83,-109.11,49.99
13,35.36,180.23,-109.54,50.0
13,35.46,180.63,-109.97,49.96
13,35.56,181.03,-110.4,49.92
13,35.66,181.43,-110.83,50.1
13,35.76,181.83,-111.26,50.02
13,35.86,182.23,-111.69,50.03
13,35.96,182.62,-112.12,50.14
13,36.06,183.02,-112.55,49.98
13,36.16,183.42,-112.98,49.96
13,36.26,183.82,-113.41,50.14
13,36.36,184.21,-113.84,49.85
13,36.46,184.61,-114.27,50.01
13,36.56,185.01,-114.71,49.93
13,36.66,185.4,-115.14,50.03
13,36.76,185.8,-115.57,50.06
13,36.86,186.2,-116.0,50.06
13,36.96,186.59,-116.44,50.1
13,37.06,186.99,-116.87,49.97
13,37.16,187.38,-117.31,49.98
13,37.26,187.78,-117.74,50.05
13,37.36,188.17,-118.17,50.09
13,37.46,188.56,-118.61,49.87
13,37.56,188.96,-119.04,50.03
13,37.66,189.35,-119.48,49.96
13,37.76,189.75,-119.91,50.01
13,37.86,190.14,-120.35,49.96
13,37.96,190.53,-120.79,49.93
13,38.06,190.93,-121.22,49.9
13,38.16,191.32,-121.66,49.98
13,38.26,191.71,-122.1,50.04
13,38.36,192.1,-122.53,49.94
13,38.46,192.49,-122.97,50.12
13,38.56,192.89,-123.41,50.25
13,38.66,193.28,-123.85,50.04
13,38.76,193.67,-124.28,50.0
13,38.86,194.06,-124.72,49.91
13,38.96,194.45,-125.16,50.04
13,39.07,194.84,-125.6,50.15
13,39.17,195.23,-126.04,50.19
13,39.27,195.62,-126.48,50.14
13,39.37,196.01,-126.92,50.08
13,39.47,196.4,-127.36,50.04
13,39.57,196.79,-127.8,49.9
13,39.67,197.18,-128.24,49.99
13,39.77,197.57,-128.68,49.98
13,39.87,197.96,-129.12,49.99
13,39.97,198.34,-129.56,49.93
13,40.07,198.73,-130.0,50.08
13,40.17,199.12,-130.44,49.97
13,40.27,199.51,-130.89,49.96
13,40.37,199.9,-131.33,49.93
13,40.47,200.28,-131.77,50.02
13,40.57,200.67,-132.21,50.15
13,40.67,201.06,-132.66,50.0
13,40.77,201.44,-133.1,50.03
13,40.87,201.83,-133.54,50.19
13,40.97,202.22,-133.99,50.12
13,41.07,202.6,-134.43,50.06
13,41.17,202.99,-134.87,50.05
13,41.27,203.37,-135.32,49.94
13,41.37,203.76,-135.76,49.93
13,41.47,204.14,-136.21,50.01
13,41.57,204.53,-136.65,50.02
13,41.67,204.91,-137.1,49.92
13,41.77,205.3,-137.54,50.07
13,41.87,205.68,-137.99,49.97
13,41.97,206.06,-138.43,50.11
13,42.07,206.45,-138.88,49.99
13,42.17,206.83,-139.33,49.99
13,42.27,207.22,-139.77,49.91
13,42.37,207.6,-140.22,49.92
13,42.47,207.98,-140.67,50.13
13,42.57,208.36,-141.11,50.03
13,42.67,208.75,-141.56,50.04
13,42.77,209.13,-142.01,50.16
13,42.87,209.51,-142.46,49.87
13,42.97,209.89,-142.9,50.07
13,43.07,210.27,-143.35,49.84
13,43.17,210.66,-143.8,49.96
13,43.27,211.04,-144.25,49.89
13,43.37,211.42,-144.7,50.09
13,43.47,211.8,-145.15,49.81
13,43.57,212.18,-145.6,49.98
13,43.67,212.56,-146.05,49.88
13,43.77,212.94,-146.5,49.91
13,43.87,213.32,-146.95,49.93
13,43.97,213.7,-147.4,50.13
13,44.07,214.08,-147.85,49.97
13,44.17,214.46,-148.3,50.17
13,44.27,214.84,-148.75,50.19
13,44.37,215.22,-149.2,50.21
13,44.47,215.6,-149.65,49.99
13,44.57,215.98,-150.1,50.02
13,44.67,216.36,-150.55,50.04
13,44.77,216.73,-151.0,49.96
13,44.87,217.11,-151.46,50.04
13,44.97,217.49,-151.91,49.91
13,45.08,217.87,-152.36,49.81
13,45.18,218.25,-152.81,50.07
13,45.28,218.62,-153.27,49.97
13,45.38,219.0,-153.72,49.9
13,45.48,219.38,-154.17,49.91
13,45.58,219.75,-154.63,50.15
13,45.68,220.13,-155.08,50.05
13,45.78,220.51,-155.53,49.85
13,45.88,220.88,-155.99,49.88
13,45.98,221.26,-156.44,49.97
13,46.08,221.64,-156.9,50.05
13,46.18,222.01,-157.35,49.92
13,46.28,222.39,-157.81,49.98
13,46.38,222.76,-158.26,50.01
13,46.48,223.14,-158.72,50.01
13,46.58,223.51,-159.17,49.76
13,46.68,223.89,-159.63,50.02
13,46.78,224.26,-160.08,49.83
13,46.88,224.64,-160.54,49.97
13,46.98,225.01,-160.99,49.95
13,47.08,225.39,-161.45,49.89
13,47.18,225.76,-161.91,50.08
13,47.28,226.13,-162.36,49.89
13,47.38,226.51,-162.82,49.95
13,47.48,226.88,-163.28,50.09
13,47.58,227.25,-163.73,49.94
13,47.68,227.63,-164.19,49.92
13,47.78,228.0,-164.65,49.97
13,47.88,228.37,-165.11,50.05
13,47.98,228.75,-165.57,50.14
13,48.08,229.12,-166.02,49.91
13,48.18,229.49,-166.48,49.91
13,48.28,229.86,-166.94,49.97
13,48.38,230.23,-167.4,50.02
13,48.48,230.61,-167.86,49.92
13,48.58,230.98,-168.32,50.07
13,48.68,231.35,-168.78,49.91
13,48.78,231.72,-169.24,49.81
13,48.88,232.09,-169.69,50.05
13,48.98,232.46,-170.15,50.06
13,49.08,232.83,-170.61,50.1
13,49.18,233.2,-171.07,49.8
13,49.28,233.57,-171.53,49.93
13,49.38,233.94,-172.0,49.97
13,49.48,234.31,-172.46,50.18
13,49.58,234.68,-172.92,49.98
13,49.68,235.05,-173.38,49.87
13,49.78,235.42,-173.84,50.03
13,49.88,235.79,-174.3,50.13
13,49.98,236.16,-174.76,50.11
13,50.08,236.53,-175.22,50.06
13,50.18,236.9,-175.68,50.03
13,50.28,237.27,-176.15,49.77
13,50.38,237.64,-176.61,50.0
13,50.48,238.01,-177.07,50.02
13,50.58,238.38,-177.53,49.98
13,50.68,238.74,-178.0,50.07
13,50.78,239.11,-178.46,49.98
13,50.88,239.48,-178.92,49.96
13,50.98,239.85,-179.39,50.1
13,51.09,240.22,-179.85,49.96
13,51.19,240.58,-180.31,50.01
13,51.29,240.95,-180.78,50.09
13,51.39,241.32,-181.24,49.9
13,51.49,241.68,-181.7,49.89
13,51.59,242.05,-182.17,50.14
13,51.69,242.42,-182.63,49.94
13,51.79,242.79,-183.1,50.07
13,51.89,243.15,-183.56,49.82
13,51.99,243.52,-184.03,49.75
13,52.09,243.88,-184.49,50.04
13,52.19,244.25,-184.96,49.99
13,52.29,244.62,-185.42,50.04
13,52.39,244.98,-185.89,50.19
13,52.49,245.35,-186.35,49.88
13,52.59,245.71,-186.82,50.0
13,52.69,246.08,-187.28,50.15
13,52.79,246.44,-187.75,49.89
13,52.89,246.81,-188.22,49.94
13,52.99,247.17,-188.68,49.82
13,53.09,247.54,-189.15,50.22
13,53.19,247.9,-189.61,49.78
13,53.29,248.27,-190.08,50.08
13,53.39,248.63,-190.55,49.87
13,53.49,248.99,-191.02,49.89
13,53.59,249.36,-191.48,50.11
13,53.69,249.72,-191.95,49.93
13,53.79,250.09,-192.42,50.07
13,53.89,250.45,-192.89,50.14
13,53.99,250.81,-193.35,50.02
13,54.09,251.18,-193.82,50.09
13,54.19,251.54,-194.29,50.01
13,54.29,251.9,-194.76,50.01
13,54.39,252.26,-195.23,49.94
13,54.49,252.63,-195.69,50.19
13,54.59,252.99,-196.16,50.07
13,54.69,253.35,-196.63,50.05
13,54.79,253.71,-197.1,50.08
13,54.89,254.08,-197.57,49.93
13,54.99,254.44,-198.04,50.09
13,55.09,254.8,-198.51,50.16
13,55.19,255.16,-198.98,49.86
13,55.29,255.52,-199.45,50.05
13,55.39,255.89,-199.92,50.01
13,55.49,256.25,-200.39,49.95
13,55.59,256.61,-200.86,49.89
13,55.69,256.97,-201.33,50.11
13,55.79,257.33,-201.8,50.02
13,55.89,257.69,-202.27,49.98
13,55.99,258.05,-202.74,50.05
13,56.09,258.41,-203.21,49.99
13,56.19,258.77,-203.68,49.93
13,56.29,259.13,-204.15,50.01
13,56.39,259.49,-204.63,50.0
13,56.49,259.85,-205.1,49.82
13,56.59,260.21,-205.57,49.94
13,56.69,260.57,-206.04,49.87
13,56.79,260.93,-206.51,49.83
13,56.89,261.29,-206.98,50.05
13,56.99,261.65,-207.46,49.93
13,57.1,262.01,-207.93,50.1
13,57.2,262.37,-208.4,49.82
13,57.3,262.73,-208.87,49.97
13,57.4,263.09,-209.35,49.94
13,57.5,263.45,-209.82,49.84
13,57.6,263.8,-210.29,50.0
13,57.7,264.16,-210.76,49.85
13,57.8,264.52,-211.24,50.02
13,57.9,264.88,-211.71,50.07
13,58.0,265.24,-212.19,50.03
13,58.1,265.6,-212.66,50.04
13,58.2,265.95,-213.13,50.1
13,58.3,266.31,-213.61,50.0
13,58.4,266.67,-214.08,49.92
13,58.5,267.03,-214.55,49.94
13,58.6,267.38,-215.03,49.94
13,58.7,267.74,-215.5,49.9
13,58.8,268.1,-215.98,50.08
13,58.9,268.46,-216.45,50.05
13,59.0,268.81,-216.93,49.83
13,59.1,269.17,-217.4,49.92
13,59.2,269.53,-217.88,49.89
13,59.3,269.88,-218.35,50.03
13,59.4,270.24,-218.83,50.11
13,59.5,270.59,-219.3,50.04
13,59.6,270.95,-219.78,49.93
13,59.7,271.31,-220.25,49.97
13,59.8,271.66,-220.73,49.86
13,59.9,272.02,-221.21,49.87
13,60.0,272.37,-221.68,50.08
14,0.0,0.0,0.0,0.0
14,0.1,0.88,-0.0,49.83
14,0.2,1.77,-0.0,49.9
14,0.3,2.65,-0.01,50.2
14,0.4,3.53,-0.01,49.9
14,0.5,4.42,-0.02,49.96
14,0.6,5.3,-0.02,49.94
14,0.7,6.18,-0.03,49.8
14,0.8,7.06,-0.04,50.01
14,0.9,7.94,-0.05,50.0
14,1.0,8.81,-0.06,50.02
14,1.1,9.69,-0.07,49.99
14,1.2,10.57,-0.08,49.95
14,1.3,11.44,-0.09,49.95
14,1.4,12.32,-0.11,49.95
14,1.5,13.19,-0.12,49.9
14,1.6,14.07,-0.14,49.92
14,1.7,14.94,-0.16,49.9
14,1.8,15.81,-0.18,50.06
14,1.9,16.68,-0.2,50.03
14,2.0,17.55,-0.22,50.0
14,2.1,18.42,-0.24,50.19
14,2.2,19.29,-0.26,49.91
14,2.3,20.16,-0.28,50.11
14,2.4,21.03,-0.3,49.97
14,2.5,21.9,-0.33,50.02
14,2.6,22.76,-0.35,50.07
14,2.7,23.63,-0.38,49.95
14,2.8,24.5,-0.41,49.89
14,2.9,25.36,-0.44,49.91
14,3.01,26.23,-0.47,49.79
14,3.11,27.09,-0.5,50.06
14,3.21,27.95,-0.53,50.06
14,3.31,28.81,-0.56,50.16
14,3.41,29.68,-0.59,50.04
14,3.51,30.54,-0.62,50.07
14,3.61,31.4,-0.66,49.99
14,3.71,32.26,-0.69,50.05
14,3.81,33.12,-0.73,50.11
14,3.91,33.98,-0.77,50.02
14,4.01,34.83,-0.8,49.95
14,4.11,35.69,-0.84,49.98
14,4.21,36.55,-0.88,50.08
14,4.31,37.4,-0.92,49.95
14,4.41,38.26,-0.96,50.09
14,4.51,39.12,-1.0,50.19
14,4.61,39.97,-1.04,50.09
14,4.71,40.82,-1.09,50.07
14,4.81,41.68,-1.13,50.03
14,4.91,42.53,-1.17,49.92
14,5.01,43.38,-1.22,49.91
14,5.11,44.23,-1.27,49.91
14,5.21,45.09,-1.31,50.06
14,5.31,45.94,-1.36,49.96
14,5.41,46.79,-1.41,50.0
14,5.51,47.64,-1.46,50.04
14,5.61,48.49,-1.51,49.92
14,5.71,49.33,-1.56,49.95
14,5.81,50.18,-1.61,50.03
14,5.91,51.03,-1.66,49.97
14,6.01,51.88,-1.71,49.98
14,6.11,52.72,-1.77,49.9
14,6.21,53.57,-1.82,49.98
14,6.31,54.41,-1.87,50.17
14,6.41,55.26,-1.93,49.96
14,6.51,56.1,-1.99,49.89
14,6.61,56.95,-2.04,50.1
14,6.71,57.79,-2.1,50.05
14,6.81,58.63,-2.16,50.02
14,6.91,59.48,-2.22,49.87
14,7.01,60.32,-2.28,49.88
14,7.11,61.16,-2.34,49.85
14,7.21,62.0,-2.4,50.04
14,7.31,62.84,-2.46,50.1
14,7.41,63.68,-2.52,50.05
14,7.51,64.52,-2.58,50.19
14,7.61,65.36,-2.65,49.96
14,7.71,66.2,-2.71,49.97
14,7.81,67.04,-2.78,50.01
14,7.91,67.87,-2.84,49.98
14,8.01,68.71,-2.91,50.05
14,8.11,69.55,-2.97,49.94
14,8.21,70.38,-3.04,49.86
14,8.31,71.22,-3.11,49.82
14,8.41,72.05,-3.18,50.05
14,8.51,72.89,-3.25,49.95
14,8.61,73.72,-3.32,49.88
14,8.71,74.56,-3.39,49.94
14,8.81,75.39,-3.46,50.2
14,8.91,76.22,-3.53,49.89
14,9.02,77.06,-3.6,50.07
14,9.12,77.89,-3.67,50.04
14,9.22,78.72,-3.75,50.13
14,9.32,79.55,-3.82,49.99
14,9.42,80.38,-3.9,49.84
14,9.52,81.21,-3.97,50.1
14,9.62,82.04,-4.05,49.98
14,9.72,82.87,-4.12,50.13
14,9.82,83.7,-4.2,50.08
14,9.92,84.53,-4.28,50.1
14,10.02,85.36,-4.35,50.24
14,10.12,86.19,-4.43,50.03
14,10.22,87.02,-4.51,50.14
14,10.32,87.84,-4.59,49.96
14,10.42,88.67,-4.67,50.05
14,10.52,89.5,-4.75,49.95
14,10.62,90.32,-4.83,50.05
14,10.72,91.15,-4.91,50.04
14,10.82,91.97,-5.0,49.79
14,10.92,92.8,-5.08,49.94
14,11.02,93.62,-5.16,50.02
14,11.12,94.45,-5.25,49.77
14,11.22,95.27,-5.33,49.99
14,11.32,96.09,-5.42,50.1
14,11.42,96.91,-5.5,50.13
14,11.52,97.74,-5.59,49.92
14,11.62,98.56,-5.67,50.14
14,11.72,99.38,-5.76,50.12
14,11.82,100.2,-5.85,49.79
14,11.92,101.02,-5.94,50.01
14,12.02,101.84,-6.02,50.02
14,12.12,102.66,-6.11,50.15
14,12.22,103.48,-6.2,50.03
14,12.32,104.3,-6.29,50.14
14,12.42,105.12,-6.38,49.92
14,12.52,105.94,-6.47,49.84
14,12.62,106.76,-6.57,49.94
14,12.72,107.58,-6.66,50.16
14,12.82,108.4,-6.75,50.09
14,12.92,109.21,-6.84,50.23
14,13.02,110.03,-6.94,49.86
14,13.12,110.85,-7.03,50.1
14,13.22,111.66,-7.12,50.08
14,13.32,112.48,-7.22,49.97
14,13.42,113.29,-7.32,50.08
14,13.52,114.11,-7.41,50.01
14,13.62,114.92,-7.51,50.05
14,13.72,115.74,-7.6,50.07
14,13.82,116.55,-7.7,50.1
14,13.92,117.37,-7.8,50.01
14,14.02,118.18,-7.9,50.18
14,14.12,118.99,-8.0,49.98
14,14.22,119.81,-8.09,50.19
14,14.32,120.62,-8.19,49.89
14,14.42,121.43,-8.29,49.9
14,14.52,122.24,-8.39,49.91
14,14.62,123.05,-8.49,50.1
14,14.72,123.87,-8.6,49.92
14,14.82,124.68,-8.7,50.15
14,14.92,125.49,-8.8,49.95
14,15.03,126.3,-8.9,50.04
14,15.13,127.11,-9.0,50.06
14,15.23,127.92,-9.11,49.9
14,15.33,128.73,-9.21,49.86
14,15.43,129.54,-9.32,50.03
14,15.53,130.34,-9.42,49.97
14,15.63,131.15,-9.53,50.05
14,15.73,131.96,-9.63,49.87
14,15.83,132.77,-9.74,49.96
14,15.93,133.58,-9.84,49.98
14,16.03,134.38,-9.95,49.76
14,16.13,135.19,-10.06,50.1
14,16.23,136.0,-10.16,49.92
14,16.33,136.8,-10.27,50.15
14,16.43,137.61,-10.38,49.93
14,16.53,138.41,-10.49,49.95
14,16.63,139.22,-10.6,49.88
14,16.73,140.03,-10.71,50.11
14,16.83,140.83,-10.82,50.05
14,16.93,141.63,-10.93,50.14
14,17.03,142.44,-11.04,49.98
14,17.13,143.24,-11.15,50.0
14,17.23,144.05,-11.26,49.83
14,17.33,144.85,-11.37,49.94
14,17.43,145.65,-11.49,50.02
14,17.53,146.46,-11.6,50.04
14,17.63,147.26,-11.71,50.18
14,17.73,148.06,-11.83,49.81
14,17.83,148.86,-11.94,50.02
14,17.93,149.66,-12.05,49.96
14,18.03,150.47,-12.17,50.01
14,18.13,151.27,-12.28,50.01
14,18.23,152.07,-12.4,49.98
14,18.33,152.87,-12.51,49.89
14,18.43,153.67,-12.63,49.87
14,18.53,154.47,-12.75,49.97
14,18.63,155.27,-12.86,49.86
14,18.73,156.07,-12.98,49.99
14,18.83,156.87,-13.1,49.97
14,18.93,157.67,-13.22,49.75
14,19.03,158.46,-13.33,50.19
14,19.13,159.26,-13.45,50.01
14,19.23,160.06,-13.57,49.76
14,19.33,160.86,-13.69,50.02
14,19.43,161.66,-13.81,49.98
14,19.53,162.45,-13.93,49.87
14,19.63,163.25,-14.05,50.03
14,19.73,164.05,-14.17,49.91
14,19.83,164.84,-14.29,50.02
14,19.93,165.64,-14.41,49.93
14,20.03,166.44,-14.54,49.91
14,20.13,167.23,-14.66,50.0
14,20.23,168.03,-14.78,49.84
14,20.33,168.82,-14.9,49.99
14,20.43,169.62,-15.03,50.07
14,20.53,170.41,-15.15,50.13
14,20.63,171.21,-15.27,50.11
14,20.73,172.0,-15.4,50.14
14,20.83,172.8,-15.52,49.95
14,20.93,173.59,-15.65,49.9
14,21.04,174.38,-15.77,50.08
14,21.14,175.18,-15.9,49.95
14,21.24,175.97,-16.02,50.0
14,21.34,176.76,-16.15,50.07
14,21.44,177.56,-16.28,50.2
14,21.54,178.35,-16.4,50.05
14,21.64,179.14,-16.53,50.02
14,21.74,179.93,-16.66,49.89
14,21.84,180.73,-16.79,50.12
14,21.94,181.52,-16.91,50.04
14,22.04,182.31,-17.04,49.97
14,22.14,183.1,-17.17,49.95
14,22.24,183.89,-17.3,49.96
14,22.34,184.68,-17.43,50.0
14,22.44,185.47,-17.56,49.85
14,22.54,186.26,-17.69,50.12
14,22.64,187.05,-17.82,50.1
14,22.74,187.84,-17.95,49.98
14,22.84,188.63,-18.08,49.96
14,22.94,189.42,-18.21,50.0
14,23.04,190.21,-18.34,50.01
14,23.14,191.0,-18.47,49.97
14,23.24,191.79,-18.61,50.1
14,23.34,192.57,-18.74,49.86
14,23.44,193.36,-18.87,49.93
14,23.54,194.15,-19.0,50.08
14,23.64,194.94,-19.14,50.03
14,23.74,195.73,-19.27,49.93
14,23.84,196.51,-19.4,50.04
14,23.94,197.3,-19.54,49.92
14,24.04,198.09,-19.67,49.97
14,24.14,198.87,-19.81,50.1
14,24.24,199.66,-19.94,50.09
14,24.34,200.45,-20.08,50.03
14,24.44,201.23,-20.21,49.89
14,24.54,202.02,-20.35,49.96
14,24.64,202.8,-20.49,50.01
14,24.74,203.59,-20.62,50.15
14,24.84,204.37,-20.76,49.82
14,24.94,205.16,-20.9,49.91
14,25.04,205.94,-21.03,50.11
14,25.14,206.73,-21.17,50.14
14,25.24,207.51,-21.31,49.99
14,25.34,208.3,-21.45,50.15
14,25.44,209.08,-21.59,49.93
14,25.54,209.86,-21.72,49.85
14,25.64,210.65,-21.86,50.08
14,25.74,211.43,-22.0,50.13
14,25.84,212.21,-22.14,50.13
14,25.94,213.0,-22.28,49.91
14,26.04,213.78,-22.42,50.02
14,26.14,214.56,-22.56,50.08
14,26.24,215.34,-22.7,50.03
14,26.34,216.13,-22.84,50.14
14,26.44,216.91,-22.98,49.96
14,26.54,217.69,-23.12,49.99
14,26.64,218.47,-23.27,50.02
14,26.74,219.25,-23.41,50.08
14,26.84,220.03,-23.55,49.98
14,26.94,220.82,-23.69,50.09
14,27.05,221.6,-23.84,50.16
14,27.15,222.38,-23.98,49.95
14,27.25,223.16,-24.12,49.98
14,27.35,223.94,-24.26,50.1
14,27.45,224.72,-24.41,50.19
14,27.55,225.5,-24.55,50.06
14,27.65,226.28,-24.7,49.92
14,27.75,227.06,-24.84,50.02
14,27.85,227.84,-24.99,50.1
14,27.95,228.61,-25.13,49.92
14,28.05,229.39,-25.28,49.89
14,28.15,230.17,-25.42,49.97
14,28.25,230.95,-25.57,50.07
14,28.35,231.73,-25.71,49.86
14,28.45,232.51,-25.86,49.93
14,28.55,233.29,-26.01,50.03
14,28.65,234.06,-26.15,50.11
14,28.75,234.84,-26.3,50.03
14,28.85,235.62,-26.45,50.04
14,28.95,236.4,-26.59,50.1
14,29.05,237.17,-26.74,50.16
14,29.15,237.95,-26.89,50.15
14,29.25,238.73,-27.04,49.8
14,29.35,239.5,-27.19,50.01
14,29.45,240.28,-27.33,50.09
14,29.55,241.06,-27.48,50.17
14,29.65,241.83,-27.63,50.06
14,29.75,242.61,-27.78,49.91
14,29.85,243.38,-27.93,49.93
14,29.95,244.16,-28.08,49.93
14,30.05,244.93,-28.23,50.03
14,30.15,245.71,-28.38,49.95
14,30.25,246.48,-28.53,49.7
14,30.35,247.26,-28.68,49.88
14,30.45,248.03,-28.83,49.96
14,30.55,248.81,-28.98,49.86
14,30.65,249.58,-29.14,49.88
14,30.75,250.36,-29.29,50.21
14,30.85,251.13,-29.44,50.0
14,30.95,251.91,-29.59,49.96
14,31.05,252.68,-29.74,50.07
14,31.15,253.45,-29.9,50.11
14,31.25,254.23,-30.05,50.22
14,31.35,255.0,-30.2,50.17
14,31.45,255.77,-30.35,50.04
14,31.55,256.55,-30.51,49.85
14,31.65,257.32,-30.66,49.9
14,31.75,258.09,-30.81,49.96
14,31.85,258.86,-30.97,50.05
14,31.95,259.64,-31.12,50.01
14,32.05,260.41,-31.28,49.85
14,32.15,261.18,-31.43,49.83
14,32.25,261.95,-31.59,50.03
14,32.35,262.72,-31.74,50.01
14,32.45,263.49,-31.9,49.98
14,32.55,264.27,-32.05,50.05
14,32.65,265.04,-32.21,50.12
14,32.75,265.81,-32.36,50.03
14,32.85,266.58,-32.52,49.91
14,32.95,267.35,-32.68,50.19
14,33.06,268.12,-32.83,49.98
14,33.16,268.89,-32.99,50.0
14,33.26,269.66,-33.15,49.93
14,33.36,270.43,-33.3,49.89
14,33.46,271.2,-33.46,49.9
14,33.56,271.97,-33.62,49.88
14,33.66,272.74,-33.78,49.7
14,33.76,273.51,-33.94,49.98
14,33.86,274.28,-34.09,50.11
14,33.96,275.05,-34.25,49.9
14,34.06,275.82,-34.41,50.26
14,34.16,276.59,-34.57,50.14
14,34.26,277.36,-34.73,50.0
14,34.36,278.12,-34.89,49.89
14,34.46,278.89,-35.05,49.84
14,34.56,279.66,-35.21,49.99
14,34.66,280.43,-35.37,50.01
14,34.76,281.2,-35.53,49.98
14,34.86,281.96,-35.69,50.11
14,34.96,282.73,-35.85,50.15
14,35.06,283.5,-36.01,50.05
14,35.16,284.27,-36.17,50.05
14,35.26,285.03,-36.33,49.97
14,35.36,285.8,-36.49,50.0
14,35.46,286.57,-36.65,50.04
14,35.56,287.34,-36.81,49.97
14,35.66,288.1,-36.98,50.07
14,35.76,288.87,-37.14,49.89
14,35.86,289.64,-37.3,49.93
14,35.96,290.4,-37.46,49.9
14,36.06,291.17,-37.62,49.93
14,36.16,291.93,-37.79,49.97
14,36.26,292.7,-37.95,50.1
14,36.36,293.47,-38.11,50.0
14,36.46,294.23,-38.28,49.87
14,36.56,295.0,-38.44,49.86
14,36.66,295.76,-38.6,49.96
14,36.76,296.53,-38.77,50.08
14,36.86,297.29,-38.93,50.14
14,36.96,298.06,-39.1,49.84
14,37.06,298.82,-39.26,50.04
14,37.16,299.59,-39.42,49.96
14,37.26,300.35,-39.59,49.97
14,37.36,301.12,-39.75,49.89
14,37.46,301.88,-39.92,49.98
14,37.56,302.64,-40.08,49.89
14,37.66,303.41,-40.25,49.97
14,37.76,304.17,-40.42,50.11
14,37.86,304.94,-40.58,50.06
14,37.96,305.7,-40.75,50.19
14,38.06,306.46,-40.91,50.05
14,38.16,307.23,-41.08,50.02
14,38.26,307.99,-41.25,50.06
14,38.36,308.75,-41.41,49.92
14,38.46,309.52,-41.58,49.79
14,38.56,310.28,-41.75,50.08
14,38.66,311.04,-41.91,49.82
14,38.76,311.8,-42.08,50.11
14,38.86,312.57,-42.25,50.08
14,38.96,313.33,-42.42,49.92
14,39.07,314.09,-42.59,49.96
14,39.17,314.85,-42.75,50.0
14,39.27,315.61,-42.92,49.91
14,39.37,316.38,-43.09,50.05
14,39.47,317.14,-43.26,50.06
14,39.57,317.9,-43.43,49.86
14,39.67,318.66,-43.6,49.92
14,39.77,319.42,-43.77,50.0
14,39.87,320.18,-43.94,50.11
14,39.97,320.94,-44.1,50.07
14,40.07,321.71,-44.27,49.77
14,40.17,322.47,-44.44,49.97
14,40.27,323.23,-44.61,50.05
14,40.37,323.99,-44.78,49.92
14,40.47,324.75,-44.95,49.91
14,40.57,325.51,-45.12,49.93
14,40.67,326.27,-45.3,49.97
14,40.77,327.03,-45.47,49.9
14,40.87,327.79,-45.64,50.07
14,40.97,328.55,-45.81,49.91
14,41.07,329.31,-45.98,49.9
14,41.17,330.07,-46.15,49.96
14,41.27,330.83,-46.32,50.15
14,41.37,331.59,-46.49,50.05
14,41.47,332.35,-46.67,50.06
14,41.57,333.11,-46.84,50.03
14,41.67,333.86,-47.01,49.91
14,41.77,334.62,-47.18,49.94
14,41.87,335.38,-47.36,49.92
14,41.97,336.14,-47.53,50.11
14,42.07,336.9,-47.7,50.03
14,42.17,337.66,-47.87,49.83
14,42.27,338.42,-48.05,50.15
14,42.37,339.17,-48.22,49.97
14,42.47,339.93,-48.39,50.07
14,42.57,340.69,-48.57,50.11
14,42.67,341.45,-48.74,49.74
14,42.77,342.21,-48.92,50.05
14,42.87,342.96,-49.09,49.97
14,42.97,343.72,-49.26,49.76
14,43.07,344.48,-49.44,49.89
14,43.17,345.24,-49.61,49.95
14,43.27,345.99,-49.79,50.08
14,43.37,346.75,-49.96,49.98
14,43.47,347.51,-50.14,50.01
14,43.57,348.26,-50.31,49.96
14,43.67,349.02,-50.49,50.11
14,43.77,349.78,-50.66,50.05
14,43.87,350.53,-50.84,50.02
14,43.97,351.29,-51.01,49.89
14,44.07,352.05,-51.19,50.01
14,44.17,352.8,-51.37,50.28
14,44.27,353.56,-51.54,50.08
14,44.37,354.32,-51.72,49.93
14,44.47,355.07,-51.9,50.19
14,44.57,355.83,-52.07,49.92
14,44.67,356.58,-52.25,50.07
14,44.77,357.34,-52.43,50.0
14,44.87,358.09,-52.6,50.02
14,44.97,358.85,-52.78,50.02
14,45.08,359.61,-52.96,49.98
14,45.18,360.36,-53.14,49.96
14,45.28,361.12,-53.31,49.87
14,45.38,361.87,-53.49,49.89
14,45.48,362.63,-53.67,50.03
14,45.58,363.38,-53.85,49.93
14,45.68,364.13,-54.03,49.91
14,45.78,364.89,-54.2,50.28
14,45.88,365.64,-54.38,50.25
14,45.98,366.4,-54.56,50.06
14,46.08,367.15,-54.74,50.07
14,46.18,367.91,-54.92,49.92
14,46.28,368.66,-55.1,49.88
14,46.38,369.41,-55.28,49.97
14,46.48,370.17,-55.46,50.0
14,46.58,370.92,-55.64,50.07
14,46.68,371.68,-55.82,49.82
14,46.78,372.43,-56.0,50.21
14,46.88,373.18,-56.18,50.02
14,46.98,373.94,-56.36,49.84
14,47.08,374.69,-56.54,50.02
14,47.18,375.44,-56.72,49.91
14,47.28,376.19,-56.9,49.9
14,47.38,376.95,-57.08,49.89
14,47.48,377.7,-57.26,49.97
14,47.58,378.45,-57.44,50.21
14,47.68,379.21,-57.62,50.01
14,47.78,379.96,-57.8,50.07
14,47.88,380.71,-57.98,50.09
14,47.98,381.46,-58.16,49.99
14,48.08,382.22,-58.34,49.88
14,48.18,382.97,-58.53,49.84
14,48.28,383.72,-58.71,49.96
14,48.38,384.47,-58.89,50.11
14,48.48,385.22,-59.07,50.09
14,48.58,385.98,-59.25,50.03
14,48.68,386.73,-59.44,50.04
14,48.78,387.48,-59.62,49.99
14,48.88,388.23,-59.8,49.95
14,48.98,388.98,-59.98,49.93
14,49.08,389.73,-60.17,49.85
14,49.18,390.48,-60.35,50.18
14,49.28,391.23,-60.53,50.02
14,49.38,391.99,-60.72,49.96
14,49.48,392.74,-60.9,50.18
14,49.58,393.49,-61.08,50.2
14,49.68,394.24,-61.27,50.27
14,49.78,394.99,-61.45,49.98
14,49.88,395.74,-61.63,50.01
14,49.98,396.49,-61.82,50.07
14,50.08,397.24,-62.0,50.17
14,50.18,397.99,-62.19,50.01
14,50.28,398.74,-62.37,49.9
14,50.38,399.49,-62.56,49.92
14,50.48,400.24,-62.74,50.12
14,50.58,400.99,-62.92,50.06
14,50.68,401.74,-63.11,49.98
14,50.78,402.49,-63.29,49.98
14,50.88,403.24,-63.48,49.98
14,50.98,403.99,-63.66,50.12
14,51.09,404.74,-63.85,49.92
14,51.19,405.49,-64.04,49.88
14,51.29,406.24,-64.22,50.18
14,51.39,406.99,-64.41,50.0
14,51.49,407.73,-64.59,49.99
14,51.59,408.48,-64.78,50.07
14,51.69,409.23,-64.96,49.9
14,51.79,409.98,-65.15,50.08
14,51.89,410.73,-65.34,49.96
14,51.99,411.48,-65.52,50.11
14,52.09,412.23,-65.71,49.85
14,52.19,412.98,-65.9,50.05
14,52.29,413.72,-66.08,49.98
14,52.39,414.47,-66.27,49.93
14,52.49,415.22,-66.46,50.08
14,52.59,415.97,-66.64,49.99
14,52.69,416.72,-66.83,50.05
14,52.79,417.46,-67.02,50.13
14,52.89,418.21,-67.21,50.08
14,52.99,418.96,-67.39,49.89
14,53.09,419.71,-67.58,49.95
14,53.19,420.46,-67.77,50.05
14,53.29,421.2,-67.96,50.08
14,53.39,421.95,-68.15,49.96
14,53.49,422.7,-68.33,50.02
14,53.59,423.44,-68.52,50.02
14,53.69,424.19,-68.71,50.03
14,53.79,424.94,-68.9,49.88
14,53.89,425.69,-69.09,49.86
14,53.99,426.43,-69.28,49.77
14,54.09,427.18,-69.47,50.01
14,54.19,427.93,-69.66,49.86
14,54.29,428.67,-69.84,50.21
14,54.39,429.42,-70.03,50.07
14,54.49,430.17,-70.22,49.88
14,54.59,430.91,-70.41,50.11
14,54.69,431.66,-70.6,50.11
14,54.79,432.4,-70.79,50.12
14,54.89,433.15,-70.98,49.92
14,54.99,433.9,-71.17,50.07
14,55.09,434.64,-71.36,50.12
14,55.19,435.39,-71.55,50.16
14,55.29,436.13,-71.74,49.85
14,55.39,436.88,-71.93,49.98
14,55.49,437.63,-72.12,49.92
14,55.59,438.37,-72.31,50.19
14,55.69,439.12,-72.5,50.05
14,55.79,439.86,-72.69,50.09
14,55.89,440.61,-72.89,50.05
14,55.99,441.35,-73.08,50.04
14,56.09,442.1,-73.27,49.91
14,56.19,442.84,-73.46,49.96
14,56.29,443.59,-73.65,50.01
14,56.39,444.33,-73.84,49.94
14,56.49,445.08,-74.03,49.92
14,56.59,445.82,-74.22,49.98
14,56.69,446.57,-74.42,49.94
14,56.79,447.31,-74.61,50.0
14,56.89,448.06,-74.8,49.96
14,56.99,448.8,-74.99,49.93
14,57.1,449.55,-75.18,49.91
14,57.2,450.29,-75.38,50.0
14,57.3,451.03,-75.57,50.09
14,57.4,451.78,-75.76,50.07
14,57.5,452.52,-75.95,49.85
14,57.6,453.27,-76.15,50.09
14,57.7,454.01,-76.34,50.06
14,57.8,454.75,-76.53,50.09
14,57.9,455.5,-76.73,50.11
14,58.0,456.24,-76.92,49.93
14,58.1,456.99,-77.11,49.97
14,58.2,457.73,-77.3,50.18
14,58.3,458.47,-77.5,50.17
14,58.4,459.22,-77.69,49.99
14,58.5,459.96,-77.89,50.06
14,58.6,460.7,-78.08,50.07
14,58.7,461.45,-78.27,50.18
14,58.8,462.19,-78.47,50.03
14,58.9,462.93,-78.66,49.88
14,59.0,463.68,-78.85,49.95
14,59.1,464.42,-79.05,50.31
14,59.2,465.16,-79.24,49.87
14,59.3,465.9,-79.44,50.01
14,59.4,466.65,-79.63,50.23
14,59.5,467.39,-79.83,49.92
14,59.6,468.13,-80.02,49.73
14,59.7,468.87,-80.22,49.75
14,59.8,469.62,-80.41,49.92
14,59.9,470.36,-80.61,49.82
14,60.0,471.1,-80.8,50.1
15,0.0,0.0,0.0,0.0
15,0.1,0.65,0.0,50.03
15,0.2,1.3,0.0,50.12
15,0.3,1.94,0.0,50.02
15,0.4,2.58,0.0,50.14
15,0.5,3.21,0.0,50.11
15,0.6,3.84,0.0,49.88
15,0.7,4.46,0.0,50.09
15,0.8,5.07,0.0,50.06
15,0.9,5.68,0.0,49.8
15,1.0,6.29,0.0,49.86
15,1.1,6.89,0.0,50.24
15,1.2,7.48,0.0,49.91
15,1.3,8.07,0.0,50.04
15,1.4,8.65,0.0,49.98
15,1.5,9.23,0.0,50.02
15,1.6,9.81,0.01,49.99
15,1.7,10.38,0.01,50.1
15,1.8,10.94,0.01,50.09
15,1.9,11.51,0.01,50.01
15,2.0,12.06,0.01,49.91
15,2.1,12.62,0.01,49.94
15,2.2,13.16,0.01,49.84
15,2.3,13.71,0.01,49.97
15,2.4,14.25,0.01,49.82
15,2.5,14.78,0.01,50.02
15,2.6,15.31,0.01,50.03
15,2.7,15.84,0.01,50.1
15,2.8,16.37,0.01,49.88
15,2.9,16.89,0.02,49.88
15,3.01,17.4,0.02,50.15
15,3.11,17.92,0.02,49.86
15,3.21,18.42,0.02,50.21
15,3.31,18.93,0.02,49.91
15,3.41,19.43,0.02,49.91
15,3.51,19.93,0.02,50.08
15,3.61,20.42,0.02,50.05
15,3.71,20.92,0.02,50.16
15,3.81,21.4,0.03,49.81
15,3.91,21.89,0.03,50.05
15,4.01,22.37,0.03,50.0
15,4.11,22.85,0.03,49.89
15,4.21,23.32,0.03,50.19
15,4.31,23.79,0.03,50.02
15,4.41,24.26,0.03,49.99
15,4.51,24.73,0.04,50.05
15,4.61,25.19,0.04,49.83
15,4.71,25.65,0.04,49.88
15,4.81,26.1,0.04,49.97
15,4.91,26.56,0.04,50.03
15,5.01,27.01,0.04,50.13
15,5.11,27.45,0.04,49.91
15,5.21,27.9,0.05,49.89
15,5.31,28.34,0.05,50.05
15,5.41,28.78,0.05,49.99
15,5.51,29.22,0.05,49.81
15,5.61,29.65,0.05,49.91
15,5.71,30.08,0.05,49.98
15,5.81,30.51,0.05,49.98
15,5.91,30.93,0.06,50.01
15,6.01,31.36,0.06,49.87
15,6.11,31.78,0.06,49.99
15,6.21,32.19,0.06,50.09
15,6.31,32.61,0.06,49.71
15,6.41,33.02,0.06,49.97
15,6.51,33.43,0.07,49.83
15,6.61,33.84,0.07,50.0
15,6.71,34.25,0.07,49.85
15,6.81,34.65,0.07,50.01
15,6.91,35.05,0.07,50.16
15,7.01,35.45,0.08,49.9
15,7.11,35.85,0.08,49.92
15,7.21,36.24,0.08,49.95
15,7.31,36.63,0.08,50.03
15,7.41,37.02,0.08,49.9
15,7.51,37.41,0.09,49.96
15,7.61,37.8,0.09,49.93
15,7.71,38.18,0.09,49.95
15,7.81,38.56,0.09,50.03
15,7.91,38.94,0.09,50.06
15,8.01,39.32,0.09,49.85
15,8.11,39.69,0.1,50.03
15,8.21,40.07,0.1,50.31
15,8.31,40.44,0.1,50.15
15,8.41,40.81,0.1,49.94
15,8.51,41.18,0.1,50.01
15,8.61,41.54,0.11,50.0
15,8.71,41.9,0.11,50.05
15,8.81,42.27,0.11,49.96
15,8.91,42.63,0.11,49.97
15,9.02,42.98,0.12,49.93
15,9.12,43.34,0.12,50.11
15,9.22,43.69,0.12,50.03
15,9.32,44.05,0.12,50.03
15,9.42,44.4,0.12,50.12
15,9.52,44.74,0.13,50.12
15,9.62,45.09,0.13,50.1
15,9.72,45.44,0.13,50.12
15,9.82,45.78,0.13,50.16
15,9.92,46.12,0.14,49.9
15,10.02,46.46,0.14,49.97
15,10.12,46.8,0.14,50.07
15,10.22,47.14,0.14,49.91
15,10.32,47.47,0.14,49.96
15,10.42,47.81,0.15,50.02
15,10.52,48.14,0.15,49.98
15,10.62,48.47,0.15,50.01
15,10.72,48.8,0.15,49.89
15,10.82,49.12,0.16,50.0
15,10.92,49.45,0.16,50.01
15,11.02,49.77,0.16,50.16
15,11.12,50.1,0.16,49.97
15,11.22,50.42,0.17,49.93
15,11.32,50.74,0.17,50.07
15,11.42,51.06,0.17,49.68
15,11.52,51.37,0.17,49.97
15,11.62,51.69,0.17,49.95
15,11.72,52.0,0.18,50.03
15,11.82,52.31,0.18,50.12
15,11.92,52.62,0.18,50.16
15,12.02,52.93,0.18,50.02
15,12.12,53.24,0.19,49.84
15,12.22,53.55,0.19,49.95
15,12.32,53.85,0.19,49.96
15,12.42,54.16,0.19,50.04
15,12.52,54.46,0.2,50.01
15,12.62,54.76,0.2,49.93
15,12.72,55.06,0.2,49.87
15,12.82,55.36,0.2,49.91
15,12.92,55.66,0.21,49.91
15,13.02,55.95,0.21,50.16
15,13.12,56.25,0.21,49.92
15,13.22,56.54,0.22,50.01
15,13.32,56.83,0.22,50.1
15,13.42,57.12,0.22,50.02
15,13.52,57.41,0.22,49.89
15,13.62,57.7,0.23,50.1
15,13.72,57.99,0.23,50.04
15,13.82,58.28,0.23,49.78
15,13.92,58.56,0.23,50.12
15,14.02,58.85,0.24,50.09
15,14.12,59.13,0.24,50.03
15,14.22,59.41,0.24,50.16
15,14.32,59.69,0.24,50.09
15,14.42,59.97,0.25,50.11
15,14.52,60.25,0.25,50.1
15,14.62,60.52,0.25,50.08
15,14.72,60.8,0.25,49.82
15,14.82,61.07,0.26,49.83
15,14.92,61.35,0.26,50.09
15,15.03,61.62,0.26,50.12
15,15.13,61.89,0.27,49.93
15,15.23,62.16,0.27,49.89
15,15.33,62.43,0.27,50.03
15,15.43,62.7,0.27,49.85
15,15.53,62.96,0.28,49.98
15,15.63,63.23,0.28,49.96
15,15.73,63.49,0.28,49.98
15,15.83,63.76,0.28,50.19
15,15.93,64.02,0.29,49.94
15,16.03,64.28,0.29,50.01
15,16.13,64.54,0.29,49.87
15,16.23,64.8,0.3,50.09
15,16.33,65.06,0.3,49.98
15,16.43,65.32,0.3,50.12
15,16.53,65.58,0.3,49.75
15,16.63,65.83,0.31,49.99
15,16.73,66.09,0.31,50.01
15,16.83,66.34,0.31,50.09
15,16.93,66.59,0.32,49.94
15,17.03,66.84,0.32,50.08
15,17.13,67.1,0.32,49.95
15,17.23,67.35,0.32,50.01
15,17.33,67.59,0.33,50.09
15,17.43,67.84,0.33,49.91
15,17.53,68.09,0.33,50.07
15,17.63,68.34,0.34,50.03
15,17.73,68.58,0.34,49.97
15,17.83,68.83,0.34,49.93
15,17.93,69.07,0.35,49.79
15,18.03,69.31,0.35,49.99
15,18.13,69.55,0.35,49.97
15,18.23,69.8,0.35,50.06
15,18.33,70.04,0.36,50.05
15,18.43,70.28,0.36,50.11
15,18.53,70.51,0.36,50.11
15,18.63,70.75,0.37,50.32
15,18.73,70.99,0.37,50.05
15,18.83,71.22,0.37,49.91
15,18.93,71.46,0.37,50.08
15,19.03,71.69,0.38,50.16
15,19.13,71.93,0.38,50.05
15,19.23,72.16,0.38,49.79
15,19.33,72.39,0.39,50.06
15,19.43,72.62,0.39,49.94
15,19.53,72.85,0.39,49.87
15,19.63,73.08,0.4,50.02
15,19.73,73.31,0.4,49.85
15,19.83,73.54,0.4,50.1
15,19.93,73.76,0.4,50.07
15,20.03,73.99,0.41,49.99
15,20.13,74.22,0.41,49.94
15,20.23,74.44,0.41,49.98
15,20.33,74.67,0.42,49.9
15,20.43,74.89,0.42,49.99
15,20.53,75.11,0.42,49.72
15,20.63,75.33,0.43,50.01
15,20.73,75.55,0.43,50.01
15,20.83,75.77,0.43,50.08
15,20.93,75.99,0.44,50.03
15,21.04,76.21,0.44,50.1
15,21.14,76.43,0.44,50.05
15,21.24,76.65,0.44,50.1
15,21.34,76.86,0.45,50.26
15,21.44,77.08,0.45,50.04
15,21.54,77.3,0.45,50.02
15,21.64,77.51,0.46,50.12
15,21.74,77.72,0.46,49.95
15,21.84,77.94,0.46,49.99
15,21.94,78.15,0.47,50.04
15,22.04,78.36,0.47,50.01
15,22.14,78.57,0.47,50.01
15,22.24,78.78,0.48,50.09
15,22.34,78.99,0.48,49.83
15,22.44,79.2,0.48,50.2
15,22.54,79.41,0.49,50.05
15,22.64,79.62,0.49,49.96
15,22.74,79.82,0.49,50.16
15,22.84,80.03,0.5,50.01
15,22.94,80.24,0.5,50.01
15,23.04,80.44,0.5,49.98
15,23.14,80.65,0.5,50.15
15,23.24,80.85,0.51,50.0
15,23.34,81.05,0.51,49.94
15,23.44,81.26,0.51,50.1
15,23.54,81.46,0.52,50.12
15,23.64,81.66,0.52,50.16
15,23.74,81.86,0.52,50.06
15,23.84,82.06,0.53,50.11
15,23.94,82.26,0.53,49.97
15,24.04,82.46,0.53,50.1
15,24.14,82.66,0.54,50.07
15,24.24,82.85,0.54,50.05
15,24.34,83.05,0.54,49.84
15,24.44,83.25,0.55,49.96
15,24.54,83.44,0.55,50.0
15,24.64,83.64,0.55,50.05
15,24.74,83.83,0.56,50.24
15,24.84,84.03,0.56,50.09
15,24.94,84.22,0.56,49.92
15,25.04,84.41,0.57,49.95
15,25.14,84.61,0.57,50.14
15,25.24,84.8,0.57,49.95
15,25.34,84.99,0.58,50.1
15,25.44,85.18,0.58,50.01
15,25.54,85.37,0.58,49.98
15,25.64,85.56,0.59,49.95
15,25.74,85.75,0.59,49.7
15,25.84,85.94,0.59,50.05
15,25.94,86.13,0.6,49.89
15,26.04,86.31,0.6,49.86
15,26.14,86.5,0.6,50.02
15,26.24,86.69,0.61,50.1
15,26.34,86.87,0.61,49.83
15,26.44,87.06,0.61,50.1
15,26.54,87.24,0.62,49.91
15,26.64,87.43,0.62,50.06
15,26.74,87.61,0.62,50.06
15,26.84,87.79,0.63,49.98
15,26.94,87.98,0.63,50.0
15,27.05,88.16,0.63,49.96
15,27.15,88.34,0.64,50.03
15,27.25,88.52,0.64,50.03
15,27.35,88.7,0.64,49.91
15,27.45,88.88,0.65,49.86
15,27.55,89.06,0.65,50.1
15,27.65,89.24,0.65,50.02
15,27.75,89.42,0.66,50.09
15,27.85,89.6,0.66,49.93
15,27.95,89.77,0.66,49.92
15,28.05,89.95,0.67,49.9
15,28.15,90.13,0.67,49.98
15,28.25,90.3,0.67,50.02
15,28.35,90.48,0.68,49.95
15,28.45,90.65,0.68,50.16
15,28.55,90.83,0.68,49.94
15,28.65,91.0,0.69,50.02
15,28.75,91.18,0.69,49.91
15,28.85,91.35,0.69,49.93
15,28.95,91.52,0.7,49.99
15,29.05,91.7,0.7,49.92
15,29.15,91.87,0.7,50.01
15,29.25,92.04,0.71,50.04
15,29.35,92.21,0.71,50.11
15,29.45,92.38,0.71,49.89
15,29.55,92.55,0.72,50.02
15,29.65,92.72,0.72,49.99
15,29.75,92.89,0.73,49.82
15,29.85,93.06,0.73,49.89
15,29.95,93.23,0.73,50.05
15,30.05,93.39,0.74,49.86
15,30.15,93.56,0.74,49.99
15,30.25,93.73,0.74,49.79
15,30.35,93.89,0.75,49.99
15,30.45,94.06,0.75,49.79
15,30.55,94.23,0.75,49.94
15,30.65,94.39,0.76,49.96
15,30.75,94.56,0.76,50.01
15,30.85,94.72,0.76,49.97
15,30.95,94.88,0.77,49.88
15,31.05,95.05,0.77,49.88
15,31.15,95.21,0.77,49.84
15,31.25,95.37,0.78,50.02
15,31.35,95.54,0.78,50.02
15,31.45,95.7,0.78,50.07
15,31.55,95.86,0.79,49.95
15,31.65,96.02,0.79,49.83
15,31.75,96.18,0.79,49.97
15,31.85,96.34,0.8,50.0
15,31.95,96.5,0.8,49.88
15,32.05,96.66,0.81,49.89
15,32.15,96.82,0.81,50.05
15,32.25,96.98,0.81,50.01
15,32.35,97.13,0.82,50.11
15,32.45,97.29,0.82,50.17
15,32.55,97.45,0.82,49.85
15,32.65,97.61,0.83,49.96
15,32.75,97.76,0.83,50.01
15,32.85,97.92,0.83,50.04
15,32.95,98.08,0.84,50.1
15,33.06,98.23,0.84,50.07
15,33.16,98.39,0.84,50.11
15,33.26,98.54,0.85,50.01
15,33.36,98.69,0.85,49.94
15,33.46,98.85,0.85,50.19
15,33.56,99.0,0.86,50.02
15,33.66,99.16,0.86,49.98
15,33.76,99.31,0.87,49.89
15,33.86,99.46,0.87,50.02
15,33.96,99.61,0.87,50.1
15,34.06,99.76,0.88,49.95
15,34.16,99.92,0.88,49.99
15,34.26,100.07,0.88,50.02
15,34.36,100.22,0.89,50.05
15,34.46,100.37,0.89,49.97
15,34.56,100.52,0.89,49.96
15,34.66,100.67,0.9,49.95
15,34.76,100.82,0.9,49.89
15,34.86,100.96,0.9,49.92
15,34.96,101.11,0.91,49.92
15,35.06,101.26,0.91,49.85
15,35.16,101.41,0.92,50.1
15,35.26,101.56,0.92,50.04
15,35.36,101.7,0.92,50.01
15,35.46,101.85,0.93,50.13
15,35.56,102.0,0.93,50.07
15,35.66,102.14,0.93,49.92
15,35.76,102.29,0.94,50.12
15,35.86,102.43,0.94,50.1
15,35.96,102.58,0.94,49.89
15,36.06,102.72,0.95,50.09
15,36.16,102.87,0.95,49.95
15,36.26,103.01,0.96,50.1
15,36.36,103.15,0.96,49.97
15,36.46,103.3,0.96,49.95
15,36.56,103.44,0.97,49.96
15,36.66,103.58,0.97,49.9
15,36.76,103.73,0.97,49.85
15,36.86,103.87,0.98,49.75
15,36.96,104.01,0.98,49.89
15,37.06,104.15,0.98,50.26
15,37.16,104.29,0.99,50.05
15,37.26,104.43,0.99,50.19
15,37.36,104.57,1.0,49.97
15,37.46,104.71,1.0,49.95
15,37.56,104.85,1.0,50.17
15,37.66,104.99,1.01,50.04
15,37.76,105.13,1.01,49.9
15,37.86,105.27,1.01,50.06
15,37.96,105.41,1.02,50.13
15,38.06,105.55,1.02,49.86
15,38.16,105.68,1.02,50.05
15,38.26,105.82,1.03,49.86
15,38.36,105.96,1.03,50.12
15,38.46,106.1,1.04,50.02
15,38.56,106.23,1.04,50.06
15,38.66,106.37,1.04,49.98
15,38.76,106.51,1.05,49.82
15,38.86,106.64,1.05,49.96
15,38.96,106.78,1.05,50.09
15,39.07,106.91,1.06,50.2
15,39.17,107.05,1.06,50.03
15,39.27,107.18,1.07,49.93
15,39.37,107.32,1.07,50.05
15,39.47,107.45,1.07,50.08
15,39.57,107.58,1.08,50.01
15,39.67,107.72,1.08,50.01
15,39.77,107.85,1.08,50.02
15,39.87,107.98,1.09,50.0
15,39.97,108.11,1.09,50.03
15,40.07,108.25,1.09,50.18
15,40.17,108.38,1.1,49.8
15,40.27,108.51,1.1,49.98
15,40.37,108.64,1.11,49.91
15,40.47,108.77,1.11,50.12
15,40.57,108.9,1.11,49.99
15,40.67,109.03,1.12,50.06
15,40.77,109.16,1.12,50.14
15,40.87,109.29,1.12,49.89
15,40.97,109.42,1.13,49.95
15,41.07,109.55,1.13,50.13
15,41.17,109.68,1.14,49.89
15,41.27,109.81,1.14,49.95
15,41.37,109.94,1.14,49.84
15,41.47,110.07,1.15,50.14
15,41.57,110.2,1.15,49.94
15,41.67,110.32,1.15,50.04
15,41.77,110.45,1.16,50.07
15,41.87,110.58,1.16,49.92
15,41.97,110.71,1.17,49.81
15,42.07,110.83,1.17,49.98
15,42.17,110.96,1.17,49.98
15,42.27,111.08,1.18,49.99
15,42.37,111.21,1.18,49.99
15,42.47,111.34,1.18,49.95
15,42.57,111.46,1.19,49.95
15,42.67,111.59,1.19,50.03
15,42.77,111.71,1.2,49.92
15,42.87,111.84,1.2,49.99
15,42.97,111.96,1.2,49.94
15,43.07,112.08,1.21,50.03
15,43.17,112.21,1.21,50.11
15,43.27,112.33,1.21,50.11
15,43.37,112.46,1.22,50.13
15,43.47,112.58,1.22,49.97
15,43.57,112.7,1.23,49.97
15,43.67,112.82,1.23,49.87
15,43.77,112.95,1.23,49.97
15,43.87,113.07,1.24,49.97
15,43.97,113.19,1.24,49.94
15,44.07,113.31,1.24,49.94
15,44.17,113.43,1.25,49.83
15,44.27,113.55,1.25,49.87
15,44.37,113.68,1.26,50.0
15,44.47,113.8,1.26,50.01
15,44.57,113.92,1.26,50.05
15,44.67,114.04,1.27,49.97
15,44.77,114.16,1.27,50.0
15,44.87,114.28,1.28,50.13
15,44.97,114.4,1.28,49.99
15,45.08,114.51,1.28,49.94
15,45.18,114.63,1.29,49.88
15,45.28,114.75,1.29,50.08
15,45.38,114.87,1.29,49.83
15,45.48,114.99,1.3,49.92
15,45.58,115.11,1.3,50.04
15,45.68,115.22,1.31,49.81
15,45.78,115.34,1.31,49.94
15,45.88,115.46,1.31,50.01
15,45.98,115.58,1.32,49.96
15,46.08,115.69,1.32,49.9
15,46.18,115.81,1.32,49.94
15,46.28,115.93,1.33,50.08
15,46.38,116.04,1.33,50.18
15,46.48,116.16,1.34,50.01
15,46.58,116.27,1.34,49.8
15,46.68,116.39,1.34,50.06
15,46.78,116.5,1.35,49.96
15,46.88,116.62,1.35,49.89
15,46.98,116.73,1.36,49.92
15,47.08,116.85,1.36,49.92
15,47.18,116.96,1.36,49.86
15,47.28,117.08,1.37,49.99
15,47.38,117.19,1.37,50.18
15,47.48,117.31,1.37,49.89
15,47.58,117.42,1.38,50.18
15,47.68,117.53,1.38,50.02
15,47.78,117.65,1.39,49.99
15,47.88,117.76,1.39,49.97
15,47.98,117.87,1.39,49.92
15,48.08,117.98,1.4,50.03
15,48.18,118.1,1.4,50.05
15,48.28,118.21,1.41,49.76
15,48.38,118.32,1.41,50.25
15,48.48,118.43,1.41,49.82
15,48.58,118.54,1.42,49.95
15,48.68,118.65,1.42,49.74
15,48.78,118.76,1.42,49.97
15,48.88,118.87,1.43,49.95
15,48.98,118.99,1.43,49.95
15,49.08,119.1,1.44,50.03
15,49.18,119.21,1.44,49.98
15,49.28,119.32,1.44,50.05
15,49.38,119.43,1.45,49.88
15,49.48,119.53,1.45,50.01
15,49.58,119.64,1.46,49.94
15,49.68,119.75,1.46,49.96
15,49.78,119.86,1.46,50.03
15,49.88,119.97,1.47,49.95
15,49.98,120.08,1.47,49.99
15,50.08,120.19,1.47,49.88
15,50.18,120.3,1.48,50.11
15,50.28,120.4,1.48,50.07
15,50.38,120.51,1.49,50.01
15,50.48,120.62,1.49,49.98
15,50.58,120.73,1.49,49.99
15,50.68,120.83,1.5,50.11
15,50.78,120.94,1.5,50.07
15,50.88,121.05,1.51,50.11
15,50.98,121.15,1.51,49.97
15,51.09,121.26,1.51,50.05
15,51.19,121.37,1.52,50.12
15,51.29,121.47,1.52,49.91
15,51.39,121.58,1.53,49.9
15,51.49,121.68,1.53,50.03
15,51.59,121.79,1.53,49.88
15,51.69,121.89,1.54,49.82
15,51.79,122.0,1.54,50.12
15,51.89,122.1,1.54,50.13
15,51.99,122.21,1.55,49.88
15,52.09,122.31,1.55,49.86
15,52.19,122.42,1.56,49.93
15,52.29,122.52,1.56,50.13
15,52.39,122.62,1.56,49.96
15,52.49,122.73,1.57,50.01
15,52.59,122.83,1.57,50.03
15,52.69,122.93,1.58,50.02
15,52.79,123.04,1.58,50.15
15,52.89,123.14,1.58,49.93
15,52.99,123.24,1.59,49.99
15,53.09,123.34,1.59,50.02
15,53.19,123.45,1.6,50.0
15,53.29,123.55,1.6,49.88
15,53.39,123.65,1.6,49.85
15,53.49,123.75,1.61,49.85
15,53.59,123.85,1.61,50.07
15,53.69,123.96,1.62,49.92
15,53.79,124.06,1.62,50.05
15,53.89,124.16,1.62,50.01
15,53.99,124.26,1.63,49.9
15,54.09,124.36,1.63,49.91
15,54.19,124.46,1.63,50.01
15,54.29,124.56,1.64,50.01
15,54.39,124.66,1.64,50.05
15,54.49,124.76,1.65,49.95
15,54.59,124.86,1.65,49.92
15,54.69,124.96,1.65,50.01
15,54.79,125.06,1.66,50.14
15,54.89,125.16,1.66,49.81
15,54.99,125.26,1.67,49.92
15,55.09,125.36,1.67,50.06
15,55.19,125.46,1.67,50.02
15,55.29,125.56,1.68,50.06
15,55.39,125.65,1.68,49.96
15,55.49,125.75,1.69,49.84
15,55.59,125.85,1.69,50.17
15,55.69,125.95,1.69,50.11
15,55.79,126.05,1.7,50.0
15,55.89,126.14,1.7,49.92
15,55.99,126.24,1.71,49.95
15,56.09,126.34,1.71,50.02
15,56.19,126.44,1.71,49.97
15,56.29,126.53,1.72,50.0
15,56.39,126.63,1.72,50.16
15,56.49,126.73,1.73,50.09
15,56.59,126.82,1.73,49.88
15,56.69,126.92,1.73,50.01
15,56.79,127.02,1.74,49.95
15,56.89,127.11,1.74,50.03
15,56.99,127.21,1.75,49.99
15,57.1,127.3,1.75,50.3
15,57.2,127.4,1.75,50.04
15,57.3,127.49,1.76,49.99
15,57.4,127.59,1.76,50.18
15,57.5,127.68,1.77,50.02
15,57.6,127.78,1.77,49.85
15,57.7,127.87,1.77,49.99
15,57.8,127.97,1.78,50.06
15,57.9,128.06,1.78,50.05
15,58.0,128.16,1.79,50.1
15,58.1,128.25,1.79,50.02
15,58.2,128.35,1.79,50.01
15,58.3,128.44,1.8,49.86
15,58.4,128.53,1.8,50.15
15,58.5,128.63,1.81,49.97
15,58.6,128.72,1.81,49.9
15,58.7,128.81,1.81,50.26
15,58.8,128.91,1.82,50.17
15,58.9,129.0,1.82,49.96
15,59.0,129.09,1.83,49.81
15,59.1,129.18,1.83,49.93
15,59.2,129.28,1.83,50.16
15,59.3,129.37,1.84,50.02
15,59.4,129.46,1.84,49.87
15,59.5,129.55,1.85,50.08
15,59.6,129.64,1.85,49.98
15,59.7,129.74,1.85,49.94
15,59.8,129.83,1.86,49.94
15,59.9,129.92,1.86,50.13
15,60.0,130.01,1.87,50.05
16,0.0,0.0,0.0,0.0
16,0.1,1.06,0.0,49.96
16,0.2,2.12,0.0,49.91
16,0.3,3.16,0.0,49.93
16,0.4,4.21,0.0,50.03
16,0.5,5.24,0.01,49.97
16,0.6,6.27,0.01,50.05
16,0.7,7.29,0.01,49.92
16,0.8,8.31,0.02,50.07
16,0.9,9.32,0.02,50.13
16,1.0,10.32,0.02,50.0
16,1.1,11.32,0.03,50.05
16,1.2,12.32,0.03,50.06
16,1.3,13.3,0.04,49.95
16,1.4,14.29,0.04,50.06
16,1.5,15.26,0.05,49.77
16,1.6,16.23,0.06,49.73
16,1.7,17.2,0.06,49.97
16,1.8,18.16,0.07,50.06
16,1.9,19.11,0.08,49.99
16,2.0,20.06,0.08,50.07
16,2.1,21.01,0.09,49.88
16,2.2,21.95,0.1,50.09
16,2.3,22.88,0.11,50.16
16,2.4,23.81,0.12,49.93
16,2.5,24.73,0.13,50.08
16,2.6,25.65,0.14,50.0
16,2.7,26.57,0.15,50.04
16,2.8,27.48,0.16,50.16
16,2.9,28.39,0.17,50.03
16,3.01,29.29,0.18,50.08
16,3.11,30.19,0.19,49.87
16,3.21,31.08,0.2,50.07
16,3.31,31.97,0.21,50.16
16,3.41,32.85,0.22,49.91
16,3.51,33.73,0.24,49.97
16,3.61,34.61,0.25,50.07
16,3.71,35.48,0.26,50.04
16,3.81,36.35,0.27,49.86
16,3.91,37.21,0.29,50.02
16,4.01,38.07,0.3,49.97
16,4.11,38.93,0.31,49.9
16,4.21,39.78,0.33,50.14
16,4.31,40.63,0.34,50.0
16,4.41,41.47,0.36,50.1
16,4.51,42.31,0.37,49.88
16,4.61,43.15,0.39,50.06
16,4.71,43.99,0.4,50.11
16,4.81,44.82,0.42,49.98
16,4.91,45.64,0.43,49.95
16,5.01,46.47,0.45,49.87
16,5.11,47.29,0.46,49.91
16,5.21,48.1,0.48,49.95
16,5.31,48.91,0.5,49.9
16,5.41,49.72,0.51,49.92
16,5.51,50.53,0.53,50.02
16,5.61,51.33,0.55,50.03
16,5.71,52.13,0.56,50.11
16,5.81,52.93,0.58,49.92
16,5.91,53.72,0.6,50.0
16,6.01,54.51,0.62,49.96
16,6.11,55.3,0.63,49.95
16,6.21,56.08,0.65,49.97
16,6.31,56.86,0.67,49.98
16,6.41,57.64,0.69,50.03
16,6.51,58.42,0.71,49.97
16,6.61,59.19,0.73,50.12
16,6.71,59.96,0.75,49.83
16,6.81,60.73,0.77,50.11
16,6.91,61.49,0.79,49.96
16,7.01,62.25,0.81,49.98
16,7.11,63.01,0.83,50.0
16,7.21,63.76,0.85,50.07
16,7.31,64.51,0.87,49.91
16,7.41,65.26,0.89,49.93
16,7.51,66.01,0.91,50.05
16,7.61,66.76,0.93,49.83
16,7.71,67.5,0.95,50.0
16,7.81,68.24,0.97,49.92
16,7.91,68.97,0.99,49.9
16,8.01,69.71,1.01,49.84
16,8.11,70.44,1.04,50.08
16,8.21,71.17,1.06,50.02
16,8.31,71.9,1.08,49.93
16,8.41,72.62,1.1,49.98
16,8.51,73.34,1.12,49.89
16,8.61,74.06,1.15,49.95
16,8.71,74.78,1.17,49.98
16,8.81,75.49,1.19,50.01
16,8.91,76.21,1.21,50.04
16,9.02,76.92,1.24,49.82
16,9.12,77.62,1.26,50.04
16,9.22,78.33,1.28,49.83
16,9.32,79.03,1.31,50.04
16,9.42,79.73,1.33,49.98
16,9.52,80.43,1.35,50.11
16,9.62,81.13,1.38,49.93
16,9.72,81.82,1.4,50.08
16,9.82,82.52,1.43,49.88
16,9.92,83.21,1.45,50.01
16,10.02,83.9,1.48,49.8
16,10.12,84.58,1.5,50.09
16,10.22,85.27,1.52,50.17
16,10.32,85.95,1.55,49.93
16,10.42,86.63,1.57,50.01
16,10.52,87.31,1.6,50.04
16,10.62,87.98,1.62,49.84
16,10.72,88.66,1.65,49.93
16,10.82,89.33,1.68,49.92
16,10.92,90.0,1.7,50.24
16,11.02,90.67,1.73,50.1
16,11.12,91.33,1.75,49.98
16,11.22,92.0,1.78,50.08
16,11.32,92.66,1.8,50.02
16,11.42,93.32,1.83,50.06
16,11.52,93.98,1.86,49.89
16,11.62,94.64,1.88,50.14
16,11.72,95.29,1.91,49.92
16,11.82,95.95,1.94,49.93
16,11.92,96.6,1.96,50.06
16,12.02,97.25,1.99,50.03
16,12.12,97.9,2.02,50.0
16,12.22,98.54,2.04,50.08
16,12.32,99.19,2.07,49.88
16,12.42,99.83,2.1,50.18
16,12.52,100.47,2.13,49.95
16,12.62,101.11,2.15,49.99
16,12.72,101.75,2.18,50.19
16,12.82,102.39,2.21,49.93
16,12.92,103.02,2.24,50.1
16,13.02,103.65,2.27,49.98
16,13.12,104.29,2.29,49.92
16,13.22,104.92,2.32,49.96
16,13.32,105.54,2.35,50.06
16,13.42,106.17,2.38,50.1
16,13.52,106.8,2.41,50.02
16,13.62,107.42,2.44,49.84
16,13.72,108.04,2.46,50.06
16,13.82,108.66,2.49,49.99
16,13.92,109.28,2.52,49.89
16,14.02,109.9,2.55,50.03
16,14.12,110.51,2.58,50.11
16,14.22,111.13,2.61,50.0
16,14.32,111.74,2.64,50.09
16,14.42,112.35,2.67,50.05
16,14.52,112.96,2.7,50.05
16,14.62,113.57,2.73,49.97
16,14.72,114.18,2.76,50.08
16,14.82,114.79,2.79,50.09
16,14.92,115.39,2.82,50.08
16,15.03,115.99,2.85,49.97
16,15.13,116.6,2.88,50.1
16,15.23,117.2,2.91,50.04
16,15.33,117.79,2.94,49.9
16,15.43,118.39,2.97,49.96
16,15.53,118.99,3.0,49.95
16,15.63,119.58,3.03,49.8
16,15.73,120.18,3.06,50.1
16,15.83,120.77,3.09,50.31
16,15.93,121.36,3.12,50.12
16,16.03,121.95,3.15,50.02
16,16.13,122.54,3.18,49.95
16,16.23,123.13,3.21,49.91
16,16.33,123.71,3.24,50.02
16,16.43,124.3,3.27,50.1
16,16.53,124.88,3.3,49.93
16,16.63,125.46,3.34,50.26
16,16.73,126.04,3.37,49.86
16,16.83,126.62,3.4,50.02
16,16.93,127.2,3.43,50.01
16,17.03,127.78,3.46,50.0
16,17.13,128.35,3.49,49.94
16,17.23,128.93,3.53,50.01
16,17.33,129.5,3.56,49.96
16,17.43,130.07,3.59,50.13
16,17.53,130.64,3.62,50.16
16,17.63,131.21,3.65,49.96
16,17.73,131.78,3.69,49.84
16,17.83,132.35,3.72,50.03
16,17.93,132.92,3.75,50.03
16,18.03,133.48,3.78,50.01
16,18.13,134.05,3.81,50.05
16,18.23,134.61,3.85,50.14
16,18.33,135.17,3.88,50.08
16,18.43,135.73,3.91,50.05
16,18.53,136.29,3.94,50.08
16,18.63,136.85,3.98,50.03
16,18.73,137.41,4.01,49.91
16,18.83,137.97,4.04,50.15
16,18.93,138.52,4.08,50.01
16,19.03,139.08,4.11,49.91
16,19.13,139.63,4.14,49.89
16,19.23,140.18,4.18,49.91
16,19.33,140.74,4.21,49.88
16,19.43,141.29,4.24,50.07
16,19.53,141.83,4.28,49.98
16,19.63,142.38,4.31,50.08
16,19.73,142.93,4.34,50.12
16,19.83,143.48,4.38,50.09
16,19.93,144.02,4.41,50.06
16,20.03,144.57,4.44,50.03
16,20.13,145.11,4.48,49.98
16,20.23,145.65,4.51,49.99
16,20.33,146.19,4.54,50.06
16,20.43,146.73,4.58,49.9
16,20.53,147.27,4.61,49.99
16,20.63,147.81,4.65,49.93
16,20.73,148.35,4.68,50.12
16,20.83,148.89,4.71,50.07
16,20.93,149.42,4.75,50.21
16,21.04,149.96,4.78,49.92
16,21.14,150.49,4.82,49.93
16,21.24,151.02,4.85,50.01
16,21.34,151.55,4.89,49.93
16,21.44,152.09,4.92,50.05
16,21.54,152.62,4.96,49.99
16,21.64,153.14,4.99,49.95
16,21.74,153.67,5.03,50.11
16,21.84,154.2,5.06,49.82
16,21.94,154.73,5.09,50.05
16,22.04,155.25,5.13,49.94
16,22.14,155.78,5.16,50.08
16,22.24,156.3,5.2,50.11
16,22.34,156.82,5.23,49.77
16,22.44,157.35,5.27,49.98
16,22.54,157.87,5.3,50.01
16,22.64,158.39,5.34,49.76
16,22.74,158.91,5.38,50.02
16,22.84,159.43,5.41,49.95
16,22.94,159.94,5.45,49.88
16,23.04,160.46,5.48,49.93
16,23.14,160.98,5.52,49.92
16,23.24,161.49,5.55,49.94
16,23.34,162.01,5.59,50.02
16,23.44,162.52,5.62,50.1
16,23.54,163.03,5.66,49.99
16,23.64,163.55,5.7,50.11
16,23.74,164.06,5.73,49.9
16,23.84,164.57,5.77,50.02
16,23.94,165.08,5.8,50.21
16,24.04,165.59,5.84,49.84
16,24.14,166.1,5.87,49.84
16,24.24,166.6,5.91,50.13
16,24.34,167.11,5.95,50.02
16,24.44,167.62,5.98,49.94
16,24.54,168.12,6.02,49.89
16,24.64,168.62,6.06,50.0
16,24.74,169.13,6.09,50.01
16,24.84,169.63,6.13,50.01
16,24.94,170.13,6.16,49.89
16,25.04,170.63,6.2,49.97
16,25.14,171.13,6.24,49.94
16,25.24,171.63,6.27,50.06
16,25.34,172.13,6.31,49.89
16,25.44,172.63,6.35,50.01
16,25.54,173.13,6.38,50.26
16,25.64,173.63,6.42,49.89
16,25.74,174.12,6.46,49.93
16,25.84,174.62,6.49,49.99
16,25.94,175.11,6.53,49.71
16,26.04,175.61,6.57,49.86
16,26.14,176.1,6.61,50.03
16,26.24,176.59,6.64,49.98
16,26.34,177.09,6.68,50.11
16,26.44,177.58,6.72,49.98
16,26.54,178.07,6.75,49.97
16,26.64,178.56,6.79,49.93
16,26.74,179.05,6.83,49.97
16,26.84,179.54,6.86,49.88
16,26.94,180.02,6.9,49.99
16,27.05,180.51,6.94,49.9
16,27.15,181.0,6.98,49.88
16,27.25,181.48,7.01,49.94
16,27.35,181.97,7.05,50.05
16,27.45,182.45,7.09,50.01
16,27.55,182.94,7.13,50.07
16,27.65,183.42,7.16,49.91
16,27.75,183.9,7.2,50.0
16,27.85,184.38,7.24,50.17
16,27.95,184.87,7.28,50.14
16,28.05,185.35,7.32,49.87
16,28.15,185.83,7.35,49.9
16,28.25,186.31,7.39,50.17
16,28.35,186.78,7.43,50.05
16,28.45,187.26,7.47,49.98
16,28.55,187.74,7.51,49.97
16,28.65,188.22,7.54,50.02
16,28.75,188.69,7.58,50.02
16,28.85,189.17,7.62,49.95
16,28.95,189.64,7.66,49.98
16,29.05,190.12,7.7,49.94
16,29.15,190.59,7.73,50.02
16,29.25,191.07,7.77,49.93
16,29.35,191.54,7.81,49.87
16,29.45,192.01,7.85,50.15
16,29.55,192.48,7.89,49.99
16,29.65,192.95,7.93,50.17
16,29.75,193.42,7.96,49.81
16,29.85,193.89,8.0,49.86
16,29.95,194.36,8.04,50.05
16,30.05,194.83,8.08,49.99
16,30.15,195.3,8.12,49.88
16,30.25,195.76,8.16,50.11
16,30.35,196.23,8.2,49.91
16,30.45,196.7,8.23,50.12
16,30.55,197.16,8.27,49.99
16,30.65,197.63,8.31,49.89
16,30.75,198.09,8.35,49.93
16,30.85,198.56,8.39,50.14
16,30.95,199.02,8.43,49.97
16,31.05,199.48,8.47,50.1
16,31.15,199.95,8.51,50.14
16,31.25,200.41,8.54,49.99
16,31.35,200.87,8.58,49.98
16,31.45,201.33,8.62,49.96
16,31.55,201.79,8.66,50.04
16,31.65,202.25,8.7,50.15
16,31.75,202.71,8.74,49.88
16,31.85,203.17,8.78,50.02
16,31.95,203.62,8.82,50.02
16,32.05,204.08,8.86,49.82
16,32.15,204.54,8.9,49.91
16,32.25,205.0,8.94,49.93
16,32.35,205.45,8.98,50.08
16,32.45,205.91,9.02,50.09
16,32.55,206.36,9.05,49.81
16,32.65,206.82,9.09,50.06
16,32.75,207.27,9.13,50.05
16,32.85,207.72,9.17,50.06
16,32.95,208.18,9.21,50.02
16,33.06,208.63,9.25,50.1
16,33.16,209.08,9.29,50.12
16,33.26,209.53,9.33,49.84
16,33.36,209.98,9.37,50.0
16,33.46,210.43,9.41,49.97
16,33.56,210.88,9.45,49.94
16,33.66,211.33,9.49,49.95
16,33.76,211.78,9.53,50.02
16,33.86,212.23,9.57,49.87
16,33.96,212.68,9.61,50.07
16,34.06,213.12,9.65,49.96
16,34.16,213.57,9.69,50.09
16,34.26,214.02,9.73,49.94
16,34.36,214.46,9.77,49.93
16,34.46,214.91,9.81,49.91
16,34.56,215.35,9.85,49.94
16,34.66,215.8,9.89,49.92
16,34.76,216.24,9.93,50.04
16,34.86,216.69,9.97,50.1
16,34.96,217.13,10.01,50.04
16,35.06,217.57,10.05,49.99
16,35.16,218.01,10.09,50.05
16,35.26,218.46,10.13,50.0
16,35.36,218.9,10.17,50.0
16,35.46,219.34,10.21,49.97
16,35.56,219.78,10.25,50.08
16,35.66,220.22,10.29,49.74
16,35.76,220.66,10.33,49.79
16,35.86,221.1,10.37,50.1
16,35.96,221.54,10.41,49.98
16,36.06,221.97,10.45,50.09
16,36.16,222.41,10.5,49.94
16,36.26,222.85,10.54,50.17
16,36.36,223.28,10.58,49.99
16,36.46,223.72,10.62,50.04
16,36.56,224.16,10.66,49.96
16,36.66,224.59,10.7,49.91
16,36.76,225.03,10.74,49.83
16,36.86,225.46,10.78,50.08
16,36.96,225.9,10.82,50.04
16,37.06,226.33,10.86,50.01
16,37.16,226.76,10.9,49.89
16,37.26,227.2,10.94,50.14
16,37.36,227.63,10.98,50.01
16,37.46,228.06,11.03,50.07
16,37.56,228.49,11.07,50.0
16,37.66,228.92,11.11,49.89
16,37.76,229.35,11.15,50.1
16,37.86,229.79,11.19,50.05
16,37.96,230.22,11.23,49.98
16,38.06,230.64,11.27,50.04
16,38.16,231.07,11.31,50.08
16,38.26,231.5,11.35,50.07
16,38.36,231.93,11.39,49.83
16,38.46,232.36,11.44,49.85
16,38.56,232.79,11.48,50.07
16,38.66,233.21,11.52,49.93
16,38.76,233.64,11.56,49.9
16,38.86,234.07,11.6,50.04
16,38.96,234.49,11.64,49.89
16,39.07,234.92,11.68,49.95
16,39.17,235.34,11.72,50.09
16,39.27,235.77,11.77,49.85
16,39.37,236.19,11.81,49.86
16,39.47,236.62,11.85,49.84
16,39.57,237.04,11.89,49.91
16,39.67,237.46,11.93,50.01
16,39.77,237.89,11.97,49.94
16,39.87,238.31,12.01,50.15
16,39.97,238.73,12.06,50.05
16,40.07,239.15,12.1,50.0
16,40.17,239.57,12.14,50.13
16,40.27,240.0,12.18,49.87
16,40.37,240.42,12.22,50.09
16,40.47,240.84,12.26,49.98
16,40.57,241.26,12.31,49.95
16,40.67,241.68,12.35,50.06
16,40.77,242.09,12.39,49.96
16,40.87,242.51,12.43,50.02
16,40.97,242.93,12.47,49.99
16,41.07,243.35,12.51,50.03
16,41.17,243.77,12.56,49.95
16,41.27,244.18,12.6,50.09
16,41.37,244.6,12.64,49.8
16,41.47,245.02,12.68,50.06
16,41.57,245.43,12.72,49.81
16,41.67,245.85,12.77,49.92
16,41.77,246.27,12.81,50.05
16,41.87,246.68,12.85,49.8
16,41.97,247.1,12.89,50.02
16,42.07,247.51,12.93,49.86
16,42.17,247.92,12.98,49.9
16,42.27,248.34,13.02,49.9
16,42.37,248.75,13.06,49.87
16,42.47,249.16,13.1,49.83
16,42.57,249.58,13.14,50.21
16,42.67,249.99,13.19,49.98
16,42.77,250.4,13.23,49.88
16,42.87,250.81,13.27,49.94
16,42.97,251.22,13.31,50.0
16,43.07,251.64,13.36,49.96
16,43.17,252.05,13.4,49.87
16,43.27,252.46,13.44,49.91
16,43.37,252.87,13.48,50.12
16,43.47,253.28,13.52,49.86
16,43.57,253.69,13.57,49.8
16,43.67,254.09,13.61,49.96
16,43.77,254.5,13.65,49.81
16,43.87,254.91,13.69,49.91
16,43.97,255.32,13.74,49.87
16,44.07,255.73,13.78,49.88
16,44.17,256.13,13.82,50.01
16,44.27,256.54,13.86,50.03
16,44.37,256.95,13.91,49.92
16,44.47,257.35,13.95,49.99
16,44.57,257.76,13.99,49.91
16,44.67,258.17,14.03,50.04
16,44.77,258.57,14.08,49.85
16,44.87,258.98,14.12,50.02
16,44.97,259.38,14.16,50.02
16,45.08,259.79,14.2,50.23
16,45.18,260.19,14.25,49.82
16,45.28,260.59,14.29,50.27
16,45.38,261.0,14.33,50.08
16,45.48,261.4,14.38,50.18
16,45.58,261.8,14.42,50.09
16,45.68,262.21,14.46,49.91
16,45.78,262.61,14.5,50.07
16,45.88,263.01,14.55,49.93
16,45.98,263.41,14.59,49.99
16,46.08,263.81,14.63,49.88
16,46.18,264.21,14.68,49.93
16,46.28,264.62,14.72,50.09
16,46.38,265.02,14.76,50.04
16,46.48,265.42,14.8,50.1
16,46.58,265.82,14.85,49.86
16,46.68,266.22,14.89,49.81
16,46.78,266.61,14.93,50.11
16,46.88,267.01,14.98,50.1
16,46.98,267.41,15.02,50.02
16,47.08,267.81,15.06,50.04
16,47.18,268.21,15.11,50.09
16,47.28,268.61,15.15,50.02
16,47.38,269.0,15.19,50.05
16,47.48,269.4,15.23,50.08
16,47.58,269.8,15.28,49.99
16,47.68,270.19,15.32,49.97
16,47.78,270.59,15.36,50.04
16,47.88,270.99,15.41,50.23
16,47.98,271.38,15.45,49.92
16,48.08,271.78,15.49,49.96
16,48.18,272.17,15.54,49.82
16,48.28,272.57,15.58,50.04
16,48.38,272.96,15.62,49.95
16,48.48,273.36,15.67,49.86
16,48.58,273.75,15.71,49.99
16,48.68,274.15,15.75,50.15
16,48.78,274.54,15.8,49.96
16,48.88,274.93,15.84,49.97
16,48.98,275.32,15.88,50.15
16,49.08,275.72,15.93,50.0
16,49.18,276.11,15.97,49.88
16,49.28,276.5,16.01,50.07
16,49.38,276.89,16.06,50.11
16,49.48,277.29,16.1,49.98
16,49.58,277.68,16.14,50.01
16,49.68,278.07,16.19,49.87
16,49.78,278.46,16.23,49.91
16,49.88,278.85,16.28,49.97
16,49.98,279.24,16.32,50.01
16,50.08,279.63,16.36,49.94
16,50.18,280.02,16.41,49.96
16,50.28,280.41,16.45,49.99
16,50.38,280.8,16.49,49.9
16,50.48,281.19,16.54,49.97
16,50.58,281.58,16.58,50.12
16,50.68,281.96,16.62,49.94
16,50.78,282.35,16.67,49.91
16,50.88,282.74,16.71,50.21
16,50.98,283.13,16.76,50.02
16,51.09,283.51,16.8,49.92
16,51.19,283.9,16.84,50.06
16,51.29,284.29,16.89,50.03
16,51.39,284.67,16.93,49.94
16,51.49,285.06,16.98,50.0
16,51.59,285.45,17.02,49.97
16,51.69,285.83,17.06,50.1
16,51.79,286.22,17.11,50.07
16,51.89,286.6,17.15,49.79
16,51.99,286.99,17.19,50.19
16,52.09,287.37,17.24,49.97
16,52.19,287.76,17.28,50.17
16,52.29,288.14,17.33,50.07
16,52.39,288.53,17.37,50.02
16,52.49,288.91,17.41,49.99
16,52.59,289.29,17.46,50.28
16,52.69,289.68,17.5,49.97
16,52.79,290.06,17.55,49.93
16,52.89,290.44,17.59,49.94
16,52.99,290.83,17.63,50.0
16,53.09,291.21,17.68,50.0
16,53.19,291.59,17.72,50.1
16,53.29,291.97,17.77,50.08
16,53.39,292.35,17.81,50.08
16,53.49,292.73,17.86,49.98
16,53.59,293.12,17.9,50.07
16,53.69,293.5,17.94,50.08
16,53.79,293.88,17.99,49.99
16,53.89,294.26,18.03,50.03
16,53.99,294.64,18.08,50.08
16,54.09,295.02,18.12,50.02
16,54.19,295.4,18.16,50.03
16,54.29,295.78,18.21,50.14
16,54.39,296.16,18.25,50.02
16,54.49,296.54,18.3,49.94
16,54.59,296.91,18.34,49.87
16,54.69,297.29,18.39,50.01
16,54.79,297.67,18.43,49.97
16,54.89,298.05,18.47,50.08
16,54.99,298.43,18.52,50.16
16,55.09,298.8,18.56,49.9
16,55.19,299.18,18.61,49.91
16,55.29,299.56,18.65,50.0
16,55.39,299.94,18.7,49.92
16,55.49,300.31,18.74,49.98
16,55.59,300.69,18.79,49.95
16,55.69,301.07,18.83,49.9
16,55.79,301.44,18.87,50.08
16,55.89,301.82,18.92,50.01
16,55.99,302.19,18.96,50.18
16,56.09,302.57,19.01,50.04
16,56.19,302.94,19.05,50.13
16,56.29,303.32,19.1,49.93
16,56.39,303.69,19.14,49.93
16,56.49,304.07,19.19,50.22
16,56.59,304.44,19.23,49.94
16,56.69,304.82,19.28,49.91
16,56.79,305.19,19.32,49.88
16,56.89,305.56,19.37,50.19
16,56.99,305.94,19.41,49.97
16,57.1,306.31,19.45,50.04
16,57.2,306.68,19.5,50.02
16,57.3,307.06,19.54,49.93
16,57.4,307.43,19.59,49.97
16,57.5,307.8,19.63,50.08
16,57.6,308.17,19.68,49.88
16,57.7,308.54,19.72,50.07
16,57.8,308.92,19.77,50.14
16,57.9,309.29,19.81,50.03
16,58.0,309.66,19.86,50.13
16,58.1,310.03,19.9,49.86
16,58.2,310.4,19.95,49.82
16,58.3,310.77,19.99,50.02
16,58.4,311.14,20.04,49.94
16,58.5,311.51,20.08,50.09
16,58.6,311.88,20.13,49.97
16,58.7,312.25,20.17,50.01
16,58.8,312.62,20.22,50.01
16,58.9,312.99,20.26,50.01
16,59.0,313.36,20.31,49.95
16,59.1,313.73,20.35,49.86
16,59.2,314.1,20.4,49.98
16,59.3,314.47,20.44,50.15
16,59.4,314.83,20.49,49.94
16,59.5,315.2,20.53,49.94
16,59.6,315.57,20.58,50.02
16,59.7,315.94,20.62,49.88
16,59.8,316.31,20.67,50.1
16,59.9,316.67,20.71,49.89
16,60.0,317.04,20.76,49.97
17,0.0,0.0,0.0,0.0
17,0.1,1.16,-0.0,50.25
17,0.2,2.32,-0.0,49.92
17,0.3,3.47,-0.01,50.08
17,0.4,4.61,-0.01,49.96
17,0.5,5.75,-0.01,49.89
17,0.6,6.89,-0.02,50.15
17,0.7,8.02,-0.02,49.96
17,0.8,9.14,-0.03,49.81
17,0.9,10.26,-0.04,49.97
17,1.0,11.37,-0.05,50.08
17,1.1,12.48,-0.06,50.06
17,1.2,13.59,-0.07,49.94
17,1.3,14.68,-0.08,49.9
17,1.4,15.78,-0.09,49.86
17,1.5,16.87,-0.1,50.0
17,1.6,17.95,-0.11,50.02
17,1.7,19.03,-0.13,50.07
17,1.8,20.11,-0.14,49.99
17,1.9,21.18,-0.16,49.98
17,2.0,22.24,-0.17,49.97
17,2.1,23.3,-0.19,50.02
17,2.2,24.36,-0.21,49.99
17,2.3,25.41,-0.22,50.09
17,2.4,26.46,-0.24,50.03
17,2.5,27.51,-0.26,50.01
17,2.6,28.55,-0.28,50.0
17,2.7,29.58,-0.3,49.91
17,2.8,30.62,-0.32,50.0
17,2.9,31.65,-0.34,49.94
17,3.01,32.67,-0.37,50.03
17,3.11,33.69,-0.39,49.98
17,3.21,34.71,-0.41,50.17
17,3.31,35.72,-0.44,49.87
17,3.41,36.73,-0.46,49.69
17,3.51,37.73,-0.49,50.03
17,3.61,38.73,-0.51,49.94
17,3.71,39.73,-0.54,50.02
17,3.81,40.73,-0.57,49.88
17,3.91,41.72,-0.59,50.19
17,4.01,42.7,-0.62,49.96
17,4.11,43.69,-0.65,49.93
17,4.21,44.67,-0.68,50.19
17,4.31,45.64,-0.71,50.08
17,4.41,46.62,-0.74,50.14
17,4.51,47.59,-0.77,49.98
17,4.61,48.55,-0.8,50.0
17,4.71,49.52,-0.83,49.94
17,4.81,50.48,-0.87,49.93
17,4.91,51.43,-0.9,50.04
17,5.01,52.39,-0.93,49.96
17,5.11,53.34,-0.97,50.22
17,5.21,54.29,-1.0,50.08
17,5.31,55.23,-1.03,50.19
17,5.41,56.17,-1.07,49.78
17,5.51,57.11,-1.11,50.19
17,5.61,58.05,-1.14,49.76
17,5.71,58.98,-1.18,49.87
17,5.81,59.91,-1.22,49.82
17,5.91,60.83,-1.25,50.02
17,6.01,61.76,-1.29,50.0
17,6.11,62.68,-1.33,50.08
17,6.21,63.6,-1.37,49.99
17,6.31,64.51,-1.41,50.12
17,6.41,65.42,-1.45,49.91
17,6.51,66.33,-1.49,50.12
17,6.61,67.24,-1.53,50.0
17,6.71,68.15,-1.57,50.24
17,6.81,69.05,-1.61,50.09
17,6.91,69.95,-1.65,49.97
17,7.01,70.84,-1.69,50.0
17,7.11,71.74,-1.74,49.9
17,7.21,72.63,-1.78,50.04
17,7.31,73.52,-1.82,49.97
17,7.41,74.4,-1.87,50.07
17,7.51,75.29,-1.91,49.87
17,7.61,76.17,-1.95,49.97
17,7.71,77.05,-2.0,49.88
17,7.81,77.93,-2.04,49.89
17,7.91,78.8,-2.09,50.06
17,8.01,79.67,-2.14,50.11
17,8.11,80.54,-2.18,49.77
17,8.21,81.41,-2.23,50.19
17,8.31,82.27,-2.28,50.14
17,8.41,83.14,-2.32,49.87
17,8.51,84.0,-2.37,50.08
17,8.61,84.85,-2.42,49.95
17,8.71,85.71,-2.47,49.99
17,8.81,86.56,-2.52,50.06
17,8.91,87.41,-2.57,50.05
17,9.02,88.26,-2.62,49.94
17,9.12,89.11,-2.67,49.94
17,9.22,89.96,-2.72,49.95
17,9.32,90.8,-2.77,50.11
17,9.42,91.64,-2.82,49.81
17,9.52,92.48,-2.87,49.98
17,9.62,93.32,-2.92,50.16
17,9.72,94.15,-2.97,50.07
17,9.82,94.98,-3.02,50.11
17,9.92,95.81,-3.08,49.99
17,10.02,96.64,-3.13,49.88
17,10.12,97.47,-3.18,50.01
17,10.22,98.29,-3.23,49.93
17,10.32,99.12,-3.29,50.22
17,10.42,99.94,-3.34,49.98
17,10.52,100.76,-3.4,50.06
17,10.62,101.57,-3.45,50.17
17,10.72,102.39,-3.51,49.89
17,10.82,103.2,-3.56,49.77
17,10.92,104.01,-3.62,50.05
17,11.02,104.82,-3.67,50.07
17,11.12,105.63,-3.73,49.96
17,11.22,106.44,-3.78,49.88
17,11.32,107.24,-3.84,50.03
17,11.42,108.04,-3.9,50.0
17,11.52,108.84,-3.95,50.03
17,11.62,109.64,-4.01,49.89
17,11.72,110.44,-4.07,50.03
17,11.82,111.23,-4.13,50.08
17,11.92,112.03,-4.19,49.85
17,12.02,112.82,-4.24,50.15
17,12.12,113.61,-4.3,50.03
17,12.22,114.4,-4.36,50.09
17,12.32,115.19,-4.42,49.87
17,12.42,115.97,-4.48,50.07
17,12.52,116.75,-4.54,49.84
17,12.62,117.54,-4.6,49.91
17,12.72,118.32,-4.66,50.03
17,12.82,119.1,-4.72,49.97
17,12.92,119.87,-4.78,50.0
17,13.02,120.65,-4.84,50.19
17,13.12,121.42,-4.9,50.0
17,13.22,122.2,-4.96,50.07
17,13.32,122.97,-5.03,49.99
17,13.42,123.74,-5.09,49.99
17,13.52,124.5,-5.15,49.9
17,13.62,125.27,-5.21,50.04
17,13.72,126.04,-5.27,50.25
17,13.82,126.8,-5.34,50.01
17,13.92,127.56,-5.4,49.97
17,14.02,128.32,-5.46,50.11
17,14.12,129.08,-5.53,50.1
17,14.22,129.84,-5.59,50.04
17,14.32,130.59,-5.65,49.97
17,14.42,131.35,-5.72,50.11
17,14.52,132.1,-5.78,50.01
17,14.62,132.85,-5.85,50.09
17,14.72,133.61,-5.91,49.92
17,14.82,134.35,-5.98,49.94
17,14.92,135.1,-6.04,50.01
17,15.03,135.85,-6.11,49.88
17,15.13,136.59,-6.17,49.96
17,15.23,137.34,-6.24,49.87
17,15.33,138.08,-6.31,49.85
17,15.43,138.82,-6.37,50.24
17,15.53,139.56,-6.44,49.94
17,15.63,140.3,-6.51,49.95
17,15.73,141.04,-6.57,50.01
17,15.83,141.77,-6.64,49.89
17,15.93,142.51,-6.71,49.95
17,16.03,143.24,-6.77,50.18
17,16.13,143.97,-6.84,50.04
17,16.23,144.7,-6.91,50.1
17,16.33,145.43,-6.98,50.16
17,16.43,146.16,-7.05,50.02
17,16.53,146.89,-7.11,49.98
17,16.63,147.61,-7.18,49.86
17,16.73,148.34,-7.25,49.96
17,16.83,149.06,-7.32,49.98
17,16.93,149.78,-7.39,49.92
17,17.03,150.51,-7.46,50.15
17,17.13,151.22,-7.53,50.11
17,17.23,151.94,-7.6,50.1
17,17.33,152.66,-7.67,49.99
17,17.43,153.38,-7.74,49.9
17,17.53,154.09,-7.81,50.13
17,17.63,154.81,-7.88,50.03
17,17.73,155.52,-7.95,50.08
17,17.83,156.23,-8.02,50.06
17,17.93,156.94,-8.09,50.03
17,18.03,157.65,-8.16,50.2
17,18.13,158.36,-8.24,49.93
17,18.23,159.07,-8.31,49.97
17,18.33,159.77,-8.38,50.16
17,18.43,160.48,-8.45,50.01
17,18.53,161.18,-8.52,49.99
17,18.63,161.88,-8.6,49.97
17,18.73,162.59,-8.67,50.07
17,18.83,163.29,-8.74,49.98
17,18.93,163.99,-8.81,49.97
17,19.03,164.69,-8.89,50.07
17,19.13,165.38,-8.96,50.01
17,19.23,166.08,-9.03,49.9
17,19.33,166.78,-9.11,50.0
17,19.43,167.47,-9.18,50.14
17,19.53,168.16,-9.25,50.08
17,19.63,168.86,-9.33,50.15
17,19.73,169.55,-9.4,49.93
17,19.83,170.24,-9.47,50.11
17,19.93,170.93,-9.55,49.94
17,20.03,171.62,-9.62,49.88
17,20.13,172.3,-9.7,49.92
17,20.23,172.99,-9.77,50.01
17,20.33,173.67,-9.85,50.1
17,20.43,174.36,-9.92,50.03
17,20.53,175.04,-10.0,49.98
17,20.63,175.73,-10.07,49.9
17,20.73,176.41,-10.15,50.07
17,20.83,177.09,-10.22,50.1
17,20.93,177.77,-10.3,50.03
17,21.04,178.45,-10.38,49.89
17,21.14,179.12,-10.45,50.08
17,21.24,179.8,-10.53,50.12
17,21.34,180.48,-10.61,50.15
17,21.44,181.15,-10.68,49.96
17,21.54,181.83,-10.76,50.04
17,21.64,182.5,-10.84,49.95
17,21.74,183.17,-10.91,49.91
17,21.84,183.84,-10.99,50.16
17,21.94,184.51,-11.07,50.06
17,22.04,185.18,-11.14,50.13
17,22.14,185.85,-11.22,49.88
17,22.24,186.52,-11.3,50.03
17,22.34,187.19,-11.38,50.05
17,22.44,187.85,-11.46,49.92
17,22.54,188.52,-11.53,50.15
17,22.64,189.18,-11.61,49.98
17,22.74,189.85,-11.69,50.05
17,22.84,190.51,-11.77,49.94
17,22.94,191.17,-11.85,49.88
17,23.04,191.83,-11.93,50.09
17,23.14,192.49,-12.0,50.04
17,23.24,193.15,-12.08,50.02
17,23.34,193.81,-12.16,49.97
17,23.44,194.47,-12.24,50.04
17,23.54,195.13,-12.32,50.13
17,23.64,195.78,-12.4,49.93
17,23.74,196.44,-12.48,50.06
17,23.84,197.09,-12.56,50.02
17,23.94,197.75,-12.64,49.98
17,24.04,198.4,-12.72,49.84
17,24.14,199.05,-12.8,50.0
17,24.24,199.7,-12.88,50.07
17,24.34,200.35,-12.96,50.03
17,24.44,201.0,-13.04,49.86
17,24.54,201.65,-13.12,50.12
17,24.64,202.3,-13.2,50.16
17,24.74,202.95,-13.28,49.99
17,24.84,203.59,-13.36,50.23
17,24.94,204.24,-13.45,49.92
17,25.04,204.88,-13.53,49.87
17,25.14,205.53,-13.61,49.9
17,25.24,206.17,-13.69,50.02
17,25.34,206.82,-13.77,49.82
17,25.44,207.46,-13.85,49.97
17,25.54,208.1,-13.93,50.29
17,25.64,208.74,-14.02,49.85
17,25.74,209.38,-14.1,49.95
17,25.84,210.02,-14.18,49.9
17,25.94,210.66,-14.26,49.97
17,26.04,211.3,-14.34,49.97
17,26.14,211.93,-14.43,49.93
17,26.24,212.57,-14.51,49.98
17,26.34,213.21,-14.59,50.06
17,26.44,213.84,-14.68,50.14
17,26.54,214.47,-14.76,49.97
17,26.64,215.11,-14.84,50.0
17,26.74,215.74,-14.92,50.05
17,26.84,216.37,-15.01,49.88
17,26.94,217.0,-15.09,49.98
17,27.05,217.64,-15.17,49.95
17,27.15,218.27,-15.26,50.1
17,27.25,218.9,-15.34,50.18
17,27.35,219.52,-15.43,49.92
17,27.45,220.15,-15.51,50.13
17,27.55,220.78,-15.59,49.85
17,27.65,221.41,-15.68,50.02
17,27.75,222.03,-15.76,50.03
17,27.85,222.66,-15.85,49.85
17,27.95,223.28,-15.93,49.92
17,28.05,223.91,-16.01,49.91
17,28.15,224.53,-16.1,49.87
17,28.25,225.15,-16.18,49.73
17,28.35,225.78,-16.27,49.98
17,28.45,226.4,-16.35,49.99
17,28.55,227.02,-16.44,49.99
17,28.65,227.64,-16.52,50.08
17,28.75,228.26,-16.61,49.81
17,28.85,228.88,-16.69,49.96
17,28.95,229.5,-16.78,50.26
17,29.05,230.11,-16.86,50.09
17,29.15,230.73,-16.95,50.09
17,29.25,231.35,-17.04,49.9
17,29.35,231.96,-17.12,49.98
17,29.45,232.58,-17.21,49.77
17,29.55,233.19,-17.29,50.06
17,29.65,233.81,-17.38,50.14
17,29.75,234.42,-17.47,49.86
17,29.85,235.03,-17.55,49.88
17,29.95,235.65,-17.64,50.0
17,30.05,236.26,-17.72,50.02
17,30.15,236.87,-17.81,49.95
17,30.25,237.48,-17.9,49.92
17,30.35,238.09,-17.98,49.92
17,30.45,238.7,-18.07,50.0
17,30.55,239.31,-18.16,50.06
17,30.65,239.92,-18.24,50.0
17,30.75,240.52,-18.33,49.99
17,30.85,241.13,-18.42,49.82
17,30.95,241.74,-18.51,50.09
17,31.05,242.34,-18.59,49.99
17,31.15,242.95,-18.68,49.96
17,31.25,243.55,-18.77,50.03
17,31.35,244.16,-18.86,49.92
17,31.45,244.76,-18.94,49.96
17,31.55,245.37,-19.03,50.01
17,31.65,245.97,-19.12,49.93
17,31.75,246.57,-19.21,49.84
17,31.85,247.17,-19.29,49.82
17,31.95,247.77,-19.38,50.04
17,32.05,248.37,-19.47,50.0
17,32.15,248.97,-19.56,49.99
17,32.25,249.57,-19.65,49.88
17,32.35,250.17,-19.74,50.0
17,32.45,250.77,-19.82,49.96
17,32.55,251.37,-19.91,49.94
17,32.65,251.96,-20.0,49.99
17,32.75,252.56,-20.09,50.03
17,32.85,253.16,-20.18,50.17
17,32.95,253.75,-20.27,50.06
17,33.06,254.35,-20.36,50.09
17,33.16,254.94,-20.45,50.11
17,33.26,255.54,-20.54,49.92
17,33.36,256.13,-20.62,49.97
17,33.46,256.72,-20.71,49.91
17,33.56,257.32,-20.8,49.93
17,33.66,257.91,-20.89,49.96
17,33.76,258.5,-20.98,49.93
17,33.86,259.09,-21.07,50.02
17,33.96,259.68,-21.16,50.04
17,34.06,260.27,-21.25,49.87
17,34.16,260.86,-21.34,49.97
17,34.26,261.45,-21.43,49.97
17,34.36,262.04,-21.52,49.85
17,34.46,262.63,-21.61,49.92
17,34.56,263.21,-21.7,50.09
17,34.66,263.8,-21.79,50.09
17,34.76,264.39,-21.88,49.84
17,34.86,264.97,-21.97,50.05
17,34.96,265.56,-22.06,49.85
17,35.06,266.14,-22.15,49.96
17,35.16,266.73,-22.24,49.99
17,35.26,267.31,-22.33,50.08
17,35.36,267.9,-22.43,49.98
17,35.46,268.48,-22.52,49.9
17,35.56,269.06,-22.61,49.88
17,35.66,269.64,-22.7,50.02
17,35.76,270.23,-22.79,49.94
17,35.86,270.81,-22.88,49.96
17,35.96,271.39,-22.97,50.1
17,36.06,271.97,-23.06,50.04
17,36.16,272.55,-23.15,50.16
17,36.26,273.13,-23.25,49.9
17,36.36,273.71,-23.34,49.93
17,36.46,274.29,-23.43,50.02
17,36.56,274.86,-23.52,50.18
17,36.66,275.44,-23.61,49.92
17,36.76,276.02,-23.7,50.0
17,36.86,276.6,-23.8,50.13
17,36.96,277.17,-23.89,50.0
17,37.06,277.75,-23.98,50.1
17,37.16,278.32,-24.07,50.2
17,37.26,278.9,-24.16,50.03
17,37.36,279.47,-24.26,50.05
17,37.46,280.05,-24.35,50.07
17,37.56,280.62,-24.44,49.91
17,37.66,281.19,-24.53,49.85
17,37.76,281.77,-24.62,50.02
17,37.86,282.34,-24.72,49.94
17,37.96,282.91,-24.81,50.11
17,38.06,283.48,-24.9,50.03
17,38.16,284.05,-25.0,50.1
17,38.26,284.63,-25.09,49.88
17,38.36,285.2,-25.18,50.1
17,38.46,285.77,-25.27,49.77
17,38.56,286.34,-25.37,49.89
17,38.66,286.9,-25.46,50.06
17,38.76,287.47,-25.55,49.95
17,38.86,288.04,-25.65,49.96
17,38.96,288.61,-25.74,50.01
17,39.07,289.18,-25.83,50.14
17,39.17,289.74,-25.93,49.81
17,39.27,290.31,-26.02,50.12
17,39.37,290.88,-26.11,50.13
17,39.47,291.44,-26.21,49.95
17,39.57,292.01,-26.3,49.93
17,39.67,292.57,-26.39,49.99
17,39.77,293.14,-26.49,49.93
17,39.87,293.7,-26.58,50.03
17,39.97,294.27,-26.67,50.05
17,40.07,294.83,-26.77,49.84
17,40.17,295.39,-26.86,49.91
17,40.27,295.95,-26.96,49.88
17,40.37,296.52,-27.05,50.02
17,40.47,297.08,-27.14,50.09
17,40.57,297.64,-27.24,49.89
17,40.67,298.2,-27.33,50.09
17,40.77,298.76,-27.43,49.91
17,40.87,299.32,-27.52,50.07
17,40.97,299.88,-27.62,49.97
17,41.07,300.44,-27.71,49.96
17,41.17,301.0,-27.81,50.11
17,41.27,301.56,-27.9,50.18
17,41.37,302.12,-27.99,49.81
17,41.47,302.68,-28.09,50.06
17,41.57,303.23,-28.18,50.02
17,41.67,303.79,-28.28,50.07
17,41.77,304.35,-28.37,49.86
17,41.87,304.9,-28.47,49.89
17,41.97,305.46,-28.56,49.93
17,42.07,306.02,-28.66,50.02
17,42.17,306.57,-28.75,49.93
17,42.27,307.13,-28.85,49.97
17,42.37,307.68,-28.94,50.08
17,42.47,308.24,-29.04,50.2
17,42.57,308.79,-29.14,50.08
17,42.67,309.34,-29.23,50.09
17,42.77,309.9,-29.33,49.98
17,42.87,310.45,-29.42,49.91
17,42.97,311.0,-29.52,49.97
17,43.07,311.55,-29.61,49.99
17,43.17,312.11,-29.71,49.88
17,43.27,312.66,-29.8,50.08
17,43.37,313.21,-29.9,50.15
17,43.47,313.76,-30.0,50.01
17,43.57,314.31,-30.09,50.11
17,43.67,314.86,-30.19,50.12
17,43.77,315.41,-30.28,49.9
17,43.87,315.96,-30.38,49.83
17,43.97,316.51,-30.48,49.95
17,44.07,317.06,-30.57,50.01
17,44.17,317.61,-30.67,49.88
17,44.27,318.15,-30.77,50.14
17,44.37,318.7,-30.86,50.19
17,44.47,319.25,-30.96,50.02
17,44.57,319.8,-31.05,49.9
17,44.67,320.34,-31.15,50.05
17,44.77,320.89,-31.25,49.9
17,44.87,321.43,-31.34,50.11
17,44.97,321.98,-31.44,49.98
17,45.08,322.53,-31.54,50.07
17,45.18,323.07,-31.63,50.09
17,45.28,323.62,-31.73,50.05
17,45.38,324.16,-31.83,50.18
17,45.48,324.7,-31.92,50.02
17,45.58,325.25,-32.02,49.95
17,45.68,325.79,-32.12,49.79
17,45.78,326.33,-32.22,49.77
17,45.88,326.88,-32.31,50.07
17,45.98,327.42,-32.41,49.98
17,46.08,327.96,-32.51,49.92
17,46.18,328.5,-32.6,49.89
17,46.28,329.04,-32.7,50.07
17,46.38,329.59,-32.8,49.9
17,46.48,330.13,-32.9,50.16
17,46.58,330.67,-32.99,50.24
17,46.68,331.21,-33.09,49.91
17,46.78,331.75,-33.19,50.07
17,46.88,332.29,-33.29,50.04
17,46.98,332.83,-33.38,49.9
17,47.08,333.37,-33.48,49.9
17,47.18,333.9,-33.58,49.99
17,47.28,334.44,-33.68,49.89
17,47.38,334.98,-33.78,50.11
17,47.48,335.52,-33.87,49.98
17,47.58,336.06,-33.97,49.89
17,47.68,336.59,-34.07,49.99
17,47.78,337.13,-34.17,50.05
17,47.88,337.67,-34.27,49.93
17,47.98,338.2,-34.36,49.8
17,48.08,338.74,-34.46,50.01
17,48.18,339.27,-34.56,49.88
17,48.28,339.81,-34.66,49.92
17,48.38,340.34,-34.76,50.05
17,48.48,340.88,-34.86,49.94
17,48.58,341.41,-34.95,49.99
17,48.68,341.95,-35.05,50.15
17,48.78,342.48,-35.15,49.96
17,48.88,343.01,-35.25,50.2
17,48.98,343.55,-35.35,50.07
17,49.08,344.08,-35.45,49.91
17,49.18,344.61,-35.55,49.95
17,49.28,345.15,-35.64,49.87
17,49.38,345.68,-35.74,50.06
17,49.48,346.21,-35.84,50.13
17,49.58,346.74,-35.94,49.96
17,49.68,347.27,-36.04,49.81
17,49.78,347.8,-36.14,50.04
17,49.88,348.33,-36.24,49.91
17,49.98,348.86,-36.34,49.93
17,50.08,349.4,-36.44,50.03
17,50.18,349.92,-36.53,50.12
17,50.28,350.45,-36.63,50.07
17,50.38,350.98,-36.73,50.04
17,50.48,351.51,-36.83,49.98
17,50.58,352.04,-36.93,49.87
17,50.68,352.57,-37.03,50.03
17,50.78,353.1,-37.13,50.07
17,50.88,353.63,-37.23,49.94
17,50.98,354.15,-37.33,49.96
17,51.09,354.68,-37.43,50.11
17,51.19,355.21,-37.53,49.96
17,51.29,355.73,-37.63,49.97
17,51.39,356.26,-37.73,49.99
17,51.49,356.79,-37.83,50.07
17,51.59,357.31,-37.93,50.03
17,51.69,357.84,-38.03,50.02
17,51.79,358.36,-38.13,50.15
17,51.89,358.89,-38.23,49.96
17,51.99,359.42,-38.33,49.9
17,52.09,359.94,-38.43,50.1
17,52.19,360.46,-38.53,50.02
17,52.29,360.99,-38.63,49.94
17,52.39,361.51,-38.73,49.96
17,52.49,362.04,-38.83,49.87
17,52.59,362.56,-38.93,50.02
17,52.69,363.08,-39.03,49.85
17,52.79,363.61,-39.13,50.07
17,52.89,364.13,-39.23,49.95
17,52.99,364.65,-39.33,49.86
17,53.09,365.17,-39.43,50.11
17,53.19,365.69,-39.53,50.23
17,53.29,366.22,-39.63,50.04
17,53.39,366.74,-39.73,49.97
17,53.49,367.26,-39.83,49.9
17,53.59,367.78,-39.93,50.03
17,53.69,368.3,-40.03,50.06
17,53.79,368.82,-40.13,50.0
17,53.89,369.34,-40.23,50.09
17,53.99,369.86,-40.33,50.15
17,54.09,370.38,-40.43,49.87
17,54.19,370.9,-40.53,50.03
17,54.29,371.42,-40.63,49.81
17,54.39,371.94,-40.74,49.92
17,54.49,372.45,-40.84,50.07
17,54.59,372.97,-40.94,50.0
17,54.69,373.49,-41.04,49.84
17,54.79,374.01,-41.14,50.1
17,54.89,374.53,-41.24,49.95
17,54.99,375.04,-41.34,50.09
17,55.09,375.56,-41.44,50.05
17,55.19,376.08,-41.54,49.92
17,55.29,376.59,-41.64,50.09
17,55.39,377.11,-41.75,50.03
17,55.49,377.63,-41.85,50.02
17,55.59,378.14,-41.95,49.95
17,55.69,378.66,-42.05,49.89
17,55.79,379.17,-42.15,49.96
17,55.89,379.69,-42.25,49.96
17,55.99,380.2,-42.35,50.09
17,56.09,380.72,-42.46,49.84
17,56.19,381.23,-42.56,50.15
17,56.29,381.75,-42.66,50.15
17,56.39,382.26,-42.76,49.94
17,56.49,382.78,-42.86,50.14
17,56.59,383.29,-42.96,49.9
17,56.69,383.8,-43.06,50.11
17,56.79,384.32,-43.17,49.92
17,56.89,384.83,-43.27,50.1
17,56.99,385.34,-43.37,49.86
17,57.1,385.85,-43.47,50.11
17,57.2,386.37,-43.57,50.13
17,57.3,386.88,-43.68,49.85
17,57.4,387.39,-43.78,50.18
17,57.5,387.9,-43.88,50.1
17,57.6,388.41,-43.98,49.8
17,57.7,388.92,-44.08,49.95
17,57.8,389.43,-44.19,50.1
17,57.9,389.94,-44.29,50.07
17,58.0,390.45,-44.39,50.01
17,58.1,390.96,-44.49,50.09
17,58.2,391.47,-44.59,49.91
17,58.3,391.98,-44.7,50.0
17,58.4,392.49,-44.8,49.92
17,58.5,393.0,-44.9,50.01
17,58.6,393.51,-45.0,50.1
17,58.7,394.02,-45.11,50.08
17,58.8,394.53,-45.21,50.02
17,58.9,395.04,-45.31,50.1
17,59.0,395.55,-45.41,50.11
17,59.1,396.05,-45.52,50.18
17,59.2,396.56,-45.62,50.12
17,59.3,397.07,-45.72,50.07
17,59.4,397.58,-45.82,50.09
17,59.5,398.08,-45.93,50.02
17,59.6,398.59,-46.03,49.97
17,59.7,399.1,-46.13,50.09
17,59.8,399.6,-46.23,50.08
17,59.9,400.11,-46.34,50.03
17,60.0,400.62,-46.44,49.98
18,0.0,0.0,0.0,0.0
18,0.1,0.59,-0.0,50.11
18,0.2,1.18,-0.0,49.89
18,0.3,1.77,-0.01,49.96
18,0.4,2.34,-0.01,49.97
18,0.5,2.92,-0.02,49.94
18,0.6,3.49,-0.03,50.19
18,0.7,4.05,-0.04,50.04
18,0.8,4.61,-0.05,50.03
18,0.9,5.17,-0.06,49.95
18,1.0,5.72,-0.08,50.09
18,1.1,6.27,-0.09,50.22
18,1.2,6.81,-0.11,50.01
18,1.3,7.35,-0.13,49.98
18,1.4,7.89,-0.15,49.99
18,1.5,8.42,-0.17,49.97
18,1.6,8.94,-0.19,50.0
18,1.7,9.47,-0.21,49.94
18,1.8,9.98,-0.23,49.91
18,1.9,10.5,-0.26,50.0
18,2.0,11.01,-0.28,50.01
18,2.1,11.52,-0.31,49.97
18,2.2,12.02,-0.34,50.15
18,2.3,12.52,-0.37,50.04
18,2.4,13.01,-0.4,50.07
18,2.5,13.51,-0.43,50.08
18,2.6,14.0,-0.46,50.01
18,2.7,14.48,-0.5,50.02
18,2.8,14.96,-0.53,49.91
18,2.9,15.44,-0.57,50.07
18,3.01,15.91,-0.6,49.97
18,3.11,16.39,-0.64,49.94
18,3.21,16.85,-0.68,50.13
18,3.31,17.32,-0.72,49.87
18,3.41,17.78,-0.76,50.17
18,3.51,18.24,-0.8,50.16
18,3.61,18.69,-0.85,49.98
18,3.71,19.14,-0.89,50.18
18,3.81,19.59,-0.93,49.91
18,3.91,20.04,-0.98,50.1
18,4.01,20.48,-1.03,50.0
18,4.11,20.92,-1.07,49.82
18,4.21,21.35,-1.12,49.94
18,4.31,21.79,-1.17,49.98
18,4.41,22.22,-1.22,50.08
18,4.51,22.64,-1.27,49.95
18,4.61,23.07,-1.32,49.97
18,4.71,23.49,-1.38,50.05
18,4.81,23.91,-1.43,50.05
18,4.91,24.32,-1.48,49.99
18,5.01,24.74,-1.54,49.97
18,5.11,25.15,-1.59,50.09
18,5.21,25.55,-1.65,49.97
18,5.31,25.96,-1.71,49.88
18,5.41,26.36,-1.77,49.96
18,5.51,26.76,-1.83,50.05
18,5.61,27.16,-1.89,49.99
18,5.71,27.55,-1.95,49.95
18,5.81,27.94,-2.01,49.87
18,5.91,28.33,-2.07,49.99
18,6.01,28.72,-2.13,50.02
18,6.11,29.1,-2.2,49.9
18,6.21,29.48,-2.26,49.98
18,6.31,29.86,-2.33,49.89
18,6.41,30.24,-2.39,49.99
18,6.51,30.61,-2.46,50.17
18,6.61,30.99,-2.53,50.02
18,6.71,31.36,-2.59,49.84
18,6.81,31.72,-2.66,50.03
18,6.91,32.09,-2.73,50.13
18,7.01,32.45,-2.8,49.86
18,7.11,32.81,-2.87,49.9
18,7.21,33.17,-2.94,50.03
18,7.31,33.53,-3.02,49.99
18,7.41,33.88,-3.09,50.12
18,7.51,34.23,-3.16,49.98
18,7.61,34.58,-3.24,50.08
18,7.71,34.93,-3.31,50.15
18,7.81,35.27,-3.39,49.91
18,7.91,35.62,-3.46,50.07
18,8.01,35.96,-3.54,49.96
18,8.11,36.3,-3.62,49.78
18,8.21,36.63,-3.69,50.05
18,8.31,36.97,-3.77,50.06
18,8.41,37.3,-3.85,49.85
18,8.51,37.63,-3.93,49.95
18,8.61,37.96,-4.01,49.94
18,8.71,38.29,-4.09,50.08
18,8.81,38.61,-4.17,49.85
18,8.91,38.94,-4.25,50.01
18,9.02,39.26,-4.34,49.77
18,9.12,39.58,-4.42,50.04
18,9.22,39.89,-4.5,50.01
18,9.32,40.21,-4.59,49.95
18,9.42,40.52,-4.67,50.14
18,9.52,40.83,-4.76,49.74
18,9.62,41.14,-4.84,50.0
18,9.72,41.45,-4.93,50.12
18,9.82,41.76,-5.01,50.01
18,9.92,42.06,-5.1,50.14
18,10.02,42.36,-5.19,49.95
18,10.12,42.67,-5.28,49.98
18,10.22,42.96,-5.37,50.12
18,10.32,43.26,-5.46,50.09
18,10.42,43.56,-5.55,50.24
18,10.52,43.85,-5.64,50.01
18,10.62,44.14,-5.73,50.02
18,10.72,44.44,-5.82,49.95
18,10.82,44.72,-5.91,49.98
18,10.92,45.01,-6.0,50.11
18,11.02,45.3,-6.1,50.0
18,11.12,45.58,-6.19,49.92
18,11.22,45.86,-6.28,49.96
18,11.32,46.15,-6.38,49.99
18,11.42,46.43,-6.47,49.93
18,11.52,46.7,-6.57,49.95
18,11.62,46.98,-6.66,49.9
18,11.72,47.25,-6.76,49.96
18,11.82,47.53,-6.86,50.12
18,11.92,47.8,-6.95,50.0
18,12.02,48.07,-7.05,50.25
18,12.12,48.34,-7.15,49.92
18,12.22,48.61,-7.25,50.05
18,12.32,48.87,-7.35,50.02
18,12.42,49.14,-7.44,50.07
18,12.52,49.4,-7.54,49.94
18,12.62,49.66,-7.64,49.96
18,12.72,49.92,-7.75,50.04
18,12.82,50.18,-7.85,49.95
18,12.92,50.44,-7.95,49.82
18,13.02,50.69,-8.05,50.13
18,13.12,50.95,-8.15,50.09
18,13.22,51.2,-8.25,49.96
18,13.32,51.45,-8.36,50.02
18,13.42,51.7,-8.46,50.1
18,13.52,51.95,-8.56,50.13
18,13.62,52.2,-8.67,50.01
18,13.72,52.44,-8.77,49.94
18,13.82,52.69,-8.88,50.15
18,13.92,52.93,-8.98,50.01
18,14.02,53.17,-9.09,49.99
18,14.12,53.41,-9.2,50.03
18,14.22,53.65,-9.3,50.12
18,14.32,53.89,-9.41,50.0
18,14.42,54.13,-9.52,50.1
18,14.52,54.37,-9.62,49.98
18,14.62,54.6,-9.73,50.06
18,14.72,54.83,-9.84,49.91
18,14.82,55.07,-9.95,50.11
18,14.92,55.3,-10.06,49.93
18,15.03,55.53,-10.17,50.05
18,15.13,55.75,-10.28,49.85
18,15.23,55.98,-10.39,50.0
18,15.33,56.21,-10.5,50.02
18,15.43,56.43,-10.61,49.93
18,15.53,56.66,-10.72,49.99
18,15.63,56.88,-10.83,50.03
18,15.73,57.1,-10.95,50.06
18,15.83,57.32,-11.06,50.01
18,15.93,57.54,-11.17,50.13
18,16.03,57.76,-11.28,50.12
18,16.13,57.97,-11.4,50.0
18,16.23,58.19,-11.51,49.87
18,16.33,58.4,-11.62,49.95
18,16.43,58.62,-11.74,49.78
18,16.53,58.83,-11.85,49.98
18,16.63,59.04,-11.97,50.14
18,16.73,59.25,-12.08,50.08
18,16.83,59.46,-12.2,50.01
18,16.93,59.67,-12.32,49.93
18,17.03,59.88,-12.43,50.01
18,17.13,60.08,-12.55,50.21
18,17.23,60.29,-12.67,50.15
18,17.33,60.49,-12.78,49.98
18,17.43,60.69,-12.9,49.85
18,17.53,60.89,-13.02,50.22
18,17.63,61.09,-13.14,49.93
18,17.73,61.29,-13.25,50.05
18,17.83,61.49,-13.37,49.84
18,17.93,61.69,-13.49,49.97
18,18.03,61.89,-13.61,49.84
18,18.13,62.08,-13.73,49.88
18,18.23,62.28,-13.85,49.91
18,18.33,62.47,-13.97,50.05
18,18.43,62.66,-14.09,49.99
18,18.53,62.85,-14.21,50.27
18,18.63,63.05,-14.33,50.11
18,18.73,63.23,-14.46,50.12
18,18.83,63.42,-14.58,50.05
18,18.93,63.61,-14.7,50.03
18,19.03,63.8,-14.82,50.12
18,19.13,63.98,-14.94,49.76
18,19.23,64.17,-15.07,49.94
18,19.33,64.35,-15.19,49.86
18,19.43,64.54,-15.31,49.81
18,19.53,64.72,-15.44,49.92
18,19.63,64.9,-15.56,49.89
18,19.73,65.08,-15.69,50.12
18,19.83,65.26,-15.81,50.01
18,19.93,65.44,-15.94,49.8
18,20.03,65.62,-16.06,50.03
18,20.13,65.79,-16.19,49.9
18,20.23,65.97,-16.31,50.01
18,20.33,66.14,-16.44,50.04
18,20.43,66.32,-16.56,49.92
18,20.53,66.49,-16.69,50.02
18,20.63,66.66,-16.82,50.04
18,20.73,66.83,-16.94,49.98
18,20.83,67.01,-17.07,49.93
18,20.93,67.17,-17.2,50.0
18,21.04,67.34,-17.32,49.99
18,21.14,67.51,-17.45,50.03
18,21.24,67.68,-17.58,49.97
18,21.34,67.85,-17.71,49.88
18,21.44,68.01,-17.84,49.98
18,21.54,68.18,-17.97,50.03
18,21.64,68.34,-18.1,50.02
18,21.74,68.5,-18.22,49.99
18,21.84,68.67,-18.35,49.95
18,21.94,68.83,-18.48,49.95
18,22.04,68.99,-18.61,49.96
18,22.14,69.15,-18.74,50.11
18,22.24,69.31,-18.87,49.91
18,22.34,69.47,-19.01,50.01
18,22.44,69.62,-19.14,49.87
18,22.54,69.78,-19.27,50.08
18,22.64,69.94,-19.4,49.95
18,22.74,70.09,-19.53,49.92
18,22.84,70.25,-19.66,50.02
18,22.94,70.4,-19.79,49.75
18,23.04,70.55,-19.93,49.87
18,23.14,70.71,-20.06,50.04
18,23.24,70.86,-20.19,50.1
18,23.34,71.01,-20.32,50.05
18,23.44,71.16,-20.46,50.01
18,23.54,71.31,-20.59,50.24
18,23.64,71.46,-20.73,50.05
18,23.74,71.6,-20.86,49.9
18,23.84,71.75,-20.99,50.1
18,23.94,71.9,-21.13,49.94
18,24.04,72.04,-21.26,49.93
18,24.14,72.19,-21.4,49.86
18,24.24,72.33,-21.53,49.96
18,24.34,72.48,-21.67,49.88
18,24.44,72.62,-21.8,50.06
18,24.54,72.76,-21.94,49.99
18,24.64,72.9,-22.07,49.86
18,24.74,73.04,-22.21,49.99
18,24.84,73.18,-22.35,50.1
18,24.94,73.32,-22.48,50.16
18,25.04,73.46,-22.62,49.82
18,25.14,73.6,-22.76,49.92
18,25.24,73.74,-22.89,49.87
18,25.34,73.87,-23.03,50.04
18,25.44,74.01,-23.17,49.86
18,25.54,74.15,-23.3,50.11
18,25.64,74.28,-23.44,50.12
18,25.74,74.41,-23.58,50.08
18,25.84,74.55,-23.72,49.93
18,25.94,74.68,-23.86,49.93
18,26.04,74.81,-24.0,49.95
18,26.14,74.94,-24.13,50.11
18,26.24,75.07,-24.27,49.83
18,26.34,75.2,-24.41,50.04
18,26.44,75.33,-24.55,49.91
18,26.54,75.46,-24.69,49.96
18,26.64,75.59,-24.83,50.07
18,26.74,75.72,-24.97,49.85
18,26.84,75.85,-25.11,49.97
18,26.94,75.97,-25.25,49.99
18,27.05,76.1,-25.39,50.0
18,27.15,76.22,-25.53,49.99
18,27.25,76.35,-25.67,50.06
18,27.35,76.47,-25.81,49.95
18,27.45,76.59,-25.95,50.04
18,27.55,76.72,-26.1,50.03
18,27.65,76.84,-26.24,50.03
18,27.75,76.96,-26.38,50.05
18,27.85,77.08,-26.52,50.03
18,27.95,77.2,-26.66,49.99
18,28.05,77.32,-26.81,49.87
18,28.15,77.44,-26.95,50.14
18,28.25,77.56,-27.09,50.17
18,28.35,77.68,-27.23,49.96
18,28.45,77.8,-27.38,50.05
18,28.55,77.91,-27.52,49.95
18,28.65,78.03,-27.66,49.93
18,28.75,78.14,-27.81,50.01
18,28.85,78.26,-27.95,50.28
18,28.95,78.37,-28.09,50.16
18,29.05,78.49,-28.24,50.14
18,29.15,78.6,-28.38,50.05
18,29.25,78.71,-28.53,49.91
18,29.35,78.83,-28.67,50.1
18,29.45,78.94,-28.81,49.72
18,29.55,79.05,-28.96,50.04
18,29.65,79.16,-29.1,50.11
18,29.75,79.27,-29.25,50.02
18,29.85,79.38,-29.39,50.17
18,29.95,79.49,-29.54,49.86
18,30.05,79.6,-29.69,50.16
18,30.15,79.71,-29.83,49.98
18,30.25,79.81,-29.98,50.15
18,30.35,79.92,-30.12,50.1
18,30.45,80.03,-30.27,50.15
18,30.55,80.13,-30.42,50.1
18,30.65,80.24,-30.56,50.07
18,30.75,80.34,-30.71,50.14
18,30.85,80.45,-30.86,50.01
18,30.95,80.55,-31.0,50.06
18,31.05,80.65,-31.15,50.0
18,31.15,80.76,-31.3,49.93
18,31.25,80.86,-31.44,50.05
18,31.35,80.96,-31.59,50.02
18,31.45,81.06,-31.74,50.13
18,31.55,81.16,-31.89,49.98
18,31.65,81.26,-32.04,49.92
18,31.75,81.36,-32.18,50.12
18,31.85,81.46,-32.33,50.01
18,31.95,81.56,-32.48,49.92
18,32.05,81.66,-32.63,50.14
18,32.15,81.76,-32.78,50.09
18,32.25,81.85,-32.93,50.18
18,32.35,81.95,-33.08,49.97
18,32.45,82.05,-33.22,49.95
18,32.55,82.14,-33.37,49.89
18,32.65,82.24,-33.52,49.94
18,32.75,82.33,-33.67,49.96
18,32.85,82.43,-33.82,50.07
18,32.95,82.52,-33.97,49.91
18,33.06,82.61,-34.12,49.93
18,33.16,82.71,-34.27,50.17
18,33.26,82.8,-34.42,49.71
18,33.36,82.89,-34.57,50.05
18,33.46,82.98,-34.72,49.87
18,33.56,83.07,-34.88,49.92
18,33.66,83.16,-35.03,50.14
18,33.76,83.25,-35.18,50.01
18,33.86,83.34,-35.33,50.27
18,33.96,83.43,-35.48,50.06
18,34.06,83.52,-35.63,49.92
18,34.16,83.61,-35.78,50.06
18,34.26,83.7,-35.93,50.11
18,34.36,83.79,-36.09,50.05
18,34.46,83.87,-36.24,49.98
18,34.56,83.96,-36.39,49.83
18,34.66,84.05,-36.54,49.97
18,34.76,84.13,-36.69,50.17
18,34.86,84.22,-36.85,49.92
18,34.96,84.3,-37.0,49.96
18,35.06,84.39,-37.15,50.1
18,35.16,84.47,-37.31,50.06
18,35.26,84.55,-37.46,49.87
18,35.36,84.64,-37.61,49.99
18,35.46,84.72,-37.76,50.14
18,35.56,84.8,-37.92,50.0
18,35.66,84.88,-38.07,50.14
18,35.76,84.96,-38.22,50.15
18,35.86,85.04,-38.38,49.91
18,35.96,85.13,-38.53,49.97
18,36.06,85.21,-38.69,50.07
18,36.16,85.28,-38.84,49.85
18,36.26,85.36,-38.99,49.98
18,36.36,85.44,-39.15,50.05
18,36.46,85.52,-39.3,49.94
18,36.56,85.6,-39.46,50.06
18,36.66,85.68,-39.61,49.94
18,36.76,85.75,-39.77,49.94
18,36.86,85.83,-39.92,50.07
18,36.96,85.91,-40.08,50.14
18,37.06,85.98,-40.23,49.93
18,37.16,86.06,-40.39,49.88
18,37.26,86.13,-40.54,50.0
18,37.36,86.21,-40.7,50.05
18,37.46,86.28,-40.86,49.93
18,37.56,86.36,-41.01,50.17
18,37.66,86.43,-41.17,49.99
18,37.76,86.5,-41.32,49.93
18,37.86,86.58,-41.48,50.19
18,37.96,86.65,-41.64,50.13
18,38.06,86.72,-41.79,49.93
18,38.16,86.79,-41.95,50.11
18,38.26,86.86,-42.1,49.93
18,38.36,86.94,-42.26,50.08
18,38.46,87.01,-42.42,50.18
18,38.56,87.08,-42.58,49.88
18,38.66,87.15,-42.73,49.95
18,38.76,87.22,-42.89,49.95
18,38.86,87.28,-43.05,50.03
18,38.96,87.35,-43.2,50.05
18,39.07,87.42,-43.36,49.99
18,39.17,87.49,-43.52,49.83
18,39.27,87.56,-43.68,49.88
18,39.37,87.62,-43.84,49.91
18,39.47,87.69,-43.99,50.06
18,39.57,87.76,-44.15,49.86
18,39.67,87.82,-44.31,49.91
18,39.77,87.89,-44.47,49.89
18,39.87,87.95,-44.63,50.03
18,39.97,88.02,-44.78,50.11
18,40.07,88.08,-44.94,50.02
18,40.17,88.15,-45.1,50.2
18,40.27,88.21,-45.26,50.02
18,40.37,88.28,-45.42,49.99
18,40.47,88.34,-45.58,49.92
18,40.57,88.4,-45.74,50.02
18,40.67,88.46,-45.9,49.92
18,40.77,88.53,-46.06,49.9
18,40.87,88.59,-46.22,49.9
18,40.97,88.65,-46.38,49.98
18,41.07,88.71,-46.53,49.95
18,41.17,88.77,-46.69,50.27
18,41.27,88.83,-46.85,50.02
18,41.37,88.89,-47.01,50.02
18,41.47,88.95,-47.17,49.94
18,41.57,89.01,-47.33,50.31
18,41.67,89.07,-47.49,49.91
18,41.77,89.13,-47.66,49.95
18,41.87,89.19,-47.82,50.1
18,41.97,89.24,-47.98,50.02
18,42.07,89.3,-48.14,49.87
18,42.17,89.36,-48.3,50.0
18,42.27,89.42,-48.46,50.07
18,42.37,89.47,-48.62,50.05
18,42.47,89.53,-48.78,50.07
18,42.57,89.59,-48.94,50.22
18,42.67,89.64,-49.1,50.03
18,42.77,89.7,-49.26,50.08
18,42.87,89.75,-49.43,49.76
18,42.97,89.81,-49.59,50.19
18,43.07,89.86,-49.75,50.01
18,43.17,89.92,-49.91,49.91
18,43.27,89.97,-50.07,49.98
18,43.37,90.02,-50.23,50.07
18,43.47,90.08,-50.4,50.1
18,43.57,90.13,-50.56,49.99
18,43.67,90.18,-50.72,50.06
18,43.77,90.23,-50.88,49.97
18,43.87,90.29,-51.05,50.05
18,43.97,90.34,-51.21,50.02
18,44.07,90.39,-51.37,50.03
18,44.17,90.44,-51.53,49.97
18,44.27,90.49,-51.7,50.04
18,44.37,90.54,-51.86,49.92
18,44.47,90.59,-52.02,50.02
18,44.57,90.64,-52.18,49.94
18,44.67,90.69,-52.35,49.9
18,44.77,90.74,-52.51,49.93
18,44.87,90.79,-52.67,49.98
18,44.97,90.84,-52.84,49.95
18,45.08,90.88,-53.0,50.04
18,45.18,90.93,-53.16,50.01
18,45.28,90.98,-53.33,50.1
18,45.38,91.03,-53.49,49.99
18,45.48,91.07,-53.66,50.02
18,45.58,91.12,-53.82,50.19
18,45.68,91.17,-53.98,49.96
18,45.78,91.21,-54.15,49.97
18,45.88,91.26,-54.31,50.12
18,45.98,91.3,-54.48,49.9
18,46.08,91.35,-54.64,50.13
18,46.18,91.39,-54.81,49.98
18,46.28,91.44,-54.97,49.92
18,46.38,91.48,-55.13,50.09
18,46.48,91.53,-55.3,49.97
18,46.58,91.57,-55.46,50.18
18,46.68,91.61,-55.63,50.01
18,46.78,91.66,-55.79,50.01
18,46.88,91.7,-55.96,49.94
18,46.98,91.74,-56.12,49.99
18,47.08,91.79,-56.29,49.97
18,47.18,91.83,-56.45,50.13
18,47.28,91.87,-56.62,50.03
18,47.38,91.91,-56.79,50.07
18,47.48,91.95,-56.95,50.01
18,47.58,91.99,-57.12,49.96
18,47.68,92.03,-57.28,50.04
18,47.78,92.07,-57.45,50.16
18,47.88,92.11,-57.61,49.9
18,47.98,92.15,-57.78,50.04
18,48.08,92.19,-57.95,50.15
18,48.18,92.23,-58.11,49.92
18,48.28,92.27,-58.28,50.09
18,48.38,92.31,-58.44,50.09
18,48.48,92.35,-58.61,49.87
18,48.58,92.39,-58.78,50.11
18,48.68,92.43,-58.94,49.94
18,48.78,92.46,-59.11,50.04
18,48.88,92.5,-59.28,50.1
18,48.98,92.54,-59.44,50.12
18,49.08,92.57,-59.61,49.85
18,49.18,92.61,-59.78,50.18
18,49.28,92.65,-59.94,50.14
18,49.38,92.68,-60.11,50.11
18,49.48,92.72,-60.28,50.04
18,49.58,92.75,-60.45,49.96
18,49.68,92.79,-60.61,49.89
18,49.78,92.83,-60.78,49.84
18,49.88,92.86,-60.95,50.06
18,49.98,92.89,-61.12,50.11
18,50.08,92.93,-61.28,49.99
18,50.18,92.96,-61.45,49.95
18,50.28,93.0,-61.62,50.01
18,50.38,93.03,-61.79,49.94
18,50.48,93.06,-61.95,50.0
18,50.58,93.1,-62.12,49.93
18,50.68,93.13,-62.29,50.06
18,50.78,93.16,-62.46,50.12
18,50.88,93.19,-62.63,50.05
18,50.98,93.23,-62.8,49.99
18,51.09,93.26,-62.96,50.1
18,51.19,93.29,-63.13,50.0
18,51.29,93.32,-63.3,50.1
18,51.39,93.35,-63.47,49.94
18,51.49,93.38,-63.64,49.95
18,51.59,93.41,-63.81,49.9
18,51.69,93.44,-63.98,49.95
18,51.79,93.47,-64.14,50.1
18,51.89,93.5,-64.31,49.91
18,51.99,93.53,-64.48,49.77
18,52.09,93.56,-64.65,49.96
18,52.19,93.59,-64.82,49.88
18,52.29,93.62,-64.99,49.95
18,52.39,93.65,-65.16,50.21
18,52.49,93.68,-65.33,49.91
18,52.59,93.7,-65.5,50.06
18,52.69,93.73,-65.67,49.99
18,52.79,93.76,-65.84,50.04
18,52.89,93.79,-66.01,49.95
18,52.99,93.81,-66.18,50.12
18,53.09,93.84,-66.35,50.04
18,53.19,93.87,-66.52,50.05
18,53.29,93.89,-66.69,50.01
18,53.39,93.92,-66.86,50.13
18,53.49,93.95,-67.03,50.06
18,53.59,93.97,-67.2,50.04
18,53.69,94.0,-67.37,50.07
18,53.79,94.02,-67.54,49.82
18,53.89,94.05,-67.71,50.02
18,53.99,94.07,-67.88,49.99
18,54.09,94.1,-68.05,50.12
18,54.19,94.12,-68.22,49.93
18,54.29,94.15,-68.39,50.02
18,54.39,94.17,-68.56,50.19
18,54.49,94.19,-68.73,50.0
18,54.59,94.22,-68.9,49.87
18,54.69,94.24,-69.07,50.22
18,54.79,94.26,-69.24,49.93
18,54.89,94.29,-69.41,49.9
18,54.99,94.31,-69.59,49.9
18,55.09,94.33,-69.76,50.07
18,55.19,94.35,-69.93,50.13
18,55.29,94.38,-70.1,50.18
18,55.39,94.4,-70.27,50.0
18,55.49,94.42,-70.44,49.9
18,55.59,94.44,-70.61,49.94
18,55.69,94.46,-70.78,50.0
18,55.79,94.48,-70.96,50.0
18,55.89,94.5,-71.13,50.13
18,55.99,94.52,-71.3,49.87
18,56.09,94.54,-71.47,49.89
18,56.19,94.56,-71.64,49.97
18,56.29,94.58,-71.82,50.04
18,56.39,94.6,-71.99,49.96
18,56.49,94.62,-72.16,49.95
18,56.59,94.64,-72.33,50.12
18,56.69,94.66,-72.5,50.05
18,56.79,94.68,-72.68,49.9
18,56.89,94.7,-72.85,49.95
18,56.99,94.72,-73.02,50.05
18,57.1,94.73,-73.19,49.87
18,57.2,94.75,-73.37,50.05
18,57.3,94.77,-73.54,49.97
18,57.4,94.79,-73.71,50.04
18,57.5,94.8,-73.88,50.01
18,57.6,94.82,-74.06,49.89
18,57.7,94.84,-74.23,49.94
18,57.8,94.85,-74.4,50.14
18,57.9,94.87,-74.57,50.24
18,58.0,94.89,-74.75,49.83
18,58.1,94.9,-74.92,50.1
18,58.2,94.92,-75.09,50.03
18,58.3,94.94,-75.27,50.21
18,58.4,94.95,-75.44,49.94
18,58.5,94.97,-75.61,50.09
18,58.6,94.98,-75.79,49.97
18,58.7,95.0,-75.96,50.13
18,58.8,95.01,-76.13,50.23
18,58.9,95.02,-76.31,50.02
18,59.0,95.04,-76.48,49.89
18,59.1,95.05,-76.65,50.14
18,59.2,95.07,-76.83,50.06
18,59.3,95.08,-77.0,50.04
18,59.4,95.09,-77.18,50.16
18,59.5,95.11,-77.35,49.89
18,59.6,95.12,-77.52,49.93
18,59.7,95.13,-77.7,50.06
18,59.8,95.15,-77.87,49.93
18,59.9,95.16,-78.05,49.97
18,60.0,95.17,-78.22,50.13
19,0.0,0.0,0.0,0.0
19,0.1,1.1,-0.0,50.04
19,0.2,2.19,-0.0,50.09
19,0.3,3.27,-0.0,49.95
19,0.4,4.33,-0.0,50.03
19,0.5,5.39,-0.01,49.84
19,0.6,6.43,-0.01,50.06
19,0.7,7.46,-0.01,50.04
19,0.8,8.49,-0.02,49.87
19,0.9,9.5,-0.02,50.15
19,1.0,10.5,-0.03,50.06
19,1.1,11.49,-0.03,49.93
19,1.2,12.48,-0.04,50.07
19,1.3,13.45,-0.04,49.9
19,1.4,14.41,-0.05,49.92
19,1.5,15.36,-0.05,49.9
19,1.6,16.31,-0.06,49.9
19,1.7,17.24,-0.07,50.04
19,1.8,18.17,-0.07,50.01
19,1.9,19.09,-0.08,50.07
19,2.0,20.0,-0.09,49.72
19,2.1,20.9,-0.1,49.96
19,2.2,21.79,-0.11,49.96
19,2.3,22.67,-0.12,50.01
19,2.4,23.55,-0.13,50.0
19,2.5,24.42,-0.14,50.02
19,2.6,25.28,-0.15,50.01
19,2.7,26.13,-0.16,49.95
19,2.8,26.97,-0.17,49.96
19,2.9,27.81,-0.18,49.99
19,3.01,28.64,-0.19,50.05
19,3.11,29.46,-0.2,50.01
19,3.21,30.28,-0.21,49.92
19,3.31,31.08,-0.23,49.92
19,3.41,31.88,-0.24,50.05
19,3.51,32.68,-0.25,50.08
19,3.61,33.47,-0.27,50.11
19,3.71,34.25,-0.28,49.95
19,3.81,35.02,-0.29,49.81
19,3.91,35.79,-0.31,50.04
19,4.01,36.55,-0.32,49.93
19,4.11,37.3,-0.33,49.99
19,4.21,38.05,-0.35,50.01
19,4.31,38.79,-0.36,50.06
19,4.41,39.53,-0.38,50.09
19,4.51,40.26,-0.39,50.12
19,4.61,40.98,-0.41,50.13
19,4.71,41.7,-0.43,50.01
19,4.81,42.42,-0.44,49.83
19,4.91,43.12,-0.46,49.94
19,5.01,43.82,-0.48,50.14
19,5.11,44.52,-0.49,50.01
19,5.21,45.21,-0.51,50.22
19,5.31,45.89,-0.53,49.96
19,5.41,46.57,-0.54,50.23
19,5.51,47.25,-0.56,50.0
19,5.61,47.92,-0.58,49.96
19,5.71,48.58,-0.6,49.93
19,5.81,49.24,-0.62,50.07
19,5.91,49.89,-0.63,49.86
19,6.01,50.54,-0.65,49.95
19,6.11,51.19,-0.67,49.99
19,6.21,51.83,-0.69,49.77
19,6.31,52.46,-0.71,49.99
19,6.41,53.09,-0.73,50.17
19,6.51,53.71,-0.75,50.04
19,6.61,54.33,-0.77,49.93
19,6.71,54.95,-0.79,49.95
19,6.81,55.56,-0.81,50.03
19,6.91,56.17,-0.83,49.95
19,7.01,56.77,-0.85,50.05
19,7.11,57.37,-0.87,49.95
19,7.21,57.96,-0.89,49.9
19,7.31,58.55,-0.91,50.12
19,7.41,59.14,-0.93,50.07
19,7.51,59.72,-0.96,49.81
19,7.61,60.29,-0.98,49.97
19,7.71,60.87,-1.0,50.1
19,7.81,61.44,-1.02,49.98
19,7.91,62.0,-1.04,49.94
19,8.01,62.56,-1.06,49.97
19,8.11,63.12,-1.09,50.01
19,8.21,63.67,-1.11,49.98
19,8.31,64.22,-1.13,49.99
19,8.41,64.77,-1.16,49.99
19,8.51,65.31,-1.18,49.9
19,8.61,65.85,-1.2,49.9
19,8.71,66.38,-1.22,49.89
19,8.81,66.91,-1.25,50.01
19,8.91,67.44,-1.27,50.06
19,9.02,67.96,-1.3,49.91
19,9.12,68.48,-1.32,49.85
19,9.22,69.0,-1.34,49.91
19,9.32,69.51,-1.37,50.14
19,9.42,70.02,-1.39,49.97
19,9.52,70.53,-1.42,49.98
19,9.62,71.03,-1.44,49.92
19,9.72,71.53,-1.47,50.06
19,9.82,72.02,-1.49,49.99
19,9.92,72.52,-1.51,49.93
19,10.02,73.01,-1.54,49.9
19,10.12,73.49,-1.57,50.04
19,10.22,73.98,-1.59,50.03
19,10.32,74.46,-1.62,49.88
19,10.42,74.93,-1.64,50.12
19,10.52,75.41,-1.67,49.94
19,10.62,75.88,-1.69,49.78
19,10.72,76.35,-1.72,50.15
19,10.82,76.81,-1.75,49.99
19,10.92,77.28,-1.77,50.04
19,11.02,77.73,-1.8,50.17
19,11.12,78.19,-1.82,49.9
19,11.22,78.64,-1.85,50.05
19,11.32,79.1,-1.88,50.12
19,11.42,79.54,-1.9,49.91
19,11.52,79.99,-1.93,50.15
19,11.62,80.43,-1.96,49.86
19,11.72,80.87,-1.98,49.99
19,11.82,81.31,-2.01,49.89
19,11.92,81.74,-2.04,50.07
19,12.02,82.17,-2.07,49.9
19,12.12,82.6,-2.09,49.94
19,12.22,83.03,-2.12,49.91
19,12.32,83.45,-2.15,49.88
19,12.42,83.87,-2.18,49.92
19,12.52,84.29,-2.21,50.0
19,12.62,84.71,-2.23,49.99
19,12.72,85.12,-2.26,49.98
19,12.82,85.53,-2.29,49.93
19,12.92,85.94,-2.32,49.96
19,13.02,86.34,-2.35,49.84
19,13.12,86.75,-2.38,49.93
19,13.22,87.15,-2.4,49.98
19,13.32,87.55,-2.43,50.03
19,13.42,87.94,-2.46,50.02
19,13.52,88.34,-2.49,49.88
19,13.62,88.73,-2.52,50.04
19,13.72,89.12,-2.55,50.01
19,13.82,89.5,-2.58,50.14
19,13.92,89.89,-2.61,49.85
19,14.02,90.27,-2.64,49.99
19,14.12,90.65,-2.67,50.1
19,14.22,91.03,-2.7,49.97
19,14.32,91.41,-2.73,49.91
19,14.42,91.78,-2.75,49.92
19,14.52,92.15,-2.78,50.08
19,14.62,92.52,-2.81,49.85
19,14.72,92.89,-2.84,49.97
19,14.82,93.25,-2.87,49.91
19,14.92,93.61,-2.9,49.92
19,15.03,93.98,-2.94,50.04
19,15.13,94.33,-2.97,49.96
19,15.23,94.69,-3.0,50.02
19,15.33,95.05,-3.03,49.88
19,15.43,95.4,-3.06,50.08
19,15.53,95.75,-3.09,50.02
19,15.63,96.1,-3.12,50.12
19,15.73,96.44,-3.15,49.96
19,15.83,96.79,-3.18,50.04
19,15.93,97.13,-3.21,50.08
19,16.03,97.47,-3.24,50.04
19,16.13,97.81,-3.27,50.17
19,16.23,98.15,-3.3,49.83
19,16.33,98.48,-3.34,50.02
19,16.43,98.82,-3.37,49.96
19,16.53,99.15,-3.4,49.95
19,16.63,99.48,-3.43,50.15
19,16.73,99.81,-3.46,49.94
19,16.83,100.13,-3.49,50.09
19,16.93,100.46,-3.53,49.89
19,17.03,100.78,-3.56,50.1
19,17.13,101.1,-3.59,50.0
19,17.23,101.42,-3.62,49.97
19,17.33,101.73,-3.65,49.85
19,17.43,102.05,-3.69,49.97
19,17.53,102.36,-3.72,49.93
19,17.63,102.68,-3.75,50.17
19,17.73,102.99,-3.78,50.01
19,17.83,103.29,-3.81,49.94
19,17.93,103.6,-3.85,49.94
19,18.03,103.91,-3.88,49.86
19,18.13,104.21,-3.91,50.15
19,18.23,104.51,-3.94,50.13
19,18.33,104.81,-3.98,49.99
19,18.43,105.11,-4.01,50.22
19,18.53,105.41,-4.04,50.0
19,18.63,105.7,-4.08,50.11
19,18.73,106.0,-4.11,50.06
19,18.83,106.29,-4.14,49.94
19,18.93,106.58,-4.17,50.02
19,19.03,106.87,-4.21,50.04
19,19.13,107.15,-4.24,49.87
19,19.23,107.44,-4.27,50.03
19,19.33,107.72,-4.31,50.11
19,19.43,108.01,-4.34,49.93
19,19.53,108.29,-4.37,49.98
19,19.63,108.57,-4.41,49.89
19,19.73,108.85,-4.44,49.95
19,19.83,109.12,-4.48,49.96
19,19.93,109.4,-4.51,50.16
19,20.03,109.67,-4.54,49.97
19,20.13,109.95,-4.58,49.95
19,20.23,110.22,-4.61,49.99
19,20.33,110.49,-4.64,49.83
19,20.43,110.76,-4.68,49.76
19,20.53,111.02,-4.71,49.86
19,20.63,111.29,-4.75,50.03
19,20.73,111.55,-4.78,50.0
19,20.83,111.81,-4.81,50.09
19,20.93,112.08,-4.85,49.85
19,21.04,112.34,-4.88,49.98
19,21.14,112.59,-4.92,49.84
19,21.24,112.85,-4.95,50.03
19,21.34,113.11,-4.99,49.86
19,21.44,113.36,-5.02,49.98
19,21.54,113.61,-5.06,50.02
19,21.64,113.87,-5.09,49.96
19,21.74,114.12,-5.13,49.77
19,21.84,114.37,-5.16,50.17
19,21.94,114.61,-5.19,49.95
19,22.04,114.86,-5.23,49.84
19,22.14,115.11,-5.26,50.08
19,22.24,115.35,-5.3,50.08
19,22.34,115.59,-5.33,49.97
19,22.44,115.83,-5.37,50.15
19,22.54,116.08,-5.4,49.93
19,22.64,116.31,-5.44,50.02
19,22.74,116.55,-5.47,50.05
19,22.84,116.79,-5.51,50.15
19,22.94,117.02,-5.55,49.81
19,23.04,117.26,-5.58,50.23
19,23.14,117.49,-5.62,50.12
19,23.24,117.72,-5.65,50.04
19,23.34,117.95,-5.69,49.92
19,23.44,118.18,-5.72,49.91
19,23.54,118.41,-5.76,50.03
19,23.64,118.64,-5.79,50.05
19,23.74,118.87,-5.83,50.04
19,23.84,119.09,-5.87,50.02
19,23.94,119.31,-5.9,50.04
19,24.04,119.54,-5.94,49.78
19,24.14,119.76,-5.97,49.97
19,24.24,119.98,-6.01,49.86
19,24.34,120.2,-6.04,50.0
19,24.44,120.41,-6.08,50.13
19,24.54,120.63,-6.12,49.91
19,24.64,120.85,-6.15,49.93
19,24.74,121.06,-6.19,49.92
19,24.84,121.28,-6.23,49.93
19,24.94,121.49,-6.26,50.06
19,25.04,121.7,-6.3,50.08
19,25.14,121.91,-6.33,50.15
19,25.24,122.12,-6.37,49.9
19,25.34,122.33,-6.41,50.07
19,25.44,122.54,-6.44,50.09
19,25.54,122.74,-6.48,50.17
19,25.64,122.95,-6.52,49.91
19,25.74,123.15,-6.55,49.8
19,25.84,123.35,-6.59,49.97
19,25.94,123.56,-6.63,50.28
19,26.04,123.76,-6.66,49.89
19,26.14,123.96,-6.7,50.05
19,26.24,124.16,-6.74,49.78
19,26.34,124.35,-6.77,50.18
19,26.44,124.55,-6.81,49.81
19,26.54,124.75,-6.85,49.76
19,26.64,124.94,-6.88,50.01
19,26.74,125.14,-6.92,50.01
19,26.84,125.33,-6.96,50.14
19,26.94,125.52,-6.99,50.08
19,27.05,125.71,-7.03,49.8
19,27.15,125.9,-7.07,49.98
19,27.25,126.09,-7.11,49.93
19,27.35,126.28,-7.14,49.87
19,27.45,126.47,-7.18,50.04
19,27.55,126.65,-7.22,50.1
19,27.65,126.84,-7.26,49.92
19,27.75,127.02,-7.29,49.97
19,27.85,127.21,-7.33,49.97
19,27.95,127.39,-7.37,49.93
19,28.05,127.57,-7.41,49.96
19,28.15,127.75,-7.44,49.93
19,28.25,127.93,-7.48,50.01
19,28.35,128.11,-7.52,49.94
19,28.45,128.29,-7.56,50.04
19,28.55,128.47,-7.59,49.94
19,28.65,128.64,-7.63,50.06
19,28.75,128.82,-7.67,49.94
19,28.85,128.99,-7.71,50.06
19,28.95,129.17,-7.74,49.92
19,29.05,129.34,-7.78,50.09
19,29.15,129.51,-7.82,49.82
19,29.25,129.68,-7.86,50.0
19,29.35,129.85,-7.9,49.94
19,29.45,130.02,-7.93,50.0
19,29.55,130.19,-7.97,49.88
19,29.65,130.36,-8.01,49.98
19,29.75,130.52,-8.05,49.89
19,29.85,130.69,-8.09,49.98
19,29.95,130.86,-8.12,49.97
19,30.05,131.02,-8.16,50.03
19,30.15,131.18,-8.2,50.01
19,30.25,131.35,-8.24,50.19
19,30.35,131.51,-8.28,49.95
19,30.45,131.67,-8.31,49.99
19,30.55,131.83,-8.35,50.32
19,30.65,131.99,-8.39,49.98
19,30.75,132.15,-8.43,50.1
19,30.85,132.31,-8.47,50.06
19,30.95,132.46,-8.51,50.23
19,31.05,132.62,-8.55,49.86
19,31.15,132.77,-8.58,49.85
19,31.25,132.93,-8.62,49.89
19,31.35,133.08,-8.66,50.02
19,31.45,133.24,-8.7,49.9
19,31.55,133.39,-8.74,49.79
19,31.65,133.54,-8.78,49.91
19,31.75,133.69,-8.82,50.04
19,31.85,133.84,-8.85,49.91
19,31.95,133.99,-8.89,50.11
19,32.05,134.14,-8.93,49.89
19,32.15,134.29,-8.97,50.0
19,32.25,134.43,-9.01,49.96
19,32.35,134.58,-9.05,50.02
19,32.45,134.73,-9.09,50.03
19,32.55,134.87,-9.13,50.16
19,32.65,135.01,-9.17,50.07
19,32.75,135.16,-9.2,49.96
19,32.85,135.3,-9.24,50.06
19,32.95,135.44,-9.28,50.08
19,33.06,135.58,-9.32,50.2
19,33.16,135.72,-9.36,49.98
19,33.26,135.86,-9.4,49.99
19,33.36,136.0,-9.44,50.13
19,33.46,136.14,-9.48,49.8
19,33.56,136.28,-9.52,49.98
19,33.66,136.42,-9.56,50.07
19,33.76,136.55,-9.6,50.1
19,33.86,136.69,-9.64,49.78
19,33.96,136.82,-9.67,49.87
19,34.06,136.96,-9.71,49.75
19,34.16,137.09,-9.75,50.09
19,34.26,137.22,-9.79,50.02
19,34.36,137.36,-9.83,50.14
19,34.46,137.49,-9.87,50.0
19,34.56,137.62,-9.91,50.22
19,34.66,137.75,-9.95,49.91
19,34.76,137.88,-9.99,49.96
19,34.86,138.01,-10.03,50.04
19,34.96,138.13,-10.07,49.93
19,35.06,138.26,-10.11,50.04
19,35.16,138.39,-10.15,49.99
19,35.26,138.52,-10.19,49.98
19,35.36,138.64,-10.23,49.99
19,35.46,138.77,-10.27,50.07
19,35.56,138.89,-10.31,49.97
19,35.66,139.01,-10.35,49.89
19,35.76,139.14,-10.39,50.01
19,35.86,139.26,-10.43,49.94
19,35.96,139.38,-10.47,49.9
19,36.06,139.5,-10.51,49.83
19,36.16,139.62,-10.55,50.09
19,36.26,139.74,-10.59,50.07
19,36.36,139.86,-10.63,50.14
19,36.46,139.98,-10.67,50.0
19,36.56,140.1,-10.71,50.11
19,36.66,140.22,-10.75,49.91
19,36.76,140.33,-10.79,49.81
19,36.86,140.45,-10.83,49.92
19,36.96,140.56,-10.87,49.98
19,37.06,140.68,-10.91,50.04
19,37.16,140.79,-10.95,50.13
19,37.26,140.91,-10.99,50.03
19,37.36,141.02,-11.03,50.23
19,37.46,141.13,-11.07,50.01
19,37.56,141.24,-11.11,50.01
19,37.66,141.36,-11.15,50.03
19,37.76,141.47,-11.19,50.04
19,37.86,141.58,-11.23,50.04
19,37.96,141.69,-11.27,49.88
19,38.06,141.8,-11.31,50.09
19,38.16,141.9,-11.35,50.25
19,38.26,142.01,-11.39,49.91
19,38.36,142.12,-11.43,50.0
19,38.46,142.23,-11.47,49.86
19,38.56,142.33,-11.51,50.08
19,38.66,142.44,-11.55,50.08
19,38.76,142.54,-11.59,49.85
19,38.86,142.65,-11.63,49.87
19,38.96,142.75,-11.68,49.79
19,39.07,142.86,-11.72,50.16
19,39.17,142.96,-11.76,49.92
19,39.27,143.06,-11.8,49.99
19,39.37,143.16,-11.84,49.96
19,39.47,143.26,-11.88,50.1
19,39.57,143.36,-11.92,50.07
19,39.67,143.46,-11.96,50.06
19,39.77,143.56,-12.0,49.92
19,39.87,143.66,-12.04,50.07
19,39.97,143.76,-12.08,50.09
19,40.07,143.86,-12.12,50.07
19,40.17,143.96,-12.16,49.87
19,40.27,144.05,-12.21,49.89
19,40.37,144.15,-12.25,50.17
19,40.47,144.25,-12.29,50.19
19,40.57,144.34,-12.33,49.99
19,40.67,144.44,-12.37,49.99
19,40.77,144.53,-12.41,50.02
19,40.87,144.62,-12.45,50.06
19,40.97,144.72,-12.49,49.86
19,41.07,144.81,-12.53,50.02
19,41.17,144.9,-12.57,49.9
19,41.27,144.99,-12.62,50.0
19,41.37,145.08,-12.66,49.91
19,41.47,145.18,-12.7,49.94
19,41.57,145.27,-12.74,50.02
19,41.67,145.36,-12.78,49.94
19,41.77,145.44,-12.82,49.89
19,41.87,145.53,-12.86,50.15
19,41.97,145.62,-12.9,49.89
19,42.07,145.71,-12.94,49.77
19,42.17,145.8,-12.99,50.06
19,42.27,145.88,-13.03,49.97
19,42.37,145.97,-13.07,50.0
19,42.47,146.06,-13.11,50.02
19,42.57,146.14,-13.15,50.13
19,42.67,146.23,-13.19,50.19
19,42.77,146.31,-13.23,50.03
19,42.87,146.39,-13.28,49.88
19,42.97,146.48,-13.32,50.01
19,43.07,146.56,-13.36,50.06
19,43.17,146.64,-13.4,50.1
19,43.27,146.72,-13.44,50.01
19,43.37,146.81,-13.48,49.94
19,43.47,146.89,-13.52,49.91
19,43.57,146.97,-13.57,49.99
19,43.67,147.05,-13.61,49.85
19,43.77,147.13,-13.65,50.04
19,43.87,147.21,-13.69,50.02
19,43.97,147.28,-13.73,50.02
19,44.07,147.36,-13.77,50.07
19,44.17,147.44,-13.82,50.15
19,44.27,147.52,-13.86,49.99
19,44.37,147.59,-13.9,50.01
19,44.47,147.67,-13.94,49.96
19,44.57,147.75,-13.98,50.06
19,44.67,147.82,-14.02,50.0
19,44.77,147.9,-14.07,50.12
19,44.87,147.97,-14.11,50.11
19,44.97,148.05,-14.15,50.03
19,45.08,148.12,-14.19,49.99
19,45.18,148.19,-14.23,49.97
19,45.28,148.27,-14.27,50.05
19,45.38,148.34,-14.32,50.05
19,45.48,148.41,-14.36,49.97
19,45.58,148.48,-14.4,50.03
19,45.68,148.55,-14.44,49.92
19,45.78,148.62,-14.48,50.05
19,45.88,148.69,-14.53,49.93
19,45.98,148.76,-14.57,50.08
19,46.08,148.83,-14.61,49.97
19,46.18,148.9,-14.65,50.17
19,46.28,148.97,-14.69,50.0
19,46.38,149.04,-14.74,50.02
19,46.48,149.11,-14.78,49.86
19,46.58,149.17,-14.82,50.14
19,46.68,149.24,-14.86,50.0
19,46.78,149.31,-14.9,50.17
19,46.88,149.37,-14.95,50.0
19,46.98,149.44,-14.99,49.98
19,47.08,149.5,-15.03,49.95
19,47.18,149.57,-15.07,50.06
19,47.28,149.63,-15.12,50.05
19,47.38,149.7,-15.16,49.87
19,47.48,149.76,-15.2,49.94
19,47.58,149.82,-15.24,50.07
19,47.68,149.89,-15.28,49.94
19,47.78,149.95,-15.33,49.92
19,47.88,150.01,-15.37,50.02
19,47.98,150.07,-15.41,50.01
19,48.08,150.13,-15.45,49.95
19,48.18,150.19,-15.5,50.18
19,48.28,150.25,-15.54,49.99
19,48.38,150.31,-15.58,49.87
19,48.48,150.37,-15.62,49.84
19,48.58,150.43,-15.67,50.1
19,48.68,150.49,-15.71,49.89
19,48.78,150.55,-15.75,50.0
19,48.88,150.61,-15.79,49.91
19,48.98,150.67,-15.84,49.99
19,49.08,150.72,-15.88,50.03
19,49.18,150.78,-15.92,49.86
19,49.28,150.84,-15.96,49.95
19,49.38,150.89,-16.01,49.93
19,49.48,150.95,-16.05,49.9
19,49.58,151.0,-16.09,49.96
19,49.68,151.06,-16.13,49.94
19,49.78,151.11,-16.18,50.09
19,49.88,151.17,-16.22,49.93
19,49.98,151.22,-16.26,50.05
19,50.08,151.27,-16.3,50.04
19,50.18,151.33,-16.35,49.85
19,50.28,151.38,-16.39,49.95
19,50.38,151.43,-16.43,49.99
19,50.48,151.48,-16.47,50.03
19,50.58,151.54,-16.52,49.98
19,50.68,151.59,-16.56,50.1
19,50.78,151.64,-16.6,50.01
19,50.88,151.69,-16.65,50.04
19,50.98,151.74,-16.69,49.94
19,51.09,151.79,-16.73,50.05
19,51.19,151.84,-16.77,50.19
19,51.29,151.89,-16.82,50.05
19,51.39,151.94,-16.86,50.11
19,51.49,151.98,-16.9,49.97
19,51.59,152.03,-16.94,50.09
19,51.69,152.08,-16.99,50.1
19,51.79,152.13,-17.03,50.02
19,51.89,152.17,-17.07,49.99
19,51.99,152.22,-17.12,49.85
19,52.09,152.27,-17.16,50.0
19,52.19,152.31,-17.2,50.06
19,52.29,152.36,-17.25,49.92
19,52.39,152.4,-17.29,49.87
19,52.49,152.45,-17.33,50.01
19,52.59,152.49,-17.37,50.02
19,52.69,152.54,-17.42,49.87
19,52.79,152.58,-17.46,50.0
19,52.89,152.62,-17.5,50.03
19,52.99,152.67,-17.55,50.13
19,53.09,152.71,-17.59,49.95
19,53.19,152.75,-17.63,50.21
19,53.29,152.8,-17.68,50.01
19,53.39,152.84,-17.72,49.88
19,53.49,152.88,-17.76,49.97
19,53.59,152.92,-17.8,49.89
19,53.69,152.96,-17.85,49.98
19,53.79,153.0,-17.89,50.05
19,53.89,153.04,-17.93,50.03
19,53.99,153.08,-17.98,49.89
19,54.09,153.12,-18.02,49.87
19,54.19,153.16,-18.06,50.04
19,54.29,153.2,-18.11,50.06
19,54.39,153.24,-18.15,49.95
19,54.49,153.28,-18.19,49.75
19,54.59,153.31,-18.24,49.88
19,54.69,153.35,-18.28,50.1
19,54.79,153.39,-18.32,49.93
19,54.89,153.42,-18.37,49.97
19,54.99,153.46,-18.41,50.06
19,55.09,153.5,-18.45,49.97
19,55.19,153.53,-18.5,50.14
19,55.29,153.57,-18.54,49.96
19,55.39,153.6,-18.58,49.91
19,55.49,153.64,-18.63,50.12
19,55.59,153.67,-18.67,50.0
19,55.69,153.71,-18.71,49.89
19,55.79,153.74,-18.76,50.05
19,55.89,153.78,-18.8,49.97
19,55.99,153.81,-18.84,49.89
19,56.09,153.84,-18.89,50.01
19,56.19,153.88,-18.93,49.98
19,56.29,153.91,-18.97,49.83
19,56.39,153.94,-19.02,49.89
19,56.49,153.97,-19.06,50.19
19,56.59,154.0,-19.1,50.01
19,56.69,154.04,-19.15,50.13
19,56.79,154.07,-19.19,50.03
19,56.89,154.1,-19.24,50.12
19,56.99,154.13,-19.28,50.06
19,57.1,154.16,-19.32,49.91
19,57.2,154.19,-19.37,50.06
19,57.3,154.22,-19.41,49.9
19,57.4,154.25,-19.45,50.09
19,57.5,154.28,-19.5,50.02
19,57.6,154.3,-19.54,50.0
19,57.7,154.33,-19.58,49.96
19,57.8,154.36,-19.63,50.08
19,57.9,154.39,-19.67,49.98
19,58.0,154.42,-19.72,49.81
19,58.1,154.44,-19.76,49.83
19,58.2,154.47,-19.8,49.87
19,58.3,154.5,-19.85,50.08
19,58.4,154.52,-19.89,50.09
19,58.5,154.55,-19.93,50.03
19,58.6,154.57,-19.98,50.03
19,58.7,154.6,-20.02,50.14
19,58.8,154.63,-20.06,50.03
19,58.9,154.65,-20.11,50.06
19,59.0,154.67,-20.15,50.0
19,59.1,154.7,-20.2,49.95
19,59.2,154.72,-20.24,49.97
19,59.3,154.75,-20.28,50.21
19,59.4,154.77,-20.33,49.89
19,59.5,154.79,-20.37,50.03
19,59.6,154.82,-20.42,49.85
19,59.7,154.84,-20.46,49.94
19,59.8,154.86,-20.5,50.08
19,59.9,154.88,-20.55,49.82
19,60.0,154.91,-20.59,50.09
20,0.0,0.0,0.0,0.0
20,0.1,1.02,0.01,50.13
20,0.2,2.02,0.02,50.02
20,0.3,3.02,0.03,50.07
20,0.4,3.99,0.05,50.05
20,0.5,4.96,0.07,49.95
20,0.6,5.92,0.1,49.94
20,0.7,6.86,0.14,50.12
20,0.8,7.79,0.17,50.0
20,0.9,8.71,0.22,49.99
20,1.0,9.62,0.26,49.98
20,1.1,10.52,0.31,50.03
20,1.2,11.4,0.37,49.88
20,1.3,12.28,0.43,49.98
20,1.4,13.14,0.49,50.03
20,1.5,14.0,0.56,49.87
20,1.6,14.84,0.63,50.02
20,1.7,15.67,0.7,49.91
20,1.8,16.5,0.78,50.03
20,1.9,17.31,0.87,50.22
20,2.0,18.12,0.95,49.99
20,2.1,18.91,1.04,49.89
20,2.2,19.7,1.13,50.02
20,2.3,20.47,1.23,50.05
20,2.4,21.24,1.33,49.91
20,2.5,22.0,1.43,49.83
20,2.6,22.75,1.54,49.91
20,2.7,23.49,1.65,50.0
20,2.8,24.22,1.76,49.95
20,2.9,24.95,1.88,50.11
20,3.01,25.66,2.0,50.05
20,3.11,26.37,2.12,50.01
20,3.21,27.07,2.25,49.83
20,3.31,27.76,2.37,50.06
20,3.41,28.45,2.51,50.2
20,3.51,29.13,2.64,50.09
20,3.61,29.8,2.78,49.93
20,3.71,30.46,2.92,49.99
20,3.81,31.11,3.06,50.05
20,3.91,31.76,3.2,50.14
20,4.01,32.4,3.35,49.93
20,4.11,33.03,3.5,49.95
20,4.21,33.66,3.66,50.0
20,4.31,34.28,3.81,49.99
20,4.41,34.89,3.97,50.08
20,4.51,35.5,4.13,50.03
20,4.61,36.1,4.3,49.86
20,4.71,36.69,4.46,49.93
20,4.81,37.27,4.63,49.94
20,4.91,37.85,4.8,49.78
20,5.01,38.43,4.97,50.09
20,5.11,39.0,5.15,50.01
20,5.21,39.56,5.33,49.95
20,5.31,40.11,5.51,50.09
20,5.41,40.66,5.69,50.03
20,5.51,41.21,5.87,49.87
20,5.61,41.74,6.06,50.06
20,5.71,42.28,6.25,50.14
20,5.81,42.8,6.44,49.99
20,5.91,43.32,6.63,49.99
20,6.01,43.84,6.83,50.01
20,6.11,44.35,7.03,49.88
20,6.21,44.85,7.23,50.01
20,6.31,45.35,7.43,49.91
20,6.41,45.85,7.63,50.0
20,6.51,46.34,7.84,50.02
20,6.61,46.82,8.04,50.05
20,6.71,47.3,8.25,50.06
20,6.81,47.77,8.46,49.91
20,6.91,48.24,8.68,50.02
20,7.01,48.7,8.89,50.1
20,7.11,49.16,9.11,49.88
20,7.21,49.62,9.33,50.17
20,7.31,50.07,9.55,49.9
20,7.41,50.51,9.77,50.16
20,7.51,50.95,9.99,49.9
20,7.61,51.39,10.22,49.99
20,7.71,51.82,10.45,49.98
20,7.81,52.25,10.67,49.86
20,7.91,52.67,10.9,50.07
20,8.01,53.08,11.14,50.07
20,8.11,53.5,11.37,50.06
20,8.21,53.91,11.61,49.98
20,8.31,54.31,11.84,49.93
20,8.41,54.71,12.08,50.11
20,8.51,55.11,12.32,50.02
20,8.61,55.5,12.56,49.92
20,8.71,55.89,12.81,50.02
20,8.81,56.27,13.05,49.83
20,8.91,56.65,13.3,50.01
20,9.02,57.03,13.55,50.07
20,9.12,57.4,13.8,49.98
20,9.22,57.77,14.05,50.07
20,9.32,58.14,14.3,50.08
20,9.42,58.5,14.55,50.03
20,9.52,58.85,14.81,50.18
20,9.62,59.21,15.07,50.14
20,9.72,59.56,15.32,50.06
20,9.82,59.9,15.58,50.04
20,9.92,60.25,15.84,49.97
20,10.02,60.58,16.11,49.94
20,10.12,60.92,16.37,50.08
20,10.22,61.25,16.63,49.98
20,10.32,61.58,16.9,49.9
20,10.42,61.91,17.17,49.92
20,10.52,62.23,17.44,49.93
20,10.62,62.55,17.71,50.18
20,10.72,62.86,17.98,50.08
20,10.82,63.17,18.25,50.0
20,10.92,63.48,18.52,50.04
20,11.02,63.79,18.8,50.05
20,11.12,64.09,19.07,49.91
20,11.22,64.39,19.35,49.88
20,11.32,64.68,19.63,50.11
20,11.42,64.97,19.91,49.87
20,11.52,65.26,20.19,50.0
20,11.62,65.55,20.47,49.93
20,11.72,65.83,20.75,50.02
20,11.82,66.11,21.04,49.97
20,11.92,66.39,21.32,50.05
20,12.02,66.66,21.61,49.77
20,12.12,66.93,21.9,50.11
20,12.22,67.2,22.19,50.07
20,12.32,67.47,22.48,50.1
20,12.42,67.73,22.77,50.09
20,12.52,67.99,23.06,50.03
20,12.62,68.25,23.35,49.94
20,12.72,68.5,23.65,50.04
20,12.82,68.75,23.94,50.03
20,12.92,69.0,24.24,50.09
20,13.02,69.25,24.54,50.06
20,13.12,69.49,24.83,50.01
20,13.22,69.73,25.13,50.04
20,13.32,69.97,25.43,50.05
20,13.42,70.2,25.74,50.11
20,13.52,70.44,26.04,50.17
20,13.62,70.67,26.34,50.06
20,13.72,70.89,26.65,50.05
20,13.82,71.12,26.95,49.98
20,13.92,71.34,27.26,49.97
20,14.02,71.56,27.56,49.93
20,14.12,71.78,27.87,49.68
20,14.22,71.99,28.18,49.92
20,14.32,72.21,28.49,49.98
20,14.42,72.42,28.8,49.97
20,14.52,72.62,29.11,50.05
20,14.62,72.83,29.43,49.92
20,14.72,73.03,29.74,49.92
20,14.82,73.23,30.05,49.79
20,14.92,73.43,30.37,50.05
20,15.03,73.63,30.68,49.91
20,15.13,73.82,31.0,49.93
20,15.23,74.01,31.32,50.06
20,15.33,74.2,31.64,49.91
20,15.43,74.39,31.96,50.04
20,15.53,74.57,32.28,49.88
20,15.63,74.76,32.6,50.0
20,15.73,74.94,32.92,49.94
20,15.83,75.11,33.24,49.97
20,15.93,75.29,33.57,50.15
20,16.03,75.46,33.89,49.84
20,16.13,75.64,34.22,50.14
20,16.23,75.8,34.54,49.91
20,16.33,75.97,34.87,50.09
20,16.43,76.14,35.2,50.11
20,16.53,76.3,35.53,50.04
20,16.63,76.46,35.86,49.88
20,16.73,76.62,36.19,50.03
20,16.83,76.78,36.52,50.26
20,16.93,76.93,36.85,50.0
20,17.03,77.09,37.18,49.99
20,17.13,77.24,37.51,49.98
20,17.23,77.39,37.85,50.05
20,17.33,77.54,38.18,49.99
20,17.43,77.68,38.52,50.03
20,17.53,77.82,38.85,49.97
20,17.63,77.97,39.19,49.9
20,17.73,78.11,39.53,50.23
20,17.83,78.24,39.87,49.99
20,17.93,78.38,40.2,50.32
20,18.03,78.51,40.54,50.04
20,18.13,78.65,40.88,50.06
20,18.23,78.78,41.23,49.97
20,18.33,78.91,41.57,49.94
20,18.43,79.03,41.91,49.97
20,18.53,79.16,42.25,49.92
20,18.63,79.28,42.6,49.91
20,18.73,79.4,42.94,50.18
20,18.83,79.52,43.29,50.08
20,18.93,79.64,43.63,50.15
20,19.03,79.76,43.98,50.11
20,19.13,79.87,44.32,49.94
20,19.23,79.98,44.67,49.85
20,19.33,80.1,45.02,49.95
20,19.43,80.2,45.37,50.01
20,19.53,80.31,45.72,50.11
20,19.63,80.42,46.07,49.99
20,19.73,80.52,46.42,50.3
20,19.83,80.63,46.77,49.96
20,19.93,80.73,47.12,50.06
20,20.03,80.83,47.47,49.94
20,20.13,80.93,47.83,50.04
20,20.23,81.02,48.18,49.99
20,20.33,81.12,48.54,49.98
20,20.43,81.21,48.89,49.94
20,20.53,81.3,49.25,50.01
20,20.63,81.39,49.6,50.08
20,20.73,81.48,49.96,49.9
20,20.83,81.57,50.32,50.0
20,20.93,81.65,50.67,50.05
20,21.04,81.74,51.03,50.07
20,21.14,81.82,51.39,50.19
20,21.24,81.9,51.75,50.06
20,21.34,81.98,52.11,49.96
20,21.44,82.06,52.47,49.94
20,21.54,82.14,52.83,49.94
20,21.64,82.21,53.2,49.94
20,21.74,82.29,53.56,50.02
20,21.84,82.36,53.92,50.04
20,21.94,82.43,54.28,50.08
20,22.04,82.5,54.65,50.07
20,22.14,82.57,55.01,50.12
20,22.24,82.63,55.38,49.93
20,22.34,82.7,55.74,50.16
20,22.44,82.76,56.11,49.94
20,22.54,82.82,56.48,50.03
20,22.64,82.89,56.84,49.98
20,22.74,82.94,57.21,50.0
20,22.84,83.0,57.58,50.07
20,22.94,83.06,57.95,49.86
20,23.04,83.12,58.32,49.92
20,23.14,83.17,58.69,50.07
20,23.24,83.22,59.06,50.0
20,23.34,83.28,59.43,49.97
20,23.44,83.33,59.8,49.89
20,23.54,83.37,60.17,49.98
20,23.64,83.42,60.54,50.07
20,23.74,83.47,60.92,49.94
20,23.84,83.51,61.29,50.14
20,23.94,83.56,61.66,50.11
20,24.04,83.6,62.04,49.96
20,24.14,83.64,62.41,49.94
20,24.24,83.68,62.79,49.72
20,24.34,83.72,63.16,49.89
20,24.44,83.76,63.54,49.89
20,24.54,83.8,63.91,49.86
20,24.64,83.83,64.29,50.0
20,24.74,83.87,64.67,50.03
20,24.84,83.9,65.05,50.18
20,24.94,83.93,65.43,50.01
20,25.04,83.96,65.8,49.8
20,25.14,83.99,66.18,49.93
20,25.24,84.02,66.56,50.06
20,25.34,84.04,66.94,49.99
20,25.44,84.07,67.32,50.09
20,25.54,84.1,67.7,49.95
20,25.64,84.12,68.09,50.12
20,25.74,84.14,68.47,50.02
20,25.84,84.16,68.85,50.03
20,25.94,84.18,69.23,50.01
20,26.04,84.2,69.62,49.92
20,26.14,84.22,70.0,49.99
20,26.24,84.24,70.38,50.03
20,26.34,84.25,70.77,49.86
20,26.44,84.27,71.15,50.01
20,26.54,84.28,71.54,50.12
20,26.64,84.29,71.92,50.04
20,26.74,84.3,72.31,50.14
20,26.84,84.31,72.7,50.04
20,26.94,84.32,73.08,49.91
20,27.05,84.33,73.47,50.08
20,27.15,84.34,73.86,49.89
20,27.25,84.34,74.25,49.98
20,27.35,84.35,74.63,49.97
20,27.45,84.35,75.02,49.93
20,27.55,84.35,75.41,50.24
20,27.65,84.35,75.8,49.99
20,27.75,84.36,76.19,50.18
20,27.85,84.36,76.58,50.03
20,27.95,84.35,76.97,49.92
20,28.05,84.35,77.36,49.96
20,28.15,84.35,77.76,50.0
20,28.25,84.34,78.15,49.97
20,28.35,84.34,78.54,49.97
20,28.45,84.33,78.93,50.06
20,28.55,84.32,79.33,50.04
20,28.65,84.32,79.72,50.07
20,28.75,84.31,80.11,50.15
20,28.85,84.3,80.51,49.95
20,28.95,84.28,80.9,50.11
20,29.05,84.27,81.3,50.14
20,29.15,84.26,81.69,50.13
20,29.25,84.24,82.09,49.82
20,29.35,84.23,82.48,50.18
20,29.45,84.21,82.88,49.94
20,29.55,84.2,83.28,49.82
20,29.65,84.18,83.67,50.18
20,29.75,84.16,84.07,50.05
20,29.85,84.14,84.47,50.06
20,29.95,84.12,84.87,49.97
20,30.05,84.1,85.27,50.02
20,30.15,84.07,85.67,49.99
20,30.25,84.05,86.06,49.94
20,30.35,84.03,86.46,50.0
20,30.45,84.0,86.86,50.01
20,30.55,83.97,87.26,49.87
20,30.65,83.95,87.66,50.01
20,30.75,83.92,88.07,49.82
20,30.85,83.89,88.47,50.19
20,30.95,83.86,88.87,49.99
20,31.05,83.83,89.27,49.89
20,31.15,83.8,89.67,50.05
20,31.25,83.77,90.08,49.93
20,31.35,83.73,90.48,50.0
20,31.45,83.7,90.88,50.05
20,31.55,83.66,91.28,49.9
20,31.65,83.63,91.69,50.19
20,31.75,83.59,92.09,50.2
20,31.85,83.55,92.5,49.95
20,31.95,83.52,92.9,49.89
20,32.05,83.48,93.31,49.95
20,32.15,83.44,93.71,49.95
20,32.25,83.4,94.12,50.11
20,32.35,83.35,94.52,49.95
20,32.45,83.31,94.93,49.88
20,32.55,83.27,95.34,50.01
20,32.65,83.22,95.74,49.85
20,32.75,83.18,96.15,50.11
20,32.85,83.13,96.56,50.06
20,32.95,83.09,96.97,49.94
20,33.06,83.04,97.38,49.95
20,33.16,82.99,97.78,50.02
20,33.26,82.94,98.19,49.89
20,33.36,82.89,98.6,49.92
20,33.46,82.84,99.01,49.98
20,33.56,82.79,99.42,49.87
20,33.66,82.74,99.83,49.95
20,33.76,82.69,100.24,49.89
20,33.86,82.63,100.65,50.14
20,33.96,82.58,101.06,49.96
20,34.06,82.52,101.47,49.91
20,34.16,82.47,101.88,50.07
20,34.26,82.41,102.3,49.94
20,34.36,82.36,102.71,49.89
20,34.46,82.3,103.12,50.09
20,34.56,82.24,103.53,49.97
20,34.66,82.18,103.95,50.08
20,34.76,82.12,104.36,50.0
20,34.86,82.06,104.77,50.01
20,34.96,82.0,105.19,50.06
20,35.06,81.93,105.6,49.94
20,35.16,81.87,106.01,49.92
20,35.26,81.81,106.43,50.12
20,35.36,81.74,106.84,50.06
20,35.46,81.68,107.26,49.99
20,35.56,81.61,107.67,50.08
20,35.66,81.54,108.09,50.05
20,35.76,81.48,108.5,50.09
20,35.86,81.41,108.92,49.89
20,35.96,81.34,109.34,49.99
20,36.06,81.27,109.75,50.11
20,36.16,81.2,110.17,50.17
20,36.26,81.13,110.59,49.95
20,36.36,81.06,111.01,50.02
20,36.46,80.98,111.42,50.0
20,36.56,80.91,111.84,49.88
20,36.66,80.84,112.26,49.97
20,36.76,80.76,112.68,49.84
20,36.86,80.69,113.1,49.98
20,36.96,80.61,113.51,49.9
20,37.06,80.54,113.93,50.02
20,37.16,80.46,114.35,49.97
20,37.26,80.38,114.77,49.97
20,37.36,80.3,115.19,50.16
20,37.46,80.22,115.61,50.01
20,37.56,80.15,116.03,50.19
20,37.66,80.06,116.45,50.04
20,37.76,79.98,116.88,50.08
20,37.86,79.9,117.3,49.91
20,37.96,79.82,117.72,49.93
20,38.06,79.74,118.14,50.0
20,38.16,79.65,118.56,50.12
20,38.26,79.57,118.98,49.96
20,38.36,79.48,119.41,49.86
20,38.46,79.4,119.83,50.04
20,38.56,79.31,120.25,50.01
20,38.66,79.23,120.67,49.94
20,38.76,79.14,121.1,49.96
20,38.86,79.05,121.52,49.91
20,38.96,78.96,121.95,50.09
20,39.07,78.87,122.37,50.0
20,39.17,78.78,122.79,50.02
20,39.27,78.69,123.22,49.94
20,39.37,78.6,123.64,50.13
20,39.47,78.51,124.07,50.02
20,39.57,78.42,124.49,49.79
20,39.67,78.33,124.92,50.05
20,39.77,78.23,125.34,49.97
20,39.87,78.14,125.77,49.98
20,39.97,78.04,126.2,50.1
20,40.07,77.95,126.62,50.01
20,40.17,77.85,127.05,50.17
20,40.27,77.76,127.48,50.01
20,40.37,77.66,127.9,49.95
20,40.47,77.56,128.33,49.82
20,40.57,77.46,128.76,49.93
20,40.67,77.37,129.18,49.97
20,40.77,77.27,129.61,50.15
20,40.87,77.17,130.04,49.95
20,40.97,77.07,130.47,50.16
20,41.07,76.97,130.9,49.89
20,41.17,76.86,131.33,49.92
20,41.27,76.76,131.75,50.11
20,41.37,76.66,132.18,49.94
20,41.47,76.56,132.61,50.11
20,41.57,76.45,133.04,49.92
20,41.67,76.35,133.47,49.93
20,41.77,76.24,133.9,50.06
20,41.87,76.14,134.33,49.92
20,41.97,76.03,134.76,49.97
20,42.07,75.93,135.19,50.04
20,42.17,75.82,135.62,49.97
20,42.27,75.71,136.06,49.94
20,42.37,75.6,136.49,49.88
20,42.47,75.49,136.92,50.14
20,42.57,75.39,137.35,50.16
20,42.67,75.28,137.78,50.03
20,42.77,75.17,138.21,49.98
20,42.87,75.05,138.65,49.98
20,42.97,74.94,139.08,50.08
20,43.07,74.83,139.51,50.1
20,43.17,74.72,139.94,49.95
20,43.27,74.61,140.38,50.11
20,43.37,74.49,140.81,50.06
20,43.47,74.38,141.24,50.11
20,43.57,74.26,141.68,49.84
20,43.67,74.15,142.11,49.96
20,43.77,74.03,142.54,49.98
20,43.87,73.92,142.98,49.95
20,43.97,73.8,143.41,50.19
20,44.07,73.68,143.85,49.96
20,44.17,73.57,144.28,50.05
20,44.27,73.45,144.72,50.02
20,44.37,73.33,145.15,49.97
20,44.47,73.21,145.59,49.93
20,44.57,73.09,146.02,50.21
20,44.67,72.97,146.46,49.98
20,44.77,72.85,146.89,50.09
20,44.87,72.73,147.33,50.0
20,44.97,72.61,147.77,49.95
20,45.08,72.49,148.2,50.01
20,45.18,72.36,148.64,50.03
20,45.28,72.24,149.08,49.95
20,45.38,72.12,149.51,49.92
20,45.48,71.99,149.95,50.05
20,45.58,71.87,150.39,50.01
20,45.68,71.74,150.83,49.93
20,45.78,71.62,151.26,49.91
20,45.88,71.49,151.7,50.03
20,45.98,71.37,152.14,49.81
20,46.08,71.24,152.58,49.97
20,46.18,71.11,153.02,50.01
20,46.28,70.99,153.45,50.17
20,46.38,70.86,153.89,50.0
20,46.48,70.73,154.33,49.97
20,46.58,70.6,154.77,50.03
20,46.68,70.47,155.21,49.93
20,46.78,70.34,155.65,49.98
20,46.88,70.21,156.09,50.0
20,46.98,70.08,156.53,50.06
20,47.08,69.95,156.97,49.93
20,47.18,69.82,157.41,50.0
20,47.28,69.68,157.85,49.82
20,47.38,69.55,158.29,50.05
20,47.48,69.42,158.73,49.98
20,47.58,69.28,159.17,50.19
20,47.68,69.15,159.61,50.04
20,47.78,69.01,160.05,49.91
20,47.88,68.88,160.5,49.89
20,47.98,68.74,160.94,50.07
20,48.08,68.61,161.38,50.18
20,48.18,68.47,161.82,50.15
20,48.28,68.34,162.26,49.88
20,48.38,68.2,162.71,50.02
20,48.48,68.06,163.15,50.11
20,48.58,67.92,163.59,49.87
20,48.68,67.78,164.03,50.1
20,48.78,67.64,164.48,49.93
20,48.88,67.51,164.92,49.98
20,48.98,67.37,165.36,50.03
20,49.08,67.23,165.81,50.11
20,49.18,67.08,166.25,50.15
20,49.28,66.94,166.69,49.97
20,49.38,66.8,167.14,49.95
20,49.48,66.66,167.58,49.95
20,49.58,66.52,168.02,50.08
20,49.68,66.38,168.47,50.1
20,49.78,66.23,168.91,50.09
20,49.88,66.09,169.36,50.03
20,49.98,65.94,169.8,50.04
20,50.08,65.8,170.25,49.98
20,50.18,65.66,170.69,49.99
20,50.28,65.51,171.14,50.09
20,50.38,65.36,171.58,50.03
20,50.48,65.22,172.03,49.95
20,50.58,65.07,172.47,50.11
20,50.68,64.93,172.92,49.94
20,50.78,64.78,173.37,50.01
20,50.88,64.63,173.81,49.88
20,50.98,64.48,174.26,49.91
20,51.09,64.33,174.71,50.0
20,51.19,64.19,175.15,49.93
20,51.29,64.04,175.6,49.98
20,51.39,63.89,176.05,50.12
20,51.49,63.74,176.49,49.99
20,51.59,63.59,176.94,50.09
20,51.69,63.44,177.39,49.92
20,51.79,63.28,177.83,50.05
20,51.89,63.13,178.28,49.9
20,51.99,62.98,178.73,49.98
20,52.09,62.83,179.18,50.06
20,52.19,62.68,179.63,50.0
20,52.29,62.52,180.07,50.09
20,52.39,62.37,180.52,50.07
20,52.49,62.22,180.97,49.97
20,52.59,62.06,181.42,50.13
20,52.69,61.91,181.87,50.04
20,52.79,61.75,182.32,49.98
20,52.89,61.6,182.77,50.01
20,52.99,61.44,183.22,50.01
20,53.09,61.28,183.67,50.02
20,53.19,61.13,184.11,49.99
20,53.29,60.97,184.56,50.04
20,53.39,60.81,185.01,50.08
20,53.49,60.66,185.46,50.04
20,53.59,60.5,185.91,50.04
20,53.69,60.34,186.36,49.99
20,53.79,60.18,186.81,49.91
20,53.89,60.02,187.27,49.89
20,53.99,59.86,187.72,49.93
20,54.09,59.7,188.17,49.96
20,54.19,59.54,188.62,50.17
20,54.29,59.38,189.07,50.13
20,54.39,59.22,189.52,49.94
20,54.49,59.06,189.97,50.04
20,54.59,58.9,190.42,49.99
20,54.69,58.74,190.87,50.02
20,54.79,58.57,191.33,49.95
20,54.89,58.41,191.78,50.22
20,54.99,58.25,192.23,50.19
20,55.09,58.08,192.68,49.97
20,55.19,57.92,193.13,49.94
20,55.29,57.76,193.59,50.09
20,55.39,57.59,194.04,49.88
20,55.49,57.43,194.49,50.08
20,55.59,57.26,194.94,50.01
20,55.69,57.1,195.4,49.86
20,55.79,56.93,195.85,49.98
20,55.89,56.76,196.3,49.93
20,55.99,56.6,196.76,50.02
20,56.09,56.43,197.21,50.01
20,56.19,56.26,197.66,49.87
20,56.29,56.1,198.12,49.97
20,56.39,55.93,198.57,50.06
20,56.49,55.76,199.02,50.07
20,56.59,55.59,199.48,49.96
20,56.69,55.42,199.93,50.05
20,56.79,55.25,200.39,50.03
20,56.89,55.08,200.84,49.99
20,56.99,54.91,201.3,50.05
20,57.1,54.74,201.75,49.91
20,57.2,54.57,202.21,50.0
20,57.3,54.4,202.66,49.84
20,57.4,54.23,203.12,49.99
20,57.5,54.06,203.57,50.14
20,57.6,53.89,204.03,49.97
20,57.7,53.72,204.48,50.13
20,57.8,53.54,204.94,49.97
20,57.9,53.37,205.39,49.89
20,58.0,53.2,205.85,50.07
20,58.1,53.02,206.3,50.05
20,58.2,52.85,206.76,50.23
20,58.3,52.68,207.22,49.9
20,58.4,52.5,207.67,50.04
20,58.5,52.33,208.13,50.04
20,58.6,52.15,208.59,50.11
20,58.7,51.98,209.04,50.05
20,58.8,51.8,209.5,49.97
20,58.9,51.63,209.96,49.89
20,59.0,51.45,210.41,50.03
20,59.1,51.27,210.87,50.04
20,59.2,51.1,211.33,50.06
20,59.3,50.92,211.79,49.97
20,59.4,50.74,212.24,50.03
20,59.5,50.56,212.7,49.85
20,59.6,50.39,213.16,49.9
20,59.7,50.21,213.62,50.09
20,59.8,50.03,214.07,50.02
20,59.9,49.85,214.53,50.05
20,60.0,49.67,214.99,49.94
21,0.0,0.0,0.0,0.0
21,0.1,1.22,0.0,49.93
21,0.2,2.43,0.0,49.83
21,0.3,3.63,0.0,50.04
21,0.4,4.82,0.01,50.03
21,0.5,6.0,0.01,50.05
21,0.6,7.17,0.01,50.09
21,0.7,8.33,0.02,50.08
21,0.8,9.48,0.02,50.14
21,0.9,10.62,0.03,50.0
21,1.0,11.75,0.03,49.96
21,1.1,12.87,0.04,50.1
21,1.2,13.98,0.05,50.09
21,1.3,15.08,0.05,49.98
21,1.4,16.18,0.06,50.11
21,1.5,17.26,0.07,50.01
21,1.6,18.34,0.08,50.13
21,1.7,19.4,0.09,50.17
21,1.8,20.46,0.1,50.26
21,1.9,21.51,0.11,50.01
21,2.0,22.56,0.12,50.14
21,2.1,23.59,0.13,50.09
21,2.2,24.62,0.14,50.09
21,2.3,25.64,0.15,50.04
21,2.4,26.65,0.16,50.1
21,2.5,27.65,0.18,49.86
21,2.6,28.65,0.19,50.0
21,2.7,29.64,0.2,49.93
21,2.8,30.62,0.22,49.93
21,2.9,31.59,0.23,49.86
21,3.01,32.56,0.25,49.95
21,3.11,33.52,0.26,49.98
21,3.21,34.47,0.28,50.02
21,3.31,35.42,0.29,50.0
21,3.41,36.36,0.31,50.11
21,3.51,37.29,0.33,49.91
21,3.61,38.22,0.34,49.81
21,3.71,39.14,0.36,50.05
21,3.81,40.05,0.38,50.0
21,3.91,40.96,0.4,49.99
21,4.01,41.86,0.42,49.93
21,4.11,42.76,0.44,50.09
21,4.21,43.65,0.45,49.96
21,4.31,44.53,0.47,49.91
21,4.41,45.41,0.49,50.17
21,4.51,46.28,0.51,50.07
21,4.61,47.15,0.53,50.0
21,4.71,48.01,0.56,49.76
21,4.81,48.86,0.58,49.98
21,4.91,49.71,0.6,50.0
21,5.01,50.56,0.62,50.15
21,5.11,51.4,0.64,49.83
21,5.21,52.23,0.66,50.16
21,5.31,53.06,0.69,50.04
21,5.41,53.88,0.71,49.88
21,5.51,54.7,0.73,50.09
21,5.61,55.51,0.76,49.98
21,5.71,56.32,0.78,49.83
21,5.81,57.12,0.8,49.96
21,5.91,57.92,0.83,50.03
21,6.01,58.71,0.85,50.01
21,6.11,59.5,0.88,50.06
21,6.21,60.28,0.9,50.11
21,6.31,61.06,0.93,49.89
21,6.41,61.84,0.95,50.0
21,6.51,62.6,0.98,49.94
21,6.61,63.37,1.01,49.88
21,6.71,64.13,1.03,49.99
21,6.81,64.89,1.06,50.04
21,6.91,65.64,1.09,50.05
21,7.01,66.39,1.11,49.96
21,7.11,67.13,1.14,49.9
21,7.21,67.87,1.17,49.94
21,7.31,68.6,1.2,49.81
21,7.41,69.33,1.22,49.88
21,7.51,70.06,1.25,49.89
21,7.61,70.78,1.28,50.08
21,7.71,71.5,1.31,50.08
21,7.81,72.21,1.34,50.21
21,7.91,72.92,1.37,50.02
21,8.01,73.63,1.4,49.95
21,8.11,74.33,1.43,50.0
21,8.21,75.03,1.46,49.98
21,8.31,75.73,1.49,49.94
21,8.41,76.42,1.52,50.03
21,8.51,77.1,1.55,50.02
21,8.61,77.79,1.58,49.99
21,8.71,78.47,1.61,49.97
21,8.81,79.15,1.64,50.06
21,8.91,79.82,1.67,49.94
21,9.02,80.49,1.7,49.96
21,9.12,81.15,1.73,50.05
21,9.22,81.82,1.77,50.1
21,9.32,82.48,1.8,50.09
21,9.42,83.13,1.83,49.97
21,9.52,83.78,1.86,49.87
21,9.62,84.43,1.9,49.97
21,9.72,85.08,1.93,50.01
21,9.82,85.72,1.96,49.89
21,9.92,86.36,2.0,49.97
21,10.02,87.0,2.03,50.12
21,10.12,87.63,2.06,50.01
21,10.22,88.26,2.1,49.95
21,10.32,88.89,2.13,50.0
21,10.42,89.51,2.16,50.01
21,10.52,90.13,2.2,49.96
21,10.62,90.75,2.23,50.08
21,10.72,91.36,2.27,49.82
21,10.82,91.97,2.3,50.05
21,10.92,92.58,2.34,49.94
21,11.02,93.19,2.37,50.1
21,11.12,93.79,2.41,49.87
21,11.22,94.39,2.44,50.09
21,11.32,94.99,2.48,49.92
21,11.42,95.58,2.51,50.03
21,11.52,96.17,2.55,49.95
21,11.62,96.76,2.59,50.11
21,11.72,97.35,2.62,49.98
21,11.82,97.93,2.66,49.93
21,11.92,98.51,2.69,50.14
21,12.02,99.09,2.73,49.97
21,12.12,99.66,2.77,50.05
21,12.22,100.23,2.8,50.09
21,12.32,100.8,2.84,49.91
21,12.42,101.37,2.88,50.04
21,12.52,101.94,2.92,50.06
21,12.62,102.5,2.95,49.85
21,12.72,103.06,2.99,50.03
21,12.82,103.61,3.03,49.96
21,12.92,104.17,3.07,50.16
21,13.02,104.72,3.11,50.09
21,13.12,105.27,3.14,50.04
21,13.22,105.82,3.18,49.8
21,13.32,106.36,3.22,50.04
21,13.42,106.9,3.26,49.92
21,13.52,107.44,3.3,50.09
21,13.62,107.98,3.34,49.98
21,13.72,108.52,3.38,49.95
21,13.82,109.05,3.41,49.96
21,13.92,109.58,3.45,49.96
21,14.02,110.11,3.49,49.87
21,14.12,110.64,3.53,49.88
21,14.22,111.16,3.57,49.97
21,14.32,111.68,3.61,50.16
21,14.42,112.2,3.65,50.07
21,14.52,112.72,3.69,50.08
21,14.62,113.23,3.73,50.12
21,14.72,113.75,3.77,50.03
21,14.82,114.26,3.81,49.95
21,14.92,114.77,3.85,49.96
21,15.03,115.27,3.89,49.92
21,15.13,115.78,3.93,50.08
21,15.23,116.28,3.98,49.91
21,15.33,116.78,4.02,50.21
21,15.43,117.28,4.06,49.91
21,15.53,117.77,4.1,50.12
21,15.63,118.27,4.14,50.12
21,15.73,118.76,4.18,50.06
21,15.83,119.25,4.22,50.16
21,15.93,119.74,4.26,49.98
21,16.03,120.22,4.31,50.01
21,16.13,120.71,4.35,50.02
21,16.23,121.19,4.39,50.06
21,16.33,121.67,4.43,49.82
21,16.43,122.15,4.47,49.99
21,16.53,122.63,4.52,50.09
21,16.63,123.1,4.56,49.96
21,16.73,123.58,4.6,50.2
21,16.83,124.05,4.64,50.01
21,16.93,124.52,4.69,50.05
21,17.03,124.98,4.73,50.16
21,17.13,125.45,4.77,50.01
21,17.23,125.91,4.82,50.15
21,17.33,126.37,4.86,50.06
21,17.43,126.83,4.9,50.06
21,17.53,127.29,4.95,49.91
21,17.63,127.75,4.99,50.11
21,17.73,128.2,5.03,49.94
21,17.83,128.66,5.08,49.98
21,17.93,129.11,5.12,50.13
21,18.03,129.56,5.16,49.96
21,18.13,130.01,5.21,50.03
21,18.23,130.45,5.25,49.99
21,18.33,130.9,5.29,50.0
21,18.43,131.34,5.34,49.99
21,18.53,131.78,5.38,49.9
21,18.63,132.22,5.43,50.05
21,18.73,132.66,5.47,50.06
21,18.83,133.1,5.52,49.94
21,18.93,133.53,5.56,49.96
21,19.03,133.97,5.61,50.09
21,19.13,134.4,5.65,49.97
21,19.23,134.83,5.7,50.01
21,19.33,135.26,5.74,49.91
21,19.43,135.69,5.79,49.99
21,19.53,136.11,5.83,49.91
21,19.63,136.54,5.88,49.94
21,19.73,136.96,5.92,49.92
21,19.83,137.38,5.97,50.09
21,19.93,137.8,6.01,49.87
21,20.03,138.22,6.06,50.03
21,20.13,138.63,6.1,49.98
21,20.23,139.05,6.15,50.14
21,20.33,139.46,6.19,50.08
21,20.43,139.87,6.24,49.88
21,20.53,140.28,6.29,49.94
21,20.63,140.69,6.33,50.0
21,20.73,141.1,6.38,49.94
21,20.83,141.51,6.42,50.09
21,20.93,141.91,6.47,50.02
21,21.04,142.32,6.52,49.98
21,21.14,142.72,6.56,50.1
21,21.24,143.12,6.61,49.88
21,21.34,143.52,6.66,49.97
21,21.44,143.92,6.7,50.02
21,21.54,144.31,6.75,49.99
21,21.64,144.71,6.8,49.69
21,21.74,145.1,6.84,50.03
21,21.84,145.5,6.89,50.05
21,21.94,145.89,6.94,49.9
21,22.04,146.28,6.99,49.78
21,22.14,146.67,7.03,49.93
21,22.24,147.05,7.08,49.98
21,22.34,147.44,7.13,49.99
21,22.44,147.83,7.17,49.8
21,22.54,148.21,7.22,50.02
21,22.64,148.59,7.27,50.1
21,22.74,148.97,7.32,50.1
21,22.84,149.35,7.36,50.12
21,22.94,149.73,7.41,49.88
21,23.04,150.11,7.46,50.09
21,23.14,150.48,7.51,49.91
21,23.24,150.86,7.56,50.08
21,23.34,151.23,7.6,49.93
21,23.44,151.61,7.65,50.04
21,23.54,151.98,7.7,50.15
21,23.64,152.35,7.75,50.09
21,23.74,152.71,7.8,49.91
21,23.84,153.08,7.85,49.89
21,23.94,153.45,7.89,50.08
21,24.04,153.81,7.94,50.13
21,24.14,154.18,7.99,50.04
21,24.24,154.54,8.04,49.95
21,24.34,154.9,8.09,50.0
21,24.44,155.26,8.14,50.04
21,24.54,155.62,8.19,49.99
21,24.64,155.98,8.23,49.91
21,24.74,156.34,8.28,50.11
21,24.84,156.69,8.33,50.19
21,24.94,157.05,8.38,50.14
21,25.04,157.4,8.43,49.78
21,25.14,157.76,8.48,50.12
21,25.24,158.11,8.53,50.06
21,25.34,158.46,8.58,49.93
21,25.44,158.81,8.63,49.8
21,25.54,159.16,8.68,49.99
21,25.64,159.5,8.73,50.04
21,25.74,159.85,8.78,49.89
21,25.84,160.19,8.83,50.12
21,25.94,160.54,8.88,50.12
21,26.04,160.88,8.93,50.05
21,26.14,161.22,8.98,49.86
21,26.24,161.56,9.03,49.97
21,26.34,161.9,9.08,50.07
21,26.44,162.24,9.13,50.07
21,26.54,162.58,9.18,49.93
21,26.64,162.92,9.23,49.94
21,26.74,163.25,9.28,49.93
21,26.84,163.59,9.33,49.97
21,26.94,163.92,9.38,49.95
21,27.05,164.25,9.43,49.93
21,27.15,164.59,9.48,49.99
21,27.25,164.92,9.53,50.0
21,27.35,165.25,9.58,50.11
21,27.45,165.58,9.63,49.82
21,27.55,165.9,9.68,50.12
21,27.65,166.23,9.73,49.93
21,27.75,166.56,9.78,50.19
21,27.85,166.88,9.83,50.07
21,27.95,167.21,9.88,50.05
21,28.05,167.53,9.93,49.99
21,28.15,167.85,9.98,50.21
21,28.25,168.17,10.03,50.0
21,28.35,168.49,10.09,50.15
21,28.45,168.81,10.14,49.94
21,28.55,169.13,10.19,50.07
21,28.65,169.45,10.24,50.19
21,28.75,169.76,10.29,49.92
21,28.85,170.08,10.34,50.05
21,28.95,170.39,10.39,49.93
21,29.05,170.71,10.44,50.04
21,29.15,171.02,10.5,50.19
21,29.25,171.33,10.55,49.91
21,29.35,171.64,10.6,50.02
21,29.45,171.95,10.65,49.92
21,29.55,172.26,10.7,49.99
21,29.65,172.57,10.75,50.06
21,29.75,172.88,10.81,49.97
21,29.85,173.19,10.86,50.16
21,29.95,173.49,10.91,50.05
21,30.05,173.8,10.96,49.87
21,30.15,174.1,11.01,50.03
21,30.25,174.4,11.06,50.15
21,30.35,174.71,11.12,50.05
21,30.45,175.01,11.17,50.03
21,30.55,175.31,11.22,49.97
21,30.65,175.61,11.27,49.99
21,30.75,175.91,11.33,50.0
21,30.85,176.21,11.38,49.76
21,30.95,176.5,11.43,50.05
21,31.05,176.8,11.48,50.1
21,31.15,177.1,11.53,49.93
21,31.25,177.39,11.59,50.02
21,31.35,177.69,11.64,50.04
21,31.45,177.98,11.69,50.08
21,31.55,178.27,11.74,50.0
21,31.65,178.56,11.8,50.05
21,31.75,178.85,11.85,49.88
21,31.85,179.14,11.9,49.9
21,31.95,179.43,11.96,50.04
21,32.05,179.72,12.01,49.98
21,32.15,180.01,12.06,49.84
21,32.25,180.3,12.11,50.03
21,32.35,180.58,12.17,49.87
21,32.45,180.87,12.22,50.27
21,32.55,181.15,12.27,49.78
21,32.65,181.44,12.33,50.01
21,32.75,181.72,12.38,49.89
21,32.85,182.0,12.43,50.09
21,32.95,182.29,12.49,49.96
21,33.06,182.57,12.54,50.1
21,33.16,182.85,12.59,50.08
21,33.26,183.13,12.65,49.89
21,33.36,183.41,12.7,49.93
21,33.46,183.68,12.75,49.97
21,33.56,183.96,12.81,49.99
21,33.66,184.24,12.86,49.98
21,33.76,184.51,12.91,50.07
21,33.86,184.79,12.97,50.02
21,33.96,185.06,13.02,49.94
21,34.06,185.34,13.07,49.91
21,34.16,185.61,13.13,49.92
21,34.26,185.88,13.18,50.03
21,34.36,186.15,13.23,49.98
21,34.46,186.42,13.29,50.21
21,34.56,186.69,13.34,50.0
21,34.66,186.96,13.4,50.02
21,34.76,187.23,13.45,49.82
21,34.86,187.5,13.5,49.87
21,34.96,187.77,13.56,49.89
21,35.06,188.03,13.61,49.95
21,35.16,188.3,13.67,49.85
21,35.26,188.57,13.72,49.88
21,35.36,188.83,13.77,50.07
21,35.46,189.09,13.83,49.91
21,35.56,189.36,13.88,50.0
21,35.66,189.62,13.94,50.06
21,35.76,189.88,13.99,50.09
21,35.86,190.14,14.05,50.03
21,35.96,190.4,14.1,50.04
21,36.06,190.66,14.15,50.1
21,36.16,190.92,14.21,50.04
21,36.26,191.18,14.26,50.1
21,36.36,191.44,14.32,49.79
21,36.46,191.7,14.37,49.99
21,36.56,191.95,14.43,50.01
21,36.66,192.21,14.48,49.99
21,36.76,192.47,14.54,50.01
21,36.86,192.72,14.59,49.96
21,36.96,192.97,14.64,50.08
21,37.06,193.23,14.7,49.95
21,37.16,193.48,14.75,49.98
21,37.26,193.73,14.81,50.14
21,37.36,193.98,14.86,50.13
21,37.46,194.24,14.92,50.02
21,37.56,194.49,14.97,49.94
21,37.66,194.74,15.03,49.84
21,37.76,194.99,15.08,49.99
21,37.86,195.23,15.14,50.05
21,37.96,195.48,15.19,49.93
21,38.06,195.73,15.25,50.0
21,38.16,195.98,15.3,49.97
21,38.26,196.22,15.36,49.83
21,38.36,196.47,15.41,50.01
21,38.46,196.71,15.47,50.04
21,38.56,196.96,15.53,50.02
21,38.66,197.2,15.58,50.16
21,38.76,197.44,15.64,49.97
21,38.86,197.69,15.69,49.96
21,38.96,197.93,15.75,50.22
21,39.07,198.17,15.8,49.88
21,39.17,198.41,15.86,49.94
21,39.27,198.65,15.91,50.04
21,39.37,198.89,15.97,50.11
21,39.47,199.13,16.02,50.09
21,39.57,199.37,16.08,49.9
21,39.67,199.61,16.14,50.16
21,39.77,199.84,16.19,50.05
21,39.87,200.08,16.25,49.92
21,39.97,200.32,16.3,49.93
21,40.07,200.55,16.36,50.01
21,40.17,200.79,16.41,50.22
21,40.27,201.02,16.47,50.02
21,40.37,201.26,16.53,50.21
21,40.47,201.49,16.58,50.09
21,40.57,201.72,16.64,49.87
21,40.67,201.96,16.69,50.14
21,40.77,202.19,16.75,49.91
21,40.87,202.42,16.81,49.94
21,40.97,202.65,16.86,50.03
21,41.07,202.88,16.92,50.0
21,41.17,203.11,16.97,50.09
21,41.27,203.34,17.03,50.05
21,41.37,203.57,17.09,49.99
21,41.47,203.8,17.14,50.17
21,41.57,204.02,17.2,49.95
21,41.67,204.25,17.25,49.9
21,41.77,204.48,17.31,50.05
21,41.87,204.7,17.37,50.0
21,41.97,204.93,17.42,50.02
21,42.07,205.15,17.48,50.07
21,42.17,205.38,17.54,49.98
21,42.27,205.6,17.59,50.19
21,42.37,205.83,17.65,50.03
21,42.47,206.05,17.71,49.95
21,42.57,206.27,17.76,50.06
21,42.67,206.49,17.82,49.99
21,42.77,206.72,17.87,50.01
21,42.87,206.94,17.93,49.89
21,42.97,207.16,17.99,49.9
21,43.07,207.38,18.04,50.11
21,43.17,207.6,18.1,49.88
21,43.27,207.81,18.16,49.99
21,43.37,208.03,18.21,50.03
21,43.47,208.25,18.27,50.14
21,43.57,208.47,18.33,49.95
21,43.67,208.69,18.38,50.08
21,43.77,208.9,18.44,49.99
21,43.87,209.12,18.5,49.78
21,43.97,209.33,18.56,50.0
21,44.07,209.55,18.61,49.99
21,44.17,209.76,18.67,50.04
21,44.27,209.98,18.73,49.94
21,44.37,210.19,18.78,49.95
21,44.47,210.4,18.84,50.12
21,44.57,210.62,18.9,49.97
21,44.67,210.83,18.95,49.81
21,44.77,211.04,19.01,50.05
21,44.87,211.25,19.07,50.09
21,44.97,211.46,19.13,50.09
21,45.08,211.67,19.18,49.94
21,45.18,211.88,19.24,50.0
21,45.28,212.09,19.3,50.05
21,45.38,212.3,19.35,50.1
21,45.48,212.51,19.41,50.05
21,45.58,212.72,19.47,50.08
21,45.68,212.93,19.53,49.93
21,45.78,213.13,19.58,49.77
21,45.88,213.34,19.64,50.11
21,45.98,213.55,19.7,49.91
21,46.08,213.75,19.76,49.98
21,46.18,213.96,19.81,50.08
21,46.28,214.16,19.87,50.0
21,46.38,214.37,19.93,50.07
21,46.48,214.57,19.99,50.25
21,46.58,214.77,20.04,50.06
21,46.68,214.98,20.1,49.93
21,46.78,215.18,20.16,49.86
21,46.88,215.38,20.22,50.07
21,46.98,215.58,20.27,50.01
21,47.08,215.78,20.33,49.86
21,47.18,215.99,20.39,50.12
21,47.28,216.19,20.45,50.07
21,47.38,216.39,20.5,50.0
21,47.48,216.59,20.56,50.22
21,47.58,216.78,20.62,50.1
21,47.68,216.98,20.68,49.9
21,47.78,217.18,20.74,50.12
21,47.88,217.38,20.79,50.03
21,47.98,217.58,20.85,50.19
21,48.08,217.77,20.91,50.09
21,48.18,217.97,20.97,50.05
21,48.28,218.17,21.03,50.04
21,48.38,218.36,21.08,49.88
21,48.48,218.56,21.14,49.95
21,48.58,218.75,21.2,50.02
21,48.68,218.95,21.26,49.86
21,48.78,219.14,21.32,50.05
21,48.88,219.34,21.37,49.93
21,48.98,219.53,21.43,49.96
21,49.08,219.72,21.49,50.07
21,49.18,219.92,21.55,49.94
21,49.28,220.11,21.61,50.05
21,49.38,220.3,21.66,50.01
21,49.48,220.49,21.72,49.89
21,49.58,220.68,21.78,50.09
21,49.68,220.87,21.84,50.09
21,49.78,221.06,21.9,50.1
21,49.88,221.25,21.96,50.19
21,49.98,221.44,22.01,49.96
21,50.08,221.63,22.07,49.81
21,50.18,221.82,22.13,49.93
21,50.28,222.01,22.19,50.1
21,50.38,222.2,22.25,49.99
21,50.48,222.38,22.31,49.86
21,50.58,222.57,22.36,49.83
21,50.68,222.76,22.42,50.14
21,50.78,222.94,22.48,50.06
21,50.88,223.13,22.54,49.95
21,50.98,223.31,22.6,50.19
21,51.09,223.5,22.66,50.26
21,51.19,223.68,22.72,50.1
21,51.29,223.87,22.77,50.08
21,51.39,224.05,22.83,50.05
21,51.49,224.24,22.89,50.09
21,51.59,224.42,22.95,50.2
21,51.69,224.6,23.01,49.9
21,51.79,224.78,23.07,49.97
21,51.89,224.97,23.13,50.0
21,51.99,225.15,23.19,50.06
21,52.09,225.33,23.24,50.16
21,52.19,225.51,23.3,50.04
21,52.29,225.69,23.36,50.06
21,52.39,225.87,23.42,50.07
21,52.49,226.05,23.48,50.0
21,52.59,226.23,23.54,49.96
21,52.69,226.41,23.6,50.01
21,52.79,226.59,23.66,49.93
21,52.89,226.77,23.72,49.94
21,52.99,226.95,23.77,50.04
21,53.09,227.12,23.83,49.95
21,53.19,227.3,23.89,50.18
21,53.29,227.48,23.95,50.01
21,53.39,227.66,24.01,50.14
21,53.49,227.83,24.07,49.88
21,53.59,228.01,24.13,49.88
21,53.69,228.18,24.19,49.99
21,53.79,228.36,24.25,50.09
21,53.89,228.53,24.31,49.95
21,53.99,228.71,24.37,49.99
21,54.09,228.88,24.42,50.1
21,54.19,229.06,24.48,49.96
21,54.29,229.23,24.54,49.92
21,54.39,229.4,24.6,50.07
21,54.49,229.58,24.66,49.87
21,54.59,229.75,24.72,49.96
21,54.69,229.92,24.78,50.01
21,54.79,230.09,24.84,50.05
21,54.89,230.27,24.9,50.08
21,54.99,230.44,24.96,50.1
21,55.09,230.61,25.02,49.97
21,55.19,230.78,25.08,50.1
21,55.29,230.95,25.14,50.05
21,55.39,231.12,25.2,50.07
21,55.49,231.29,25.25,49.94
21,55.59,231.46,25.31,50.07
21,55.69,231.63,25.37,49.98
21,55.79,231.79,25.43,50.0
21,55.89,231.96,25.49,50.02
21,55.99,232.13,25.55,50.21
21,56.09,232.3,25.61,49.91
21,56.19,232.47,25.67,50.12
21,56.29,232.63,25.73,50.14
21,56.39,232.8,25.79,50.08
21,56.49,232.96,25.85,49.95
21,56.59,233.13,25.91,50.17
21,56.69,233.3,25.97,49.97
21,56.79,233.46,26.03,50.07
21,56.89,233.63,26.09,50.01
21,56.99,233.79,26.15,49.96
21,57.1,233.96,26.21,50.05
21,57.2,234.12,26.27,50.19
21,57.3,234.28,26.33,50.03
21,57.4,234.45,26.39,50.2
21,57.5,234.61,26.45,49.98
21,57.6,234.77,26.51,50.01
21,57.7,234.94,26.57,49.88
21,57.8,235.1,26.63,49.94
21,57.9,235.26,26.69,49.98
21,58.0,235.42,26.75,49.97
21,58.1,235.58,26.81,49.9
21,58.2,235.74,26.87,49.92
21,58.3,235.9,26.93,49.97
21,58.4,236.06,26.99,50.12
21,58.5,236.22,27.05,49.85
21,58.6,236.38,27.11,49.79
21,58.7,236.54,27.17,49.82
21,58.8,236.7,27.23,49.92
21,58.9,236.86,27.29,50.06
21,59.0,237.02,27.35,49.96
21,59.1,237.18,27.41,49.96
21,59.2,237.34,27.47,49.96
21,59.3,237.49,27.53,49.81
21,59.4,237.65,27.59,50.09
21,59.5,237.81,27.65,50.13
21,59.6,237.97,27.71,49.97
21,59.7,238.12,27.77,50.01
21,59.8,238.28,27.83,50.01
21,59.9,238.43,27.89,49.89
21,60.0,238.59,27.95,49.96
22,0.0,0.0,0.0,0.0
22,0.1,1.0,0.0,49.96
22,0.2,2.0,0.01,50.06
22,0.3,2.99,0.01,49.92
22,0.4,3.99,0.02,50.16
22,0.5,4.98,0.03,49.84
22,0.6,5.97,0.04,49.94
22,0.7,6.96,0.05,49.85
22,0.8,7.95,0.06,50.13
22,0.9,8.93,0.08,50.0
22,1.0,9.91,0.09,49.97
22,1.1,10.9,0.11,50.04
22,1.2,11.88,0.13,50.14
22,1.3,12.86,0.16,50.02
22,1.4,13.83,0.18,50.11
22,1.5,14.81,0.2,49.97
22,1.6,15.78,0.23,49.9
22,1.7,16.76,0.26,50.02
22,1.8,17.73,0.29,49.93
22,1.9,18.7,0.32,50.07
22,2.0,19.66,0.35,49.96
22,2.1,20.63,0.38,49.99
22,2.2,21.6,0.42,49.78
22,2.3,22.56,0.46,49.99
22,2.4,23.52,0.49,49.98
22,2.5,24.48,0.53,50.12
22,2.6,25.44,0.58,50.09
22,2.7,26.4,0.62,50.0
22,2.8,27.36,0.66,49.84
22,2.9,28.31,0.71,49.96
22,3.01,29.26,0.75,50.12
22,3.11,30.22,0.8,49.98
22,3.21,31.17,0.85,49.89
22,3.31,32.12,0.9,50.12
22,3.41,33.06,0.95,49.84
22,3.51,34.01,1.01,49.99
22,3.61,34.96,1.06,50.06
22,3.71,35.9,1.12,50.01
22,3.81,36.84,1.17,49.88
22,3.91,37.78,1.23,49.91
22,4.01,38.72,1.29,49.93
22,4.11,39.66,1.35,50.08
22,4.21,40.6,1.41,50.02
22,4.31,41.54,1.48,49.96
22,4.41,42.47,1.54,50.04
22,4.51,43.41,1.61,49.92
22,4.61,44.34,1.67,50.07
22,4.71,45.27,1.74,50.05
22,4.81,46.2,1.81,49.98
22,4.91,47.13,1.88,49.98
22,5.01,48.06,1.95,49.97
22,5.11,48.99,2.02,50.1
22,5.21,49.91,2.1,50.02
22,5.31,50.84,2.17,49.98
22,5.41,51.76,2.25,49.9
22,5.51,52.68,2.33,50.06
22,5.61,53.6,2.4,50.05
22,5.71,54.52,2.48,49.95
22,5.81,55.44,2.56,49.96
22,5.91,56.36,2.64,49.99
22,6.01,57.28,2.73,49.88
22,6.11,58.19,2.81,50.01
22,6.21,59.11,2.9,49.84
22,6.31,60.02,2.98,49.87
22,6.41,60.93,3.07,49.95
22,6.51,61.84,3.16,49.94
22,6.61,62.75,3.24,50.05
22,6.71,63.66,3.33,50.03
22,6.81,64.57,3.42,50.14
22,6.91,65.48,3.52,50.01
22,7.01,66.38,3.61,50.02
22,7.11,67.29,3.7,49.88
22,7.21,68.19,3.8,49.88
22,7.31,69.1,3.89,50.01
22,7.41,70.0,3.99,50.01
22,7.51,70.9,4.09,50.03
22,7.61,71.8,4.19,50.13
22,7.71,72.7,4.28,49.89
22,7.81,73.6,4.38,50.17
22,7.91,74.5,4.49,49.85
22,8.01,75.39,4.59,50.04
22,8.11,76.29,4.69,49.88
22,8.21,77.18,4.8,50.07
22,8.31,78.08,4.9,49.85
22,8.41,78.97,5.01,49.73
22,8.51,79.86,5.11,50.01
22,8.61,80.75,5.22,49.99
22,8.71,81.64,5.33,50.11
22,8.81,82.53,5.44,50.01
22,8.91,83.42,5.55,49.93
22,9.02,84.31,5.66,49.95
22,9.12,85.19,5.77,50.32
22,9.22,86.08,5.88,49.91
22,9.32,86.96,6.0,50.05
22,9.42,87.85,6.11,50.04
22,9.52,88.73,6.23,50.05
22,9.62,89.61,6.34,50.05
22,9.72,90.49,6.46,49.97
22,9.82,91.38,6.58,49.82
22,9.92,92.26,6.7,50.02
22,10.02,93.13,6.82,50.0
22,10.12,94.01,6.94,50.01
22,10.22,94.89,7.06,50.06
22,10.32,95.77,7.18,49.96
22,10.42,96.64,7.3,49.94
22,10.52,97.52,7.42,50.09
22,10.62,98.39,7.55,49.97
22,10.72,99.26,7.67,49.95
22,10.82,100.14,7.8,49.94
22,10.92,101.01,7.93,50.06
22,11.02,101.88,8.05,49.98
22,11.12,102.75,8.18,50.22
22,11.22,103.62,8.31,50.01
22,11.32,104.49,8.44,49.88
22,11.42,105.36,8.57,49.96
22,11.52,106.22,8.7,50.07
22,11.62,107.09,8.83,49.94
22,11.72,107.96,8.96,50.0
22,11.82,108.82,9.1,50.1
22,11.92,109.68,9.23,50.11
22,12.02,110.55,9.36,49.95
22,12.12,111.41,9.5,49.97
22,12.22,112.27,9.63,50.01
22,12.32,113.13,9.77,50.13
22,12.42,113.99,9.91,49.89
22,12.52,114.85,10.05,50.04
22,12.62,115.71,10.18,50.01
22,12.72,116.57,10.32,49.91
22,12.82,117.43,10.46,50.12
22,12.92,118.29,10.6,50.1
22,13.02,119.14,10.74,50.15
22,13.12,120.0,10.89,50.12
22,13.22,120.86,11.03,50.0
22,13.32,121.71,11.17,50.06
22,13.42,122.56,11.32,50.03
22,13.52,123.42,11.46,49.91
22,13.62,124.27,11.61,49.87
22,13.72,125.12,11.75,50.04
22,13.82,125.97,11.9,50.01
22,13.92,126.82,12.04,49.97
22,14.02,127.67,12.19,49.99
22,14.12,128.52,12.34,50.18
22,14.22,129.37,12.49,49.78
22,14.32,130.22,12.64,50.06
22,14.42,131.07,12.79,50.08
22,14.52,131.91,12.94,50.1
22,14.62,132.76,13.09,49.86
22,14.72,133.61,13.24,49.97
22,14.82,134.45,13.4,49.97
22,14.92,135.29,13.55,50.03
22,15.03,136.14,13.7,49.89
22,15.13,136.98,13.86,50.04
22,15.23,137.82,14.01,49.91
22,15.33,138.67,14.17,49.97
22,15.43,139.51,14.32,50.13
22,15.53,140.35,14.48,50.08
22,15.63,141.19,14.64,50.01
22,15.73,142.03,14.79,49.86
22,15.83,142.87,14.95,50.03
22,15.93,143.7,15.11,50.04
22,16.03,144.54,15.27,49.79
22,16.13,145.38,15.43,50.04
22,16.23,146.22,15.59,49.89
22,16.33,147.05,15.75,49.85
22,16.43,147.89,15.91,49.89
22,16.53,148.72,16.08,49.78
22,16.63,149.56,16.24,49.96
22,16.73,150.39,16.4,49.9
22,16.83,151.23,16.57,50.11
22,16.93,152.06,16.73,49.96
22,17.03,152.89,16.9,49.93
22,17.13,153.72,17.06,49.84
22,17.23,154.55,17.23,49.96
22,17.33,155.38,17.39,50.14
22,17.43,156.21,17.56,50.15
22,17.53,157.04,17.73,49.96
22,17.63,157.87,17.9,49.99
22,17.73,158.7,18.06,50.07
22,17.83,159.53,18.23,49.9
22,17.93,160.36,18.4,50.04
22,18.03,161.18,18.57,50.24
22,18.13,162.01,18.74,50.08
22,18.23,162.84,18.91,50.07
22,18.33,163.66,19.09,50.13
22,18.43,164.49,19.26,50.09
22,18.53,165.31,19.43,49.97
22,18.63,166.13,19.6,49.88
22,18.73,166.96,19.78,49.99
22,18.83,167.78,19.95,49.9
22,18.93,168.6,20.13,49.97
22,19.03,169.43,20.3,49.91
22,19.13,170.25,20.48,49.96
22,19.23,171.07,20.65,49.85
22,19.33,171.89,20.83,49.93
22,19.43,172.71,21.0,50.04
22,19.53,173.53,21.18,50.07
22,19.63,174.35,21.36,50.04
22,19.73,175.17,21.54,49.96
22,19.83,175.98,21.72,50.01
22,19.93,176.8,21.9,50.19
22,20.03,177.62,22.08,49.93
22,20.13,178.44,22.26,50.16
22,20.23,179.25,22.44,49.86
22,20.33,180.07,22.62,49.83
22,20.43,180.88,22.8,49.99
22,20.53,181.7,22.98,50.0
22,20.63,182.51,23.16,49.89
22,20.73,183.33,23.34,49.97
22,20.83,184.14,23.53,50.04
22,20.93,184.95,23.71,49.9
22,21.04,185.77,23.9,50.1
22,21.14,186.58,24.08,50.11
22,21.24,187.39,24.26,50.12
22,21.34,188.2,24.45,49.91
22,21.44,189.01,24.64,49.92
22,21.54,189.82,24.82,49.98
22,21.64,190.63,25.01,49.97
22,21.74,191.44,25.2,49.97
22,21.84,192.25,25.38,50.08
22,21.94,193.06,25.57,50.06
22,22.04,193.87,25.76,49.91
22,22.14,194.68,25.95,49.89
22,22.24,195.48,26.14,49.88
22,22.34,196.29,26.33,49.91
22,22.44,197.1,26.52,50.08
22,22.54,197.91,26.71,50.01
22,22.64,198.71,26.9,50.09
22,22.74,199.52,27.09,49.83
22,22.84,200.32,27.28,50.03
22,22.94,201.13,27.47,50.03
22,23.04,201.93,27.66,50.12
22,23.14,202.73,27.86,49.96
22,23.24,203.54,28.05,49.95
22,23.34,204.34,28.24,50.15
22,23.44,205.14,28.44,49.98
22,23.54,205.95,28.63,50.02
22,23.64,206.75,28.82,50.05
22,23.74,207.55,29.02,49.83
22,23.84,208.35,29.21,50.0
22,23.94,209.15,29.41,49.88
22,24.04,209.95,29.61,49.99
22,24.14,210.75,29.8,49.97
22,24.24,211.55,30.0,49.95
22,24.34,212.35,30.2,50.06
22,24.44,213.15,30.39,50.01
22,24.54,213.95,30.59,49.89
22,24.64,214.75,30.79,49.89
22,24.74,215.54,30.99,50.08
22,24.84,216.34,31.19,50.0
22,24.94,217.14,31.39,49.86
22,25.04,217.93,31.59,49.96
22,25.14,218.73,31.79,49.98
22,25.24,219.53,31.99,49.88
22,25.34,220.32,32.19,49.94
22,25.44,221.12,32.39,50.09
22,25.54,221.91,32.59,50.25
22,25.64,222.71,32.79,50.03
22,25.74,223.5,33.0,49.86
22,25.84,224.29,33.2,49.98
22,25.94,225.09,33.4,50.01
22,26.04,225.88,33.6,50.08
22,26.14,226.67,33.81,50.08
22,26.24,227.46,34.01,50.14
22,26.34,228.26,34.22,50.0
22,26.44,229.05,34.42,50.0
22,26.54,229.84,34.63,49.81
22,26.64,230.63,34.83,49.9
22,26.74,231.42,35.04,49.86
22,26.84,232.21,35.24,49.92
22,26.94,233.0,35.45,49.88
22,27.05,233.79,35.65,49.89
22,27.15,234.58,35.86,50.11
22,27.25,235.37,36.07,49.81
22,27.35,236.16,36.28,49.98
22,27.45,236.94,36.48,50.09
22,27.55,237.73,36.69,49.97
22,27.65,238.52,36.9,50.13
22,27.75,239.31,37.11,49.94
22,27.85,240.09,37.32,50.18
22,27.95,240.88,37.53,49.84
22,28.05,241.67,37.74,50.13
22,28.15,242.45,37.95,49.91
22,28.25,243.24,38.16,50.14
22,28.35,244.02,38.37,49.95
22,28.45,244.81,38.58,50.11
22,28.55,245.59,38.79,50.13
22,28.65,246.38,39.0,49.94
22,28.75,247.16,39.22,50.1
22,28.85,247.95,39.43,50.0
22,28.95,248.73,39.64,49.85
22,29.05,249.51,39.85,50.05
22,29.15,250.29,40.07,49.9
22,29.25,251.08,40.28,49.93
22,29.35,251.86,40.49,49.91
22,29.45,252.64,40.71,50.04
22,29.55,253.42,40.92,49.9
22,29.65,254.2,41.14,49.88
22,29.75,254.98,41.35,49.9
22,29.85,255.76,41.57,49.93
22,29.95,256.55,41.78,50.05
22,30.05,257.33,42.0,50.09
22,30.15,258.1,42.22,50.09
22,30.25,258.88,42.43,50.0
22,30.35,259.66,42.65,49.99
22,30.45,260.44,42.87,49.98
22,30.55,261.22,43.08,50.04
22,30.65,262.0,43.3,50.11
22,30.75,262.78,43.52,49.98
22,30.85,263.55,43.74,50.05
22,30.95,264.33,43.96,49.88
22,31.05,265.11,44.17,50.09
22,31.15,265.89,44.39,50.02
22,31.25,266.66,44.61,49.9
22,31.35,267.44,44.83,50.11
22,31.45,268.21,45.05,49.88
22,31.55,268.99,45.27,49.77
22,31.65,269.77,45.49,50.08
22,31.75,270.54,45.71,50.04
22,31.85,271.32,45.93,49.88
22,31.95,272.09,46.16,50.04
22,32.05,272.86,46.38,50.12
22,32.15,273.64,46.6,50.03
22,32.25,274.41,46.82,50.24
22,32.35,275.19,47.04,49.91
22,32.45,275.96,47.27,49.78
22,32.55,276.73,47.49,49.86
22,32.65,277.5,47.71,49.77
22,32.75,278.28,47.94,50.21
22,32.85,279.05,48.16,50.0
22,32.95,279.82,48.38,50.19
22,33.06,280.59,48.61,49.96
22,33.16,281.36,48.83,49.91
22,33.26,282.13,49.06,49.83
22,33.36,282.9,49.28,49.96
22,33.46,283.68,49.51,50.08
22,33.56,284.45,49.73,49.98
22,33.66,285.22,49.96,49.84
22,33.76,285.99,50.18,50.07
22,33.86,286.75,50.41,50.08
22,33.96,287.52,50.64,49.95
22,34.06,288.29,50.86,49.93
22,34.16,289.06,51.09,49.83
22,34.26,289.83,51.32,50.06
22,34.36,290.6,51.54,49.95
22,34.46,291.37,51.77,49.73
22,34.56,292.13,52.0,49.85
22,34.66,292.9,52.23,50.06
22,34.76,293.67,52.46,49.97
22,34.86,294.44,52.69,49.89
22,34.96,295.2,52.91,50.01
22,35.06,295.97,53.14,49.92
22,35.16,296.73,53.37,49.94
22,35.26,297.5,53.6,49.97
22,35.36,298.27,53.83,50.17
22,35.46,299.03,54.06,50.17
22,35.56,299.8,54.29,49.8
22,35.66,300.56,54.52,49.99
22,35.76,301.33,54.75,49.85
22,35.86,302.09,54.98,49.89
22,35.96,302.85,55.22,49.81
22,36.06,303.62,55.45,49.91
22,36.16,304.38,55.68,49.88
22,36.26,305.15,55.91,50.1
22,36.36,305.91,56.14,49.92
22,36.46,306.67,56.38,49.81
22,36.56,307.44,56.61,50.0
22,36.66,308.2,56.84,49.98
22,36.76,308.96,57.07,49.97
22,36.86,309.72,57.31,50.06
22,36.96,310.48,57.54,50.12
22,37.06,311.25,57.78,49.97
22,37.16,312.01,58.01,50.03
22,37.26,312.77,58.24,49.97
22,37.36,313.53,58.48,50.05
22,37.46,314.29,58.71,49.85
22,37.56,315.05,58.95,50.06
22,37.66,315.81,59.18,50.03
22,37.76,316.57,59.42,49.9
22,37.86,317.33,59.65,50.22
22,37.96,318.09,59.89,49.86
22,38.06,318.85,60.13,50.03
22,38.16,319.61,60.36,49.9
22,38.26,320.37,60.6,50.06
22,38.36,321.13,60.84,50.2
22,38.46,321.89,61.07,50.08
22,38.56,322.64,61.31,49.99
22,38.66,323.4,61.55,50.09
22,38.76,324.16,61.78,49.94
22,38.86,324.92,62.02,50.05
22,38.96,325.67,62.26,50.01
22,39.07,326.43,62.5,49.88
22,39.17,327.19,62.74,50.17
22,39.27,327.95,62.97,50.12
22,39.37,328.7,63.21,49.91
22,39.47,329.46,63.45,50.1
22,39.57,330.21,63.69,49.88
22,39.67,330.97,63.93,50.05
22,39.77,331.73,64.17,50.0
22,39.87,332.48,64.41,50.17
22,39.97,333.24,64.65,50.03
22,40.07,333.99,64.89,49.85
22,40.17,334.75,65.13,50.1
22,40.27,335.5,65.37,49.96
22,40.37,336.26,65.61,49.95
22,40.47,337.01,65.85,50.0
22,40.57,337.76,66.09,49.94
22,40.67,338.52,66.34,50.18
22,40.77,339.27,66.58,50.08
22,40.87,340.03,66.82,49.89
22,40.97,340.78,67.06,49.93
22,41.07,341.53,67.3,49.87
22,41.17,342.28,67.55,50.1
22,41.27,343.04,67.79,49.99
22,41.37,343.79,68.03,49.9
22,41.47,344.54,68.27,50.16
22,41.57,345.29,68.52,50.05
22,41.67,346.05,68.76,50.02
22,41.77,346.8,69.0,50.01
22,41.87,347.55,69.25,49.86
22,41.97,348.3,69.49,50.06
22,42.07,349.05,69.74,49.96
22,42.17,349.8,69.98,50.09
22,42.27,350.55,70.23,50.06
22,42.37,351.3,70.47,49.99
22,42.47,352.05,70.72,49.99
22,42.57,352.8,70.96,50.17
22,42.67,353.55,71.21,49.87
22,42.77,354.3,71.45,49.94
22,42.87,355.05,71.7,50.11
22,42.97,355.8,71.94,50.15
22,43.07,356.55,72.19,49.99
22,43.17,357.3,72.43,49.93
22,43.27,358.05,72.68,49.93
22,43.37,358.8,72.93,49.86
22,43.47,359.55,73.17,50.2
22,43.57,360.29,73.42,49.99
22,43.67,361.04,73.67,50.05
22,43.77,361.79,73.92,50.05
22,43.87,362.54,74.16,50.15
22,43.97,363.29,74.41,49.96
22,44.07,364.03,74.66,49.97
22,44.17,364.78,74.91,50.08
22,44.27,365.53,75.15,49.82
22,44.37,366.27,75.4,50.15
22,44.47,367.02,75.65,50.17
22,44.57,367.77,75.9,50.02
22,44.67,368.51,76.15,49.91
22,44.77,369.26,76.4,50.09
22,44.87,370.0,76.65,49.98
22,44.97,370.75,76.9,50.01
22,45.08,371.5,77.15,50.02
22,45.18,372.24,77.4,49.93
22,45.28,372.99,77.65,50.03
22,45.38,373.73,77.9,49.85
22,45.48,374.48,78.15,49.78
22,45.58,375.22,78.4,50.04
22,45.68,375.96,78.65,50.1
22,45.78,376.71,78.9,49.95
22,45.88,377.45,79.15,49.94
22,45.98,378.2,79.4,50.06
22,46.08,378.94,79.65,50.0
22,46.18,379.68,79.9,49.94
22,46.28,380.43,80.15,50.03
22,46.38,381.17,80.41,50.0
22,46.48,381.91,80.66,49.88
22,46.58,382.66,80.91,49.99
22,46.68,383.4,81.16,50.02
22,46.78,384.14,81.42,49.95
22,46.88,384.88,81.67,50.09
22,46.98,385.63,81.92,50.05
22,47.08,386.37,82.17,49.97
22,47.18,387.11,82.43,50.01
22,47.28,387.85,82.68,49.96
22,47.38,388.59,82.93,49.98
22,47.48,389.34,83.19,49.98
22,47.58,390.08,83.44,49.82
22,47.68,390.82,83.69,50.0
22,47.78,391.56,83.95,50.03
22,47.88,392.3,84.2,50.25
22,47.98,393.04,84.46,50.04
22,48.08,393.78,84.71,49.93
22,48.18,394.52,84.97,49.84
22,48.28,395.26,85.22,49.89
22,48.38,396.0,85.48,49.95
22,48.48,396.74,85.73,49.95
22,48.58,397.48,85.99,49.98
22,48.68,398.22,86.24,49.96
22,48.78,398.96,86.5,49.98
22,48.88,399.7,86.75,49.96
22,48.98,400.44,87.01,50.0
22,49.08,401.18,87.27,49.91
22,49.18,401.91,87.52,49.87
22,49.28,402.65,87.78,49.98
22,49.38,403.39,88.04,50.04
22,49.48,404.13,88.29,49.89
22,49.58,404.87,88.55,49.94
22,49.68,405.61,88.81,49.99
22,49.78,406.34,89.06,49.98
22,49.88,407.08,89.32,50.08
22,49.98,407.82,89.58,50.09
22,50.08,408.56,89.84,50.02
22,50.18,409.29,90.09,50.12
22,50.28,410.03,90.35,49.96
22,50.38,410.77,90.61,50.08
22,50.48,411.5,90.87,49.94
22,50.58,412.24,91.13,50.03
22,50.68,412.98,91.38,50.06
22,50.78,413.71,91.64,50.01
22,50.88,414.45,91.9,49.9
22,50.98,415.18,92.16,49.83
22,51.09,415.92,92.42,50.06
22,51.19,416.65,92.68,49.97
22,51.29,417.39,92.94,49.98
22,51.39,418.13,93.2,50.15
22,51.49,418.86,93.46,49.91
22,51.59,419.6,93.72,50.07
22,51.69,420.33,93.98,49.93
22,51.79,421.07,94.24,49.98
22,51.89,421.8,94.5,49.89
22,51.99,422.53,94.76,49.93
22,52.09,423.27,95.02,50.04
22,52.19,424.0,95.28,50.13
22,52.29,424.74,95.54,50.04
22,52.39,425.47,95.8,50.03
22,52.49,426.2,96.06,50.25
22,52.59,426.94,96.32,50.06
22,52.69,427.67,96.59,49.91
22,52.79,428.4,96.85,49.83
22,52.89,429.14,97.11,50.04
22,52.99,429.87,97.37,49.86
22,53.09,430.6,97.63,49.9
22,53.19,431.34,97.89,50.03
22,53.29,432.07,98.16,50.1
22,53.39,432.8,98.42,49.97
22,53.49,433.53,98.68,49.88
22,53.59,434.27,98.94,49.99
22,53.69,435.0,99.21,49.97
22,53.79,435.73,99.47,50.01
22,53.89,436.46,99.73,49.88
22,53.99,437.19,100.0,49.92
22,54.09,437.92,100.26,50.1
22,54.19,438.66,100.52,50.08
22,54.29,439.39,100.79,50.12
22,54.39,440.12,101.05,49.81
22,54.49,440.85,101.31,49.91
22,54.59,441.58,101.58,50.1
22,54.69,442.31,101.84,50.06
22,54.79,443.04,102.11,50.04
22,54.89,443.77,102.37,49.96
22,54.99,444.5,102.63,49.94
22,55.09,445.23,102.9,50.0
22,55.19,445.96,103.16,49.96
22,55.29,446.69,103.43,50.05
22,55.39,447.42,103.69,50.0
22,55.49,448.15,103.96,49.9
22,55.59,448.88,104.22,50.06
22,55.69,449.61,104.49,50.13
22,55.79,450.34,104.75,50.13
22,55.89,451.07,105.02,50.07
22,55.99,451.8,105.29,50.07
22,56.09,452.53,105.55,49.88
22,56.19,453.25,105.82,49.93
22,56.29,453.98,106.08,49.98
22,56.39,454.71,106.35,50.06
22,56.49,455.44,106.62,49.94
22,56.59,456.17,106.88,49.97
22,56.69,456.9,107.15,50.06
22,56.79,457.62,107.42,50.01
22,56.89,458.35,107.68,50.03
22,56.99,459.08,107.95,49.92
22,57.1,459.81,108.22,49.97
22,57.2,460.53,108.48,49.95
22,57.3,461.26,108.75,50.0
22,57.4,461.99,109.02,49.96
22,57.5,462.72,109.29,49.94
22,57.6,463.44,109.56,50.01
22,57.7,464.17,109.82,50.21
22,57.8,464.9,110.09,50.06
22,57.9,465.62,110.36,49.82
22,58.0,466.35,110.63,50.04
22,58.1,467.07,110.9,49.95
22,58.2,467.8,111.16,49.91
22,58.3,468.53,111.43,50.07
22,58.4,469.25,111.7,50.01
22,58.5,469.98,111.97,50.25
22,58.6,470.7,112.24,49.99
22,58.7,471.43,112.51,49.98
22,58.8,472.15,112.78,50.12
22,58.9,472.88,113.05,50.0
22,59.0,473.61,113.32,49.89
22,59.1,474.33,113.59,49.91
22,59.2,475.06,113.86,49.97
22,59.3,475.78,114.13,50.07
22,59.4,476.5,114.4,50.13
22,59.5,477.23,114.67,50.08
22,59.6,477.95,114.94,50.06
22,59.7,478.68,115.21,50.11
22,59.8,479.4,115.48,50.06
22,59.9,480.13,115.75,49.91
22,60.0,480.85,116.02,49.98
23,0.0,0.0,0.0,0.0
23,0.1,0.6,0.01,49.95
23,0.2,1.19,0.03,49.91
23,0.3,1.77,0.06,50.02
23,0.4,2.34,0.09,50.19
23,0.5,2.89,0.14,50.07
23,0.6,3.44,0.19,50.1
23,0.7,3.97,0.25,49.89
23,0.8,4.49,0.32,50.07
23,0.9,5.0,0.4,49.89
23,1.0,5.5,0.48,50.07
23,1.1,5.99,0.58,49.84
23,1.2,6.47,0.68,49.97
23,1.3,6.93,0.78,49.79
23,1.4,7.39,0.9,49.91
23,1.5,7.84,1.02,49.86
23,1.6,8.28,1.14,50.07
23,1.7,8.71,1.28,50.01
23,1.8,9.13,1.42,49.95
23,1.9,9.54,1.57,50.01
23,2.0,9.95,1.72,49.92
23,2.1,10.34,1.88,50.03
23,2.2,10.73,2.05,49.99
23,2.3,11.11,2.22,50.23
23,2.4,11.48,2.4,50.16
23,2.5,11.84,2.58,50.09
23,2.6,12.2,2.77,50.03
23,2.7,12.54,2.96,50.04
23,2.8,12.88,3.16,50.12
23,2.9,13.22,3.37,50.03
23,3.01,13.54,3.58,50.03
23,3.11,13.86,3.79,49.94
23,3.21,14.17,4.01,49.93
23,3.31,14.47,4.24,49.99
23,3.41,14.77,4.47,49.74
23,3.51,15.06,4.7,50.0
23,3.61,15.34,4.94,49.98
23,3.71,15.62,5.19,50.09
23,3.81,15.89,5.44,50.12
23,3.91,16.16,5.69,50.26
23,4.01,16.42,5.95,50.06
23,4.11,16.67,6.21,50.02
23,4.21,16.92,6.48,49.94
23,4.31,17.16,6.75,49.9
23,4.41,17.39,7.02,50.09
23,4.51,17.62,7.3,50.0
23,4.61,17.85,7.59,50.04
23,4.71,18.07,7.87,50.0
23,4.81,18.28,8.16,50.0
23,4.91,18.49,8.46,50.02
23,5.01,18.69,8.76,50.04
23,5.11,18.89,9.06,50.09
23,5.21,19.08,9.37,49.88
23,5.31,19.27,9.68,50.06
23,5.41,19.45,9.99,49.87
23,5.51,19.63,10.31,50.07
23,5.61,19.8,10.63,50.03
23,5.71,19.97,10.95,49.99
23,5.81,20.13,11.28,50.0
23,5.91,20.29,11.61,50.01
23,6.01,20.44,11.94,50.11
23,6.11,20.59,12.28,50.1
23,6.21,20.74,12.62,50.09
23,6.31,20.88,12.96,49.87
23,6.41,21.01,13.31,50.06
23,6.51,21.15,13.65,49.76
23,6.61,21.27,14.01,49.79
23,6.71,21.4,14.36,50.11
23,6.81,21.52,14.72,49.86
23,6.91,21.63,15.08,49.98
23,7.01,21.75,15.45,50.14
23,7.11,21.85,15.81,50.06
23,7.21,21.96,16.18,50.04
23,7.31,22.06,16.55,49.99
23,7.41,22.15,16.93,50.01
23,7.51,22.25,17.31,49.94
23,7.61,22.33,17.69,49.95
23,7.71,22.42,18.07,50.01
23,7.81,22.5,18.46,50.02
23,7.91,22.58,18.84,49.98
23,8.01,22.65,19.23,49.78
23,8.11,22.73,19.63,50.16
23,8.21,22.79,20.02,50.09
23,8.31,22.86,20.42,49.98
23,8.41,22.92,20.82,50.1
23,8.51,22.98,21.23,49.96
23,8.61,23.03,21.63,50.03
23,8.71,23.08,22.04,49.81
23,8.81,23.13,22.45,50.03
23,8.91,23.17,22.86,49.97
23,9.02,23.22,23.27,50.02
23,9.12,23.26,23.69,50.17
23,9.22,23.29,24.11,50.0
23,9.32,23.32,24.53,49.95
23,9.42,23.35,24.95,49.96
23,9.52,23.38,25.38,49.86
23,9.62,23.4,25.81,50.04
23,9.72,23.42,26.24,50.05
23,9.82,23.44,26.67,50.01
23,9.92,23.46,27.1,50.09
23,10.02,23.47,27.54,50.09
23,10.12,23.48,27.98,50.01
23,10.22,23.49,28.41,50.06
23,10.32,23.49,28.86,50.22
23,10.42,23.49,29.3,49.92
23,10.52,23.49,29.74,50.08
23,10.62,23.49,30.19,50.01
23,10.72,23.48,30.64,50.1
23,10.82,23.47,31.09,49.92
23,10.92,23.46,31.54,50.02
23,11.02,23.45,32.0,49.93
23,11.12,23.43,32.46,49.82
23,11.22,23.41,32.91,50.14
23,11.32,23.39,33.37,49.96
23,11.42,23.37,33.84,49.92
23,11.52,23.34,34.3,49.94
23,11.62,23.31,34.76,50.18
23,11.72,23.28,35.23,50.13
23,11.82,23.25,35.7,49.98
23,11.92,23.21,36.17,50.09
23,12.02,23.17,36.64,49.89
23,12.12,23.13,37.11,50.05
23,12.22,23.09,37.59,49.96
23,12.32,23.05,38.07,50.04
23,12.42,23.0,38.54,49.86
23,12.52,22.95,39.02,49.94
23,12.62,22.9,39.5,50.02
23,12.72,22.85,39.99,50.02
23,12.82,22.79,40.47,49.85
23,12.92,22.73,40.96,49.9
23,13.02,22.68,41.44,50.04
23,13.12,22.61,41.93,50.03
23,13.22,22.55,42.42,50.07
23,13.32,22.49,42.92,50.02
23,13.42,22.42,43.41,49.89
23,13.52,22.35,43.9,49.96
23,13.62,22.28,44.4,50.05
23,13.72,22.2,44.9,49.9
23,13.82,22.13,45.39,49.89
23,13.92,22.05,45.89,49.97
23,14.02,21.97,46.4,50.03
23,14.12,21.89,46.9,49.82
23,14.22,21.81,47.4,49.98
23,14.32,21.72,47.91,50.05
23,14.42,21.64,48.42,50.07
23,14.52,21.55,48.92,49.9
23,14.62,21.46,49.43,50.04
23,14.72,21.37,49.94,50.1
23,14.82,21.27,50.46,50.06
23,14.92,21.18,50.97,49.96
23,15.03,21.08,51.48,49.76
23,15.13,20.98,52.0,50.02
23,15.23,20.88,52.52,50.16
23,15.33,20.78,53.03,50.08
23,15.43,20.68,53.55,50.08
23,15.53,20.57,54.07,50.02
23,15.63,20.47,54.59,50.09
23,15.73,20.36,55.12,50.03
23,15.83,20.25,55.64,49.83
23,15.93,20.13,56.17,50.09
23,16.03,20.02,56.69,49.91
23,16.13,19.91,57.22,50.01
23,16.23,19.79,57.75,50.07
23,16.33,19.67,58.28,49.93
23,16.43,19.55,58.81,49.9
23,16.53,19.43,59.34,50.05
23,16.63,19.31,59.87,49.89
23,16.73,19.18,60.41,49.98
23,16.83,19.06,60.94,50.11
23,16.93,18.93,61.48,50.16
23,17.03,18.8,62.02,49.82
23,17.13,18.67,62.56,49.98
23,17.23,18.54,63.09,50.13
23,17.33,18.41,63.64,49.96
23,17.43,18.27,64.18,50.08
23,17.53,18.14,64.72,50.09
23,17.63,18.0,65.26,49.94
23,17.73,17.86,65.81,50.04
23,17.83,17.72,66.35,50.05
23,17.93,17.58,66.9,50.09
23,18.03,17.44,67.45,49.84
23,18.13,17.29,67.99,50.13
23,18.23,17.15,68.54,50.07
23,18.33,17.0,69.09,49.89
23,18.43,16.85,69.65,49.99
23,18.53,16.7,70.2,50.08
23,18.63,16.55,70.75,49.89
23,18.73,16.4,71.31,49.91
23,18.83,16.24,71.86,50.0
23,18.93,16.09,72.42,49.96
23,19.03,15.93,72.97,50.03
23,19.13,15.78,73.53,50.08
23,19.23,15.62,74.09,50.03
23,19.33,15.46,74.65,50.0
23,19.43,15.3,75.21,50.08
23,19.53,15.14,75.77,49.99
23,19.63,14.97,76.33,49.93
23,19.73,14.81,76.9,50.12
23,19.83,14.64,77.46,49.76
23,19.93,14.48,78.02,50.01
23,20.03,14.31,78.59,49.96
23,20.13,14.14,79.16,49.91
23,20.23,13.97,79.72,50.03
23,20.33,13.8,80.29,50.05
23,20.43,13.62,80.86,49.92
23,20.53,13.45,81.43,49.86
23,20.63,13.28,82.0,49.87
23,20.73,13.1,82.57,50.18
23,20.83,12.92,83.14,50.19
23,20.93,12.74,83.72,50.0
23,21.04,12.56,84.29,49.86
23,21.14,12.38,84.87,49.99
23,21.24,12.2,85.44,49.78
23,21.34,12.02,86.02,50.03
23,21.44,11.84,86.59,49.9
23,21.54,11.65,87.17,49.88
23,21.64,11.47,87.75,50.1
23,21.74,11.28,88.33,49.98
23,21.84,11.09,88.91,50.09
23,21.94,10.9,89.49,50.12
23,22.04,10.71,90.07,49.99
23,22.14,10.52,90.65,50.0
23,22.24,10.33,91.24,50.11
23,22.34,10.14,91.82,49.95
23,22.44,9.94,92.4,50.12
23,22.54,9.75,92.99,49.8
23,22.64,9.55,93.57,49.96
23,22.74,9.35,94.16,50.02
23,22.84,9.16,94.75,49.88
23,22.94,8.96,95.34,50.04
23,23.04,8.76,95.92,50.02
23,23.14,8.56,96.51,49.93
23,23.24,8.36,97.1,49.92
23,23.34,8.15,97.69,49.91
23,23.44,7.95,98.29,49.84
23,23.54,7.74,98.88,50.16
23,23.64,7.54,99.47,49.98
23,23.74,7.33,100.06,49.86
23,23.84,7.13,100.66,49.99
23,23.94,6.92,101.25,50.02
23,24.04,6.71,101.85,49.92
23,24.14,6.5,102.44,49.96
23,24.24,6.29,103.04,50.13
23,24.34,6.07,103.64,49.88
23,24.44,5.86,104.23,49.94
23,24.54,5.65,104.83,49.8
23,24.64,5.43,105.43,50.18
23,24.74,5.22,106.03,50.07
23,24.84,5.0,106.63,50.0
23,24.94,4.79,107.23,49.93
23,25.04,4.57,107.83,49.92
23,25.14,4.35,108.44,49.97
23,25.24,4.13,109.04,50.05
23,25.34,3.91,109.64,49.89
23,25.44,3.69,110.25,49.95
23,25.54,3.47,110.85,50.09
23,25.64,3.24,111.46,50.16
23,25.74,3.02,112.06,50.05
23,25.84,2.79,112.67,49.93
23,25.94,2.57,113.27,49.98
23,26.04,2.34,113.88,50.04
23,26.14,2.12,114.49,49.97
23,26.24,1.89,115.1,50.07
23,26.34,1.66,115.71,49.93
23,26.44,1.43,116.32,50.16
23,26.54,1.2,116.93,49.99
23,26.64,0.97,117.54,49.94
23,26.74,0.74,118.15,50.06
23,26.84,0.5,118.76,49.9
23,26.94,0.27,119.38,50.01
23,27.05,0.04,119.99,50.14
23,27.15,-0.2,120.6,49.88
23,27.25,-0.43,121.22,50.12
23,27.35,-0.67,121.83,49.87
23,27.45,-0.91,122.45,50.08
23,27.55,-1.14,123.06,49.91
23,27.65,-1.38,123.68,50.12
23,27.75,-1.62,124.29,49.94
23,27.85,-1.86,124.91,49.96
23,27.95,-2.1,125.53,49.91
23,28.05,-2.34,126.15,49.76
23,28.15,-2.58,126.77,49.89
23,28.25,-2.83,127.39,49.83
23,28.35,-3.07,128.01,49.8
23,28.45,-3.31,128.63,50.03
23,28.55,-3.56,129.25,50.15
23,28.65,-3.81,129.87,50.18
23,28.75,-4.05,130.49,49.88
23,28.85,-4.3,131.11,49.99
23,28.95,-4.55,131.74,50.12
23,29.05,-4.79,132.36,49.87
23,29.15,-5.04,132.98,50.12
23,29.25,-5.29,133.61,50.12
23,29.35,-5.54,134.23,49.81
23,29.45,-5.79,134.86,49.76
23,29.55,-6.05,135.48,49.96
23,29.65,-6.3,136.11,50.09
23,29.75,-6.55,136.74,49.85
23,29.85,-6.8,137.36,49.8
23,29.95,-7.06,137.99,50.01
23,30.05,-7.31,138.62,50.06
23,30.15,-7.57,139.25,49.93
23,30.25,-7.82,139.88,49.94
23,30.35,-8.08,140.51,50.06
23,30.45,-8.34,141.14,49.91
23,30.55,-8.6,141.77,49.92
23,30.65,-8.86,142.4,50.03
23,30.75,-9.12,143.03,50.04
23,30.85,-9.38,143.66,49.98
23,30.95,-9.64,144.29,50.15
23,31.05,-9.9,144.93,50.07
23,31.15,-10.16,145.56,49.96
23,31.25,-10.42,146.19,49.87
23,31.35,-10.68,146.83,50.1
23,31.45,-10.95,147.46,50.1
23,31.55,-11.21,148.1,49.99
23,31.65,-11.48,148.73,50.03
23,31.75,-11.74,149.37,50.07
23,31.85,-12.01,150.0,50.16
23,31.95,-12.27,150.64,50.09
23,32.05,-12.54,151.28,50.04
23,32.15,-12.81,151.92,50.09
23,32.25,-13.08,152.55,50.12
23,32.35,-13.35,153.19,50.03
23,32.45,-13.62,153.83,50.09
23,32.55,-13.89,154.47,49.93
23,32.65,-14.16,155.11,50.1
23,32.75,-14.43,155.75,49.93
23,32.85,-14.7,156.39,49.9
23,32.95,-14.97,157.03,49.99
23,33.06,-15.24,157.67,49.87
23,33.16,-15.52,158.31,49.94
23,33.26,-15.79,158.95,50.04
23,33.36,-16.07,159.6,50.03
23,33.46,-16.34,160.24,50.06
23,33.56,-16.62,160.88,50.07
23,33.66,-16.89,161.53,50.04
23,33.76,-17.17,162.17,49.91
23,33.86,-17.45,162.81,50.09
23,33.96,-17.72,163.46,49.99
23,34.06,-18.0,164.1,50.02
23,34.16,-18.28,164.75,50.01
23,34.26,-18.56,165.39,50.16
23,34.36,-18.84,166.04,49.88
23,34.46,-19.12,166.69,49.97
23,34.56,-19.4,167.33,50.05
23,34.66,-19.68,167.98,50.0
23,34.76,-19.96,168.63,49.95
23,34.86,-20.25,169.28,49.81
23,34.96,-20.53,169.92,49.97
23,35.06,-20.81,170.57,50.04
23,35.16,-21.1,171.22,50.05
23,35.26,-21.38,171.87,49.98
23,35.36,-21.66,172.52,50.02
23,35.46,-21.95,173.17,49.89
23,35.56,-22.24,173.82,50.04
23,35.66,-22.52,174.47,50.0
23,35.76,-22.81,175.12,50.02
23,35.86,-23.1,175.78,49.98
23,35.96,-23.38,176.43,50.02
23,36.06,-23.67,177.08,50.06
23,36.16,-23.96,177.73,50.03
23,36.26,-24.25,178.39,49.82
23,36.36,-24.54,179.04,50.03
23,36.46,-24.83,179.69,49.96
23,36.56,-25.12,180.35,49.93
23,36.66,-25.41,181.0,50.13
23,36.76,-25.7,181.66,49.91
23,36.86,-26.0,182.31,49.92
23,36.96,-26.29,182.97,49.78
23,37.06,-26.58,183.62,50.14
23,37.16,-26.88,184.28,50.09
23,37.26,-27.17,184.93,49.97
23,37.36,-27.46,185.59,50.06
23,37.46,-27.76,186.25,49.78
23,37.56,-28.05,186.9,50.05
23,37.66,-28.35,187.56,49.91
23,37.76,-28.65,188.22,50.17
23,37.86,-28.94,188.88,50.04
23,37.96,-29.24,189.54,50.01
23,38.06,-29.54,190.2,49.92
23,38.16,-29.83,190.85,49.92
23,38.26,-30.13,191.51,50.06
23,38.36,-30.43,192.17,49.92
23,38.46,-30.73,192.83,49.91
23,38.56,-31.03,193.49,50.14
23,38.66,-31.33,194.16,50.03
23,38.76,-31.63,194.82,49.89
23,38.86,-31.93,195.48,50.06
23,38.96,-32.23,196.14,49.97
23,39.07,-32.54,196.8,49.82
23,39.17,-32.84,197.46,49.95
23,39.27,-33.14,198.13,49.9
23,39.37,-33.44,198.79,50.03
23,39.47,-33.75,199.45,49.93
23,39.57,-34.05,200.12,50.01
23,39.67,-34.36,200.78,50.07
23,39.77,-34.66,201.44,50.24
23,39.87,-34.97,202.11,50.2
23,39.97,-35.27,202.77,50.02
23,40.07,-35.58,203.44,49.99
23,40.17,-35.88,204.1,49.94
23,40.27,-36.19,204.77,49.84
23,40.37,-36.5,205.43,49.77
23,40.47,-36.8,206.1,49.92
23,40.57,-37.11,206.77,50.16
23,40.67,-37.42,207.43,50.16
23,40.77,-37.73,208.1,50.01
23,40.87,-38.04,208.77,50.05
23,40.97,-38.35,209.44,49.94
23,41.07,-38.66,210.1,50.0
23,41.17,-38.97,210.77,49.92
23,41.27,-39.28,211.44,49.92
23,41.37,-39.59,212.11,50.06
23,41.47,-39.9,212.78,49.94
23,41.57,-40.21,213.45,50.05
23,41.67,-40.53,214.12,49.99
23,41.77,-40.84,214.79,50.14
23,41.87,-41.15,215.46,50.06
23,41.97,-41.47,216.13,50.02
23,42.07,-41.78,216.8,49.86
23,42.17,-42.09,217.47,49.95
23,42.27,-42.41,218.14,49.99
23,42.37,-42.72,218.81,50.01
23,42.47,-43.04,219.48,50.07
23,42.57,-43.35,220.15,50.02
23,42.67,-43.67,220.83,49.9
23,42.77,-43.99,221.5,50.06
23,42.87,-44.3,222.17,49.95
23,42.97,-44.62,222.85,49.94
23,43.07,-44.94,223.52,49.89
23,43.17,-45.25,224.19,49.96
23,43.27,-45.57,224.87,49.94
23,43.37,-45.89,225.54,50.12
23,43.47,-46.21,226.21,49.97
23,43.57,-46.53,226.89,50.05
23,43.67,-46.85,227.56,49.82
23,43.77,-47.17,228.24,50.07
23,43.87,-47.49,228.91,50.06
23,43.97,-47.81,229.59,49.85
23,44.07,-48.13,230.26,49.91
23,44.17,-48.45,230.94,49.93
23,44.27,-48.77,231.62,49.98
23,44.37,-49.1,232.29,49.93
23,44.47,-49.42,232.97,49.98
23,44.57,-49.74,233.65,50.07
23,44.67,-50.06,234.32,49.94
23,44.77,-50.39,235.0,50.03
23,44.87,-50.71,235.68,50.02
23,44.97,-51.04,236.36,49.7
23,45.08,-51.36,237.04,49.92
23,45.18,-51.68,237.72,50.1
23,45.28,-52.01,238.39,49.91
23,45.38,-52.33,239.07,49.89
23,45.48,-52.66,239.75,50.1
23,45.58,-52.99,240.43,50.02
23,45.68,-53.31,241.11,50.15
23,45.78,-53.64,241.79,49.95
23,45.88,-53.97,242.47,50.12
23,45.98,-54.29,243.15,49.91
23,46.08,-54.62,243.83,49.74
23,46.18,-54.95,244.51,50.07
23,46.28,-55.28,245.19,50.06
23,46.38,-55.61,245.88,50.07
23,46.48,-55.94,246.56,49.98
23,46.58,-56.26,247.24,50.15
23,46.68,-56.59,247.92,50.09
23,46.78,-56.92,248.6,50.08
23,46.88,-57.25,249.29,50.01
23,46.98,-57.58,249.97,49.87
23,47.08,-57.92,250.65,50.01
23,47.18,-58.25,251.33,50.04
23,47.28,-58.58,252.02,50.2
23,47.38,-58.91,252.7,50.03
23,47.48,-59.24,253.38,49.9
23,47.58,-59.57,254.07,50.05
23,47.68,-59.91,254.75,50.13
23,47.78,-60.24,255.44,50.17
23,47.88,-60.57,256.12,49.99
23,47.98,-60.91,256.81,49.98
23,48.08,-61.24,257.49,49.86
23,48.18,-61.57,258.18,49.94
23,48.28,-61.91,258.86,50.04
23,48.38,-62.24,259.55,49.85
23,48.48,-62.58,260.23,50.2
23,48.58,-62.91,260.92,49.96
23,48.68,-63.25,261.61,50.01
23,48.78,-63.59,262.29,50.03
23,48.88,-63.92,262.98,50.11
23,48.98,-64.26,263.67,50.03
23,49.08,-64.6,264.35,49.89
23,49.18,-64.93,265.04,50.04
23,49.28,-65.27,265.73,50.11
23,49.38,-65.61,266.42,49.91
23,49.48,-65.95,267.11,50.08
23,49.58,-66.28,267.79,50.03
23,49.68,-66.62,268.48,50.01
23,49.78,-66.96,269.17,49.94
23,49.88,-67.3,269.86,49.98
23,49.98,-67.64,270.55,50.04
23,50.08,-67.98,271.24,49.96
23,50.18,-68.32,271.93,49.9
23,50.28,-68.66,272.62,49.9
23,50.38,-69.0,273.31,50.03
23,50.48,-69.34,274.0,50.05
23,50.58,-69.68,274.69,49.99
23,50.68,-70.02,275.38,50.18
23,50.78,-70.36,276.07,49.83
23,50.88,-70.71,276.76,50.04
23,50.98,-71.05,277.45,49.82
23,51.09,-71.39,278.14,49.99
23,51.19,-71.73,278.83,50.03
23,51.29,-72.08,279.52,49.98
23,51.39,-72.42,280.22,49.8
23,51.49,-72.76,280.91,49.99
23,51.59,-73.11,281.6,50.0
23,51.69,-73.45,282.29,50.09
23,51.79,-73.79,282.99,49.86
23,51.89,-74.14,283.68,50.14
23,51.99,-74.48,284.37,49.75
23,52.09,-74.83,285.06,49.87
23,52.19,-75.17,285.76,50.02
23,52.29,-75.52,286.45,50.03
23,52.39,-75.87,287.14,50.15
23,52.49,-76.21,287.84,50.02
23,52.59,-76.56,288.53,49.99
23,52.69,-76.9,289.23,50.04
23,52.79,-77.25,289.92,49.77
23,52.89,-77.6,290.62,49.9
23,52.99,-77.95,291.31,49.88
23,53.09,-78.29,292.01,50.1
23,53.19,-78.64,292.7,50.13
23,53.29,-78.99,293.4,50.19
23,53.39,-79.34,294.09,50.06
23,53.49,-79.69,294.79,50.09
23,53.59,-80.04,295.48,50.01
23,53.69,-80.38,296.18,49.95
23,53.79,-80.73,296.88,49.89
23,53.89,-81.08,297.57,49.88
23,53.99,-81.43,298.27,49.86
23,54.09,-81.78,298.97,50.07
23,54.19,-82.13,299.66,49.96
23,54.29,-82.48,300.36,49.93
23,54.39,-82.84,301.06,49.8
23,54.49,-83.19,301.75,49.91
23,54.59,-83.54,302.45,49.97
23,54.69,-83.89,303.15,49.85
23,54.79,-84.24,303.85,50.27
23,54.89,-84.59,304.55,49.87
23,54.99,-84.95,305.24,50.12
23,55.09,-85.3,305.94,49.99
23,55.19,-85.65,306.64,49.94
23,55.29,-86.0,307.34,49.98
23,55.39,-86.36,308.04,50.0
23,55.49,-86.71,308.74,50.02
23,55.59,-87.06,309.44,49.9
23,55.69,-87.42,310.14,50.06
23,55.79,-87.77,310.84,49.97
23,55.89,-88.13,311.54,49.87
23,55.99,-88.48,312.24,49.96
23,56.09,-88.84,312.94,50.14
23,56.19,-89.19,313.64,50.02
23,56.29,-89.55,314.34,50.0
23,56.39,-89.9,315.04,49.96
23,56.49,-90.26,315.74,49.97
23,56.59,-90.61,316.44,50.02
23,56.69,-90.97,317.14,49.97
23,56.79,-91.33,317.84,50.05
23,56.89,-91.68,318.55,50.03
23,56.99,-92.04,319.25,49.88
23,57.1,-92.4,319.95,50.05
23,57.2,-92.75,320.65,49.9
23,57.3,-93.11,321.35,49.9
23,57.4,-93.47,322.06,50.0
23,57.5,-93.83,322.76,50.03
23,57.6,-94.19,323.46,50.06
23,57.7,-94.54,324.16,49.78
23,57.8,-94.9,324.87,50.08
23,57.9,-95.26,325.57,50.04
23,58.0,-95.62,326.27,49.93
23,58.1,-95.98,326.98,49.98
23,58.2,-96.34,327.68,50.02
23,58.3,-96.7,328.38,49.65
23,58.4,-97.06,329.09,49.87
23,58.5,-97.42,329.79,50.12
23,58.6,-97.78,330.5,49.94
23,58.7,-98.14,331.2,49.99
23,58.8,-98.5,331.9,49.99
23,58.9,-98.86,332.61,50.07
23,59.0,-99.22,333.31,49.96
23,59.1,-99.58,334.02,49.97
23,59.2,-99.95,334.72,50.02
23,59.3,-100.31,335.43,50.08
23,59.4,-100.67,336.13,50.12
23,59.5,-101.03,336.84,49.97
23,59.6,-101.39,337.55,49.95
23,59.7,-101.76,338.25,49.99
23,59.8,-102.12,338.96,50.13
23,59.9,-102.48,339.66,50.08
23,60.0,-102.85,340.37,49.95
24,0.0,0.0,0.0,0.0
24,0.1,0.61,-0.0,50.12
24,0.2,1.22,-0.0,49.89
24,0.3,1.81,-0.0,49.96
24,0.4,2.4,-0.0,50.09
24,0.5,2.99,-0.0,50.04
24,0.6,3.57,-0.0,49.8
24,0.7,4.14,-0.01,49.89
24,0.8,4.71,-0.01,50.06
24,0.9,5.27,-0.01,50.02
24,1.0,5.82,-0.01,50.07
24,1.1,6.37,-0.01,50.08
24,1.2,6.92,-0.02,50.02
24,1.3,7.46,-0.02,50.04
24,1.4,7.99,-0.02,49.94
24,1.5,8.52,-0.03,50.01
24,1.6,9.04,-0.03,50.03
24,1.7,9.56,-0.03,50.17
24,1.8,10.08,-0.04,49.92
24,1.9,10.59,-0.04,50.07
24,2.0,11.09,-0.04,49.99
24,2.1,11.59,-0.05,50.07
24,2.2,12.08,-0.05,49.99
24,2.3,12.57,-0.06,50.12
24,2.4,13.06,-0.06,49.93
24,2.5,13.54,-0.07,50.01
24,2.6,14.02,-0.07,50.04
24,2.7,14.49,-0.08,49.93
24,2.8,14.96,-0.08,50.03
24,2.9,15.43,-0.09,50.1
24,3.01,15.89,-0.09,49.99
24,3.11,16.35,-0.1,50.08
24,3.21,16.8,-0.1,49.93
24,3.31,17.25,-0.11,49.89
24,3.41,17.7,-0.12,50.07
24,3.51,18.14,-0.12,49.94
24,3.61,18.58,-0.13,49.83
24,3.71,19.01,-0.14,49.92
24,3.81,19.44,-0.14,50.13
24,3.91,19.87,-0.15,50.11
24,4.01,20.3,-0.16,49.89
24,4.11,20.72,-0.16,49.85
24,4.21,21.14,-0.17,49.96
24,4.31,21.55,-0.18,50.1
24,4.41,21.96,-0.18,49.98
24,4.51,22.37,-0.19,49.98
24,4.61,22.78,-0.2,49.94
24,4.71,23.18,-0.21,49.97
24,4.81,23.58,-0.21,50.08
24,4.91,23.97,-0.22,50.01
24,5.01,24.37,-0.23,49.98
24,5.11,24.76,-0.24,50.07
24,5.21,25.14,-0.25,50.01
24,5.31,25.53,-0.25,50.1
24,5.41,25.91,-0.26,49.93
24,5.51,26.29,-0.27,50.03
24,5.61,26.67,-0.28,50.09
24,5.71,27.04,-0.29,50.16
24,5.81,27.41,-0.3,49.89
24,5.91,27.78,-0.31,49.98
24,6.01,28.15,-0.31,49.87
24,6.11,28.51,-0.32,49.9
24,6.21,28.87,-0.33,50.0
24,6.31,29.23,-0.34,49.8
24,6.41,29.58,-0.35,50.04
24,6.51,29.94,-0.36,50.06
24,6.61,30.29,-0.37,49.99
24,6.71,30.64,-0.38,49.92
24,6.81,30.98,-0.39,49.98
24,6.91,31.33,-0.4,50.21
24,7.01,31.67,-0.41,49.95
24,7.11,32.01,-0.42,49.92
24,7.21,32.35,-0.43,49.77
24,7.31,32.68,-0.44,50.1
24,7.41,33.02,-0.45,49.88
24,7.51,33.35,-0.46,50.01
24,7.61,33.68,-0.47,50.21
24,7.71,34.0,-0.48,50.04
24,7.81,34.33,-0.49,50.04
24,7.91,34.65,-0.5,49.97
24,8.01,34.97,-0.51,50.03
24,8.11,35.29,-0.52,50.01
24,8.21,35.61,-0.53,50.05
24,8.31,35.92,-0.54,49.76
24,8.41,36.23,-0.55,50.04
24,8.51,36.54,-0.56,50.04
24,8.61,36.85,-0.57,50.25
24,8.71,37.16,-0.59,50.0
24,8.81,37.47,-0.6,50.02
24,8.91,37.77,-0.61,50.04
24,9.02,38.07,-0.62,50.04
24,9.12,38.37,-0.63,49.88
24,9.22,38.67,-0.64,50.08
24,9.32,38.97,-0.65,49.91
24,9.42,39.26,-0.66,50.04
24,9.52,39.55,-0.68,49.91
24,9.62,39.85,-0.69,49.98
24,9.72,40.14,-0.7,49.95
24,9.82,40.42,-0.71,49.98
24,9.92,40.71,-0.72,49.99
24,10.02,40.99,-0.73,50.04
24,10.12,41.28,-0.75,49.99
24,10.22,41.56,-0.76,50.09
24,10.32,41.84,-0.77,49.95
24,10.42,42.12,-0.78,50.04
24,10.52,42.39,-0.79,49.92
24,10.62,42.67,-0.81,50.18
24,10.72,42.94,-0.82,50.04
24,10.82,43.22,-0.83,49.93
24,10.92,43.49,-0.84,50.17
24,11.02,43.76,-0.85,50.05
24,11.12,44.02,-0.87,49.93
24,11.22,44.29,-0.88,49.99
24,11.32,44.56,-0.89,49.89
24,11.42,44.82,-0.9,49.89
24,11.52,45.08,-0.92,50.12
24,11.62,45.34,-0.93,49.91
24,11.72,45.6,-0.94,49.87
24,11.82,45.86,-0.95,50.06
24,11.92,46.12,-0.97,50.17
24,12.02,46.37,-0.98,50.12
24,12.12,46.63,-0.99,50.23
24,12.22,46.88,-1.01,50.24
24,12.32,47.13,-1.02,49.91
24,12.42,47.38,-1.03,49.97
24,12.52,47.63,-1.04,49.84
24,12.62,47.88,-1.06,49.88
24,12.72,48.13,-1.07,50.11
24,12.82,48.37,-1.08,50.03
24,12.92,48.62,-1.1,50.15
24,13.02,48.86,-1.11,49.91
24,13.12,49.1,-1.12,49.95
24,13.22,49.34,-1.14,50.06
24,13.32,49.58,-1.15,50.11
24,13.42,49.82,-1.16,49.84
24,13.52,50.06,-1.18,49.98
24,13.62,50.29,-1.19,50.04
24,13.72,50.53,-1.2,50.08
24,13.82,50.76,-1.22,50.1
24,13.92,50.99,-1.23,49.99
24,14.02,51.23,-1.24,49.88
24,14.12,51.46,-1.26,49.81
24,14.22,51.68,-1.27,49.98
24,14.32,51.91,-1.29,49.97
24,14.42,52.14,-1.3,49.92
24,14.52,52.37,-1.31,50.09
24,14.62,52.59,-1.33,49.89
24,14.72,52.81,-1.34,49.93
24,14.82,53.04,-1.36,50.12
24,14.92,53.26,-1.37,49.92
24,15.03,53.48,-1.38,50.03
24,15.13,53.7,-1.4,50.0
24,15.23,53.92,-1.41,50.02
24,15.33,54.14,-1.43,50.09
24,15.43,54.35,-1.44,50.03
24,15.53,54.57,-1.45,49.86
24,15.63,54.78,-1.47,49.88
24,15.73,55.0,-1.48,50.03
24,15.83,55.21,-1.5,49.91
24,15.93,55.42,-1.51,50.1
24,16.03,55.63,-1.53,50.03
24,16.13,55.84,-1.54,49.83
24,16.23,56.05,-1.55,50.19
24,16.33,56.26,-1.57,49.96
24,16.43,56.47,-1.58,49.98
24,16.53,56.68,-1.6,50.04
24,16.63,56.88,-1.61,49.99
24,16.73,57.09,-1.63,50.1
24,16.83,57.29,-1.64,49.9
24,16.93,57.49,-1.66,50.11
24,17.03,57.69,-1.67,50.07
24,17.13,57.9,-1.69,49.92
24,17.23,58.1,-1.7,50.03
24,17.33,58.29,-1.72,50.12
24,17.43,58.49,-1.73,50.05
24,17.53,58.69,-1.74,50.01
24,17.63,58.89,-1.76,50.06
24,17.73,59.08,-1.77,50.07
24,17.83,59.28,-1.79,49.95
24,17.93,59.47,-1.8,50.02
24,18.03,59.67,-1.82,50.08
24,18.13,59.86,-1.83,50.01
24,18.23,60.05,-1.85,49.93
24,18.33,60.24,-1.86,50.03
24,18.43,60.43,-1.88,49.96
24,18.53,60.62,-1.89,50.06
24,18.63,60.81,-1.91,50.14
24,18.73,61.0,-1.92,50.07
24,18.83,61.19,-1.94,49.92
24,18.93,61.37,-1.96,50.03
24,19.03,61.56,-1.97,49.74
24,19.13,61.75,-1.99,49.99
24,19.23,61.93,-2.0,50.09
24,19.33,62.11,-2.02,50.04
24,19.43,62.3,-2.03,50.01
24,19.53,62.48,-2.05,50.21
24,19.63,62.66,-2.06,49.83
24,19.73,62.84,-2.08,49.85
24,19.83,63.02,-2.09,50.05
24,19.93,63.2,-2.11,50.09
24,20.03,63.38,-2.12,50.09
24,20.13,63.56,-2.14,49.94
24,20.23,63.73,-2.16,49.92
24,20.33,63.91,-2.17,49.9
24,20.43,64.09,-2.19,50.03
24,20.53,64.26,-2.2,49.9
24,20.63,64.44,-2.22,50.11
24,20.73,64.61,-2.23,50.0
24,20.83,64.78,-2.25,49.93
24,20.93,64.95,-2.27,49.93
24,21.04,65.13,-2.28,49.85
24,21.14,65.3,-2.3,49.92
24,21.24,65.47,-2.31,49.94
24,21.34,65.64,-2.33,50.04
24,21.44,65.81,-2.34,49.99
24,21.54,65.98,-2.36,49.91
24,21.64,66.14,-2.38,49.88
24,21.74,66.31,-2.39,49.98
24,21.84,66.48,-2.41,49.79
24,21.94,66.64,-2.42,49.97
24,22.04,66.81,-2.44,50.11
24,22.14,66.97,-2.46,49.98
24,22.24,67.14,-2.47,50.02
24,22.34,67.3,-2.49,50.0
24,22.44,67.46,-2.5,49.86
24,22.54,67.63,-2.52,50.18
24,22.64,67.79,-2.54,49.96
24,22.74,67.95,-2.55,50.0
24,22.84,68.11,-2.57,49.93
24,22.94,68.27,-2.58,50.11
24,23.04,68.43,-2.6,49.85
24,23.14,68.59,-2.62,50.13
24,23.24,68.75,-2.63,49.97
24,23.34,68.91,-2.65,49.95
24,23.44,69.06,-2.67,49.94
24,23.54,69.22,-2.68,50.18
24,23.64,69.38,-2.7,49.84
24,23.74,69.53,-2.71,49.95
24,23.84,69.69,-2.73,49.87
24,23.94,69.84,-2.75,49.82
24,24.04,69.99,-2.76,50.13
24,24.14,70.15,-2.78,50.0
24,24.24,70.3,-2.8,49.88
24,24.34,70.45,-2.81,50.08
24,24.44,70.6,-2.83,49.96
24,24.54,70.76,-2.85,49.94
24,24.64,70.91,-2.86,50.06
24,24.74,71.06,-2.88,49.96
24,24.84,71.21,-2.9,49.9
24,24.94,71.36,-2.91,50.07
24,25.04,71.5,-2.93,49.99
24,25.14,71.65,-2.94,50.07
24,25.24,71.8,-2.96,49.96
24,25.34,71.95,-2.98,50.1
24,25.44,72.09,-2.99,50.0
24,25.54,72.24,-3.01,50.11
24,25.64,72.39,-3.03,50.1
24,25.74,72.53,-3.04,50.12
24,25.84,72.67,-3.06,50.01
24,25.94,72.82,-3.08,50.04
24,26.04,72.96,-3.09,49.98
24,26.14,73.11,-3.11,49.91
24,26.24,73.25,-3.13,50.2
24,26.34,73.39,-3.15,49.92
24,26.44,73.53,-3.16,50.09
24,26.54,73.67,-3.18,50.07
24,26.64,73.81,-3.2,50.02
24,26.74,73.95,-3.21,49.98
24,26.84,74.09,-3.23,49.99
24,26.94,74.23,-3.25,49.93
24,27.05,74.37,-3.26,50.01
24,27.15,74.51,-3.28,49.88
24,27.25,74.65,-3.3,50.07
24,27.35,74.79,-3.31,49.98
24,27.45,74.92,-3.33,49.9
24,27.55,75.06,-3.35,49.87
24,27.65,75.2,-3.37,49.99
24,27.75,75.33,-3.38,49.99
24,27.85,75.47,-3.4,49.95
24,27.95,75.6,-3.42,50.05
24,28.05,75.74,-3.43,50.03
24,28.15,75.87,-3.45,50.01
24,28.25,76.01,-3.47,49.91
24,28.35,76.14,-3.48,49.93
24,28.45,76.27,-3.5,49.86
24,28.55,76.4,-3.52,49.98
24,28.65,76.54,-3.54,50.06
24,28.75,76.67,-3.55,49.88
24,28.85,76.8,-3.57,49.94
24,28.95,76.93,-3.59,49.99
24,29.05,77.06,-3.6,50.06
24,29.15,77.19,-3.62,49.85
24,29.25,77.32,-3.64,50.22
24,29.35,77.45,-3.66,50.08
24,29.45,77.58,-3.67,49.94
24,29.55,77.7,-3.69,49.89
24,29.65,77.83,-3.71,50.03
24,29.75,77.96,-3.73,50.05
24,29.85,78.09,-3.74,49.9
24,29.95,78.21,-3.76,49.89
24,30.05,78.34,-3.78,49.91
24,30.15,78.47,-3.79,50.01
24,30.25,78.59,-3.81,50.01
24,30.35,78.72,-3.83,50.22
24,30.45,78.84,-3.85,49.78
24,30.55,78.96,-3.86,49.93
24,30.65,79.09,-3.88,49.95
24,30.75,79.21,-3.9,50.05
24,30.85,79.34,-3.92,50.05
24,30.95,79.46,-3.93,49.98
24,31.05,79.58,-3.95,50.15
24,31.15,79.7,-3.97,49.89
24,31.25,79.82,-3.99,49.93
24,31.35,79.95,-4.0,49.87
24,31.45,80.07,-4.02,49.99
24,31.55,80.19,-4.04,49.97
24,31.65,80.31,-4.06,50.08
24,31.75,80.43,-4.07,50.19
24,31.85,80.55,-4.09,50.15
24,31.95,80.67,-4.11,49.88
24,32.05,80.78,-4.13,50.01
24,32.15,80.9,-4.15,50.08
24,32.25,81.02,-4.16,50.07
24,32.35,81.14,-4.18,50.23
24,32.45,81.26,-4.2,49.98
24,32.55,81.37,-4.22,50.01
24,32.65,81.49,-4.23,50.22
24,32.75,81.61,-4.25,50.04
24,32.85,81.72,-4.27,49.94
24,32.95,81.84,-4.29,49.9
24,33.06,81.95,-4.3,50.02
24,33.16,82.07,-4.32,50.11
24,33.26,82.18,-4.34,50.11
24,33.36,82.3,-4.36,49.91
24,33.46,82.41,-4.38,50.01
24,33.56,82.53,-4.39,49.95
24,33.66,82.64,-4.41,49.99
24,33.76,82.75,-4.43,50.09
24,33.86,82.86,-4.45,50.0
24,33.96,82.98,-4.46,50.07
24,34.06,83.09,-4.48,50.07
24,34.16,83.2,-4.5,49.94
24,34.26,83.31,-4.52,50.12
24,34.36,83.42,-4.54,49.89
24,34.46,83.53,-4.55,49.87
24,34.56,83.64,-4.57,49.95
24,34.66,83.75,-4.59,49.9
24,34.76,83.86,-4.61,50.06
24,34.86,83.97,-4.63,50.26
24,34.96,84.08,-4.64,50.11
24,35.06,84.19,-4.66,49.92
24,35.16,84.3,-4.68,49.9
24,35.26,84.41,-4.7,50.1
24,35.36,84.52,-4.72,49.88
24,35.46,84.63,-4.73,49.9
24,35.56,84.73,-4.75,50.04
24,35.66,84.84,-4.77,49.95
24,35.76,84.95,-4.79,50.01
24,35.86,85.05,-4.81,49.97
24,35.96,85.16,-4.82,50.0
24,36.06,85.26,-4.84,50.09
24,36.16,85.37,-4.86,50.06
24,36.26,85.48,-4.88,50.09
24,36.36,85.58,-4.9,50.06
24,36.46,85.69,-4.91,50.07
24,36.56,85.79,-4.93,50.0
24,36.66,85.89,-4.95,49.85
24,36.76,86.0,-4.97,49.99
24,36.86,86.1,-4.99,50.03
24,36.96,86.2,-5.0,50.01
24,37.06,86.31,-5.02,50.04
24,37.16,86.41,-5.04,50.21
24,37.26,86.51,-5.06,49.95
24,37.36,86.62,-5.08,49.96
24,37.46,86.72,-5.1,50.12
24,37.56,86.82,-5.11,50.01
24,37.66,86.92,-5.13,50.05
24,37.76,87.02,-5.15,49.94
24,37.86,87.12,-5.17,49.93
24,37.96,87.22,-5.19,49.88
24,38.06,87.32,-5.21,50.02
24,38.16,87.42,-5.22,49.9
24,38.26,87.52,-5.24,49.89
24,38.36,87.62,-5.26,50.07
24,38.46,87.72,-5.28,49.94
24,38.56,87.82,-5.3,49.88
24,38.66,87.92,-5.32,49.87
24,38.76,88.02,-5.33,50.09
24,38.86,88.12,-5.35,49.99
24,38.96,88.21,-5.37,49.96
24,39.07,88.31,-5.39,50.02
24,39.17,88.41,-5.41,50.01
24,39.27,88.51,-5.43,49.95
24,39.37,88.6,-5.44,49.97
24,39.47,88.7,-5.46,50.07
24,39.57,88.8,-5.48,50.08
24,39.67,88.89,-5.5,49.92
24,39.77,88.99,-5.52,50.13
24,39.87,89.08,-5.54,50.2
24,39.97,89.18,-5.55,49.97
24,40.07,89.27,-5.57,49.97
24,40.17,89.37,-5.59,49.91
24,40.27,89.46,-5.61,49.93
24,40.37,89.56,-5.63,50.03
24,40.47,89.65,-5.65,50.23
24,40.57,89.74,-5.67,50.07
24,40.67,89.84,-5.68,49.97
24,40.77,89.93,-5.7,49.96
24,40.87,90.02,-5.72,49.93
24,40.97,90.12,-5.74,50.11
24,41.07,90.21,-5.76,49.98
24,41.17,90.3,-5.78,50.05
24,41.27,90.4,-5.79,49.98
24,41.37,90.49,-5.81,50.21
24,41.47,90.58,-5.83,49.95
24,41.57,90.67,-5.85,49.93
24,41.67,90.76,-5.87,49.95
24,41.77,90.85,-5.89,50.04
24,41.87,90.94,-5.91,50.14
24,41.97,91.03,-5.92,50.04
24,42.07,91.12,-5.94,50.07
24,42.17,91.21,-5.96,50.06
24,42.27,91.3,-5.98,49.83
24,42.37,91.39,-6.0,50.0
24,42.47,91.48,-6.02,49.97
24,42.57,91.57,-6.04,49.99
24,42.67,91.66,-6.06,49.92
24,42.77,91.75,-6.07,50.09
24,42.87,91.84,-6.09,50.0
24,42.97,91.93,-6.11,50.0
24,43.07,92.01,-6.13,49.99
24,43.17,92.1,-6.15,49.94
24,43.27,92.19,-6.17,49.82
24,43.37,92.28,-6.19,50.03
24,43.47,92.36,-6.21,50.01
24,43.57,92.45,-6.22,50.05
24,43.67,92.54,-6.24,50.01
24,43.77,92.62,-6.26,49.89
24,43.87,92.71,-6.28,49.92
24,43.97,92.8,-6.3,50.13
24,44.07,92.88,-6.32,50.03
24,44.17,92.97,-6.34,50.08
24,44.27,93.05,-6.36,50.09
24,44.37,93.14,-6.37,49.9
24,44.47,93.22,-6.39,49.97
24,44.57,93.31,-6.41,50.07
24,44.67,93.39,-6.43,49.92
24,44.77,93.48,-6.45,49.96
24,44.87,93.56,-6.47,49.95
24,44.97,93.65,-6.49,49.93
24,45.08,93.73,-6.51,49.99
24,45.18,93.81,-6.52,49.95
24,45.28,93.9,-6.54,49.96
24,45.38,93.98,-6.56,50.03
24,45.48,94.06,-6.58,50.1
24,45.58,94.15,-6.6,50.08
24,45.68,94.23,-6.62,50.02
24,45.78,94.31,-6.64,50.16
24,45.88,94.39,-6.66,50.07
24,45.98,94.48,-6.68,50.08
24,46.08,94.56,-6.69,49.98
24,46.18,94.64,-6.71,49.96
24,46.28,94.72,-6.73,50.04
24,46.38,94.8,-6.75,50.09
24,46.48,94.88,-6.77,50.02
24,46.58,94.96,-6.79,49.94
24,46.68,95.04,-6.81,49.87
24,46.78,95.12,-6.83,49.84
24,46.88,95.2,-6.85,50.0
24,46.98,95.28,-6.87,50.08
24,47.08,95.36,-6.88,49.77
24,47.18,95.44,-6.9,49.94
24,47.28,95.52,-6.92,49.92
24,47.38,95.6,-6.94,50.04
24,47.48,95.68,-6.96,49.93
24,47.58,95.76,-6.98,49.88
24,47.68,95.84,-7.0,49.94
24,47.78,95.92,-7.02,49.92
24,47.88,96.0,-7.04,50.0
24,47.98,96.07,-7.06,49.98
24,48.08,96.15,-7.07,50.04
24,48.18,96.23,-7.09,50.0
24,48.28,96.31,-7.11,50.1
24,48.38,96.38,-7.13,49.96
24,48.48,96.46,-7.15,50.06
24,48.58,96.54,-7.17,50.03
24,48.68,96.62,-7.19,49.97
24,48.78,96.69,-7.21,50.07
24,48.88,96.77,-7.23,49.92
24,48.98,96.85,-7.25,50.12
24,49.08,96.92,-7.27,49.92
24,49.18,97.0,-7.28,49.87
24,49.28,97.07,-7.3,49.86
24,49.38,97.15,-7.32,50.01
24,49.48,97.22,-7.34,49.94
24,49.58,97.3,-7.36,50.02
24,49.68,97.37,-7.38,49.89
24,49.78,97.45,-7.4,50.05
24,49.88,97.52,-7.42,50.02
24,49.98,97.6,-7.44,49.95
24,50.08,97.67,-7.46,50.06
24,50.18,97.75,-7.48,50.06
24,50.28,97.82,-7.5,50.01
24,50.38,97.9,-7.51,50.09
24,50.48,97.97,-7.53,50.11
24,50.58,98.04,-7.55,49.92
24,50.68,98.12,-7.57,50.11
24,50.78,98.19,-7.59,49.91
24,50.88,98.26,-7.61,50.08
24,50.98,98.34,-7.63,50.09
24,51.09,98.41,-7.65,49.98
24,51.19,98.48,-7.67,49.99
24,51.29,98.55,-7.69,49.97
24,51.39,98.63,-7.71,49.92
24,51.49,98.7,-7.73,49.94
24,51.59,98.77,-7.75,50.05
24,51.69,98.84,-7.77,50.09
24,51.79,98.91,-7.78,50.0
24,51.89,98.98,-7.8,49.9
24,51.99,99.05,-7.82,49.89
24,52.09,99.13,-7.84,49.99
24,52.19,99.2,-7.86,49.95
24,52.29,99.27,-7.88,50.12
24,52.39,99.34,-7.9,49.93
24,52.49,99.41,-7.92,50.06
24,52.59,99.48,-7.94,49.94
24,52.69,99.55,-7.96,49.97
24,52.79,99.62,-7.98,50.02
24,52.89,99.69,-8.0,50.05
24,52.99,99.76,-8.02,50.04
24,53.09,99.83,-8.04,49.94
24,53.19,99.9,-8.05,50.01
24,53.29,99.97,-8.07,49.96
24,53.39,100.04,-8.09,49.86
24,53.49,100.1,-8.11,50.02
24,53.59,100.17,-8.13,50.13
24,53.69,100.24,-8.15,50.15
24,53.79,100.31,-8.17,50.03
24,53.89,100.38,-8.19,50.03
24,53.99,100.45,-8.21,49.74
24,54.09,100.51,-8.23,50.27
24,54.19,100.58,-8.25,50.14
24,54.29,100.65,-8.27,50.08
24,54.39,100.72,-8.29,50.01
24,54.49,100.78,-8.31,49.78
24,54.59,100.85,-8.33,50.02
24,54.69,100.92,-8.35,50.0
24,54.79,100.99,-8.37,49.86
24,54.89,101.05,-8.38,50.04
24,54.99,101.12,-8.4,50.12
24,55.09,101.19,-8.42,50.03
24,55.19,101.25,-8.44,50.03
24,55.29,101.32,-8.46,50.04
24,55.39,101.38,-8.48,49.97
24,55.49,101.45,-8.5,50.08
24,55.59,101.52,-8.52,50.15
24,55.69,101.58,-8.54,50.0
24,55.79,101.65,-8.56,49.92
24,55.89,101.71,-8.58,49.86
24,55.99,101.78,-8.6,50.05
24,56.09,101.84,-8.62,50.06
24,56.19,101.91,-8.64,50.04
24,56.29,101.97,-8.66,49.98
24,56.39,102.04,-8.68,50.03
24,56.49,102.1,-8.7,49.95
24,56.59,102.16,-8.72,49.93
24,56.69,102.23,-8.74,49.9
24,56.79,102.29,-8.76,49.9
24,56.89,102.36,-8.78,50.05
24,56.99,102.42,-8.79,49.97
24,57.1,102.48,-8.81,49.93
24,57.2,102.55,-8.83,49.86
24,57.3,102.61,-8.85,50.07
24,57.4,102.67,-8.87,50.11
24,57.5,102.74,-8.89,49.9
24,57.6,102.8,-8.91,49.99
24,57.7,102.86,-8.93,49.91
24,57.8,102.93,-8.95,49.99
24,57.9,102.99,-8.97,50.06
24,58.0,103.05,-8.99,50.16
24,58.1,103.11,-9.01,49.96
24,58.2,103.18,-9.03,50.07
24,58.3,103.24,-9.05,50.07
24,58.4,103.3,-9.07,49.98
24,58.5,103.36,-9.09,50.12
24,58.6,103.42,-9.11,49.97
24,58.7,103.48,-9.13,50.04
24,58.8,103.55,-9.15,49.94
24,58.9,103.61,-9.17,50.05
24,59.0,103.67,-9.19,50.04
24,59.1,103.73,-9.21,50.12
24,59.2,103.79,-9.23,50.18
24,59.3,103.85,-9.25,50.09
24,59.4,103.91,-9.27,50.07
24,59.5,103.97,-9.29,49.96
24,59.6,104.03,-9.3,49.77
24,59.7,104.09,-9.32,50.13
24,59.8,104.15,-9.34,50.19
24,59.9,104.21,-9.36,50.03
24,60.0,104.27,-9.38,49.9
25,0.0,0.0,0.0,0.0
25,0.1,0.89,-0.0,50.14
25,0.2,1.77,-0.0,49.84
25,0.3,2.65,-0.01,49.89
25,0.4,3.53,-0.01,50.11
25,0.5,4.41,-0.01,50.01
25,0.6,5.29,-0.02,49.91
25,0.7,6.17,-0.03,49.93
25,0.8,7.04,-0.03,49.88
25,0.9,7.92,-0.04,50.01
25,1.0,8.79,-0.05,50.08
25,1.1,9.66,-0.06,50.12
25,1.2,10.53,-0.07,49.93
25,1.3,11.4,-0.09,49.96
25,1.4,12.27,-0.1,50.05
25,1.5,13.13,-0.11,50.1
25,1.6,14.0,-0.13,50.04
25,1.7,14.86,-0.14,50.13
25,1.8,15.72,-0.16,50.18
25,1.9,16.58,-0.18,49.84
25,2.0,17.44,-0.19,50.15
25,2.1,18.3,-0.21,50.13
25,2.2,19.16,-0.23,49.88
25,2.3,20.02,-0.25,50.05
25,2.4,20.87,-0.27,50.06
25,2.5,21.72,-0.3,49.89
25,2.6,22.58,-0.32,49.99
25,2.7,23.43,-0.34,50.02
25,2.8,24.28,-0.37,49.89
25,2.9,25.13,-0.39,49.97
25,3.01,25.97,-0.42,50.14
25,3.11,26.82,-0.45,50.17
25,3.21,27.67,-0.47,49.89
25,3.31,28.51,-0.5,49.73
25,3.41,29.35,-0.53,50.12
25,3.51,30.2,-0.56,50.18
25,3.61,31.04,-0.59,50.09
25,3.71,31.88,-0.62,49.97
25,3.81,32.71,-0.66,49.89
25,3.91,33.55,-0.69,50.06
25,4.01,34.39,-0.72,50.11
25,4.11,35.22,-0.76,49.93
25,4.21,36.06,-0.79,50.03
25,4.31,36.89,-0.83,49.96
25,4.41,37.72,-0.86,50.08
25,4.51,38.55,-0.9,49.79
25,4.61,39.38,-0.94,50.04
25,4.71,40.21,-0.98,49.96
25,4.81,41.04,-1.02,50.18
25,4.91,41.87,-1.06,50.03
25,5.01,42.69,-1.1,50.07
25,5.11,43.52,-1.14,49.91
25,5.21,44.34,-1.18,49.98
25,5.31,45.16,-1.22,50.04
25,5.41,45.98,-1.27,49.96
25,5.51,46.8,-1.31,49.98
25,5.61,47.62,-1.36,50.03
25,5.71,48.44,-1.4,49.83
25,5.81,49.26,-1.45,49.95
25,5.91,50.08,-1.5,50.08
25,6.01,50.89,-1.54,49.96
25,6.11,51.71,-1.59,50.23
25,6.21,52.52,-1.64,50.01
25,6.31,53.33,-1.69,49.81
25,6.41,54.15,-1.74,50.04
25,6.51,54.96,-1.79,49.89
25,6.61,55.77,-1.84,50.03
25,6.71,56.58,-1.89,49.94
25,6.81,57.38,-1.94,49.95
25,6.91,58.19,-2.0,50.1
25,7.01,59.0,-2.05,49.84
25,7.11,59.8,-2.11,49.95
25,7.21,60.61,-2.16,49.94
25,7.31,61.41,-2.22,50.13
25,7.41,62.21,-2.27,49.97
25,7.51,63.02,-2.33,49.91
25,7.61,63.82,-2.39,50.02
25,7.71,64.62,-2.44,49.91
25,7.81,65.42,-2.5,49.93
25,7.91,66.21,-2.56,50.07
25,8.01,67.01,-2.62,49.71
25,8.11,67.81,-2.68,49.9
25,8.21,68.6,-2.74,49.93
25,8.31,69.4,-2.8,50.15
25,8.41,70.19,-2.86,50.04
25,8.51,70.99,-2.93,50.0
25,8.61,71.78,-2.99,49.99
25,8.71,72.57,-3.05,50.01
25,8.81,73.36,-3.12,50.02
25,8.91,74.15,-3.18,50.01
25,9.02,74.94,-3.25,50.19
25,9.12,75.73,-3.31,49.96
25,9.22,76.52,-3.38,50.02
25,9.32,77.3,-3.45,50.0
25,9.42,78.09,-3.51,50.09
25,9.52,78.87,-3.58,49.93
25,9.62,79.66,-3.65,49.96
25,9.72,80.44,-3.72,49.85
25,9.82,81.23,-3.79,50.1
25,9.92,82.01,-3.86,49.85
25,10.02,82.79,-3.93,50.05
25,10.12,83.57,-4.0,50.17
25,10.22,84.35,-4.07,50.19
25,10.32,85.13,-4.14,49.97
25,10.42,85.91,-4.21,49.97
25,10.52,86.68,-4.29,49.99
25,10.62,87.46,-4.36,50.09
25,10.72,88.24,-4.43,49.99
25,10.82,89.01,-4.51,49.97
25,10.92,89.79,-4.58,50.11
25,11.02,90.56,-4.66,50.0
25,11.12,91.33,-4.73,49.98
25,11.22,92.11,-4.81,49.91
25,11.32,92.88,-4.89,50.1
25,11.42,93.65,-4.97,50.02
25,11.52,94.42,-5.04,50.0
25,11.62,95.19,-5.12,49.81
25,11.72,95.96,-5.2,50.1
25,11.82,96.72,-5.28,49.89
25,11.92,97.49,-5.36,50.05
25,12.02,98.26,-5.44,49.92
25,12.12,99.03,-5.52,49.89
25,12.22,99.79,-5.6,50.09
25,12.32,100.56,-5.68,50.01
25,12.42,101.32,-5.76,50.0
25,12.52,102.08,-5.85,50.2
25,12.62,102.85,-5.93,50.19
25,12.72,103.61,-6.01,49.98
25,12.82,104.37,-6.1,49.87
25,12.92,105.13,-6.18,50.14
25,13.02,105.89,-6.26,49.87
25,13.12,106.65,-6.35,50.05
25,13.22,107.41,-6.43,49.97
25,13.32,108.17,-6.52,50.01
25,13.42,108.92,-6.61,50.12
25,13.52,109.68,-6.69,49.92
25,13.62,110.44,-6.78,49.94
25,13.72,111.19,-6.87,50.08
25,13.82,111.95,-6.96,50.18
25,13.92,112.7,-7.04,50.25
25,14.02,113.45,-7.13,49.85
25,14.12,114.21,-7.22,49.96
25,14.22,114.96,-7.31,49.9
25,14.32,115.71,-7.4,50.08
25,14.42,116.46,-7.49,50.01
25,14.52,117.21,-7.58,50.09
25,14.62,117.96,-7.67,49.96
25,14.72,118.71,-7.77,50.07
25,14.82,119.46,-7.86,49.98
25,14.92,120.21,-7.95,50.01
25,15.03,120.96,-8.04,49.94
25,15.13,121.7,-8.14,50.14
25,15.23,122.45,-8.23,49.87
25,15.33,123.2,-8.32,49.99
25,15.43,123.94,-8.42,50.18
25,15.53,124.69,-8.51,50.13
25,15.63,125.43,-8.61,49.92
25,15.73,126.17,-8.7,49.92
25,15.83,126.92,-8.8,50.05
25,15.93,127.66,-8.9,50.06
25,16.03,128.4,-8.99,50.12
25,16.13,129.14,-9.09,49.86
25,16.23,129.88,-9.19,50.13
25,16.33,130.62,-9.29,49.91
25,16.43,131.36,-9.38,50.13
25,16.53,132.1,-9.48,49.84
25,16.63,132.84,-9.58,49.89
25,16.73,133.58,-9.68,50.17
25,16.83,134.32,-9.78,50.18
25,16.93,135.05,-9.88,50.01
25,17.03,135.79,-9.98,49.97
25,17.13,136.52,-10.08,50.0
25,17.23,137.26,-10.18,50.04
25,17.33,137.99,-10.29,50.05
25,17.43,138.73,-10.39,49.97
25,17.53,139.46,-10.49,49.81
25,17.63,140.2,-10.59,49.95
25,17.73,140.93,-10.69,49.84
25,17.83,141.66,-10.8,50.08
25,17.93,142.39,-10.9,50.04
25,18.03,143.12,-11.01,49.99
25,18.13,143.85,-11.11,49.97
25,18.23,144.58,-11.21,50.2
25,18.33,145.31,-11.32,50.11
25,18.43,146.04,-11.42,50.02
25,18.53,146.77,-11.53,49.95
25,18.63,147.5,-11.64,50.13
25,18.73,148.23,-11.74,50.01
25,18.83,148.95,-11.85,49.94
25,18.93,149.68,-11.96,49.94
25,19.03,150.4,-12.06,50.07
25,19.13,151.13,-12.17,50.1
25,19.23,151.86,-12.28,50.06
25,19.33,152.58,-12.39,50.07
25,19.43,153.3,-12.5,49.97
25,19.53,154.03,-12.6,49.95
25,19.63,154.75,-12.71,50.01
25,19.73,155.47,-12.82,49.99
25,19.83,156.19,-12.93,49.9
25,19.93,156.92,-13.04,50.0
25,20.03,157.64,-13.15,50.07
25,20.13,158.36,-13.26,49.96
25,20.23,159.08,-13.38,50.16
25,20.33,159.8,-13.49,49.87
25,20.43,160.52,-13.6,49.92
25,20.53,161.24,-13.71,49.94
25,20.63,161.95,-13.82,50.08
25,20.73,162.67,-13.94,50.02
25,20.83,163.39,-14.05,49.91
25,20.93,164.11,-14.16,49.81
25,21.04,164.82,-14.28,49.88
25,21.14,165.54,-14.39,49.82
25,21.24,166.25,-14.5,50.09
25,21.34,166.97,-14.62,49.89
25,21.44,167.68,-14.73,50.07
25,21.54,168.4,-14.85,50.05
25,21.64,169.11,-14.96,50.12
25,21.74,169.83,-15.08,49.93
25,21.84,170.54,-15.2,50.04
25,21.94,171.25,-15.31,50.01
25,22.04,171.96,-15.43,50.01
25,22.14,172.68,-15.55,50.0
25,22.24,173.39,-15.66,50.08
25,22.34,174.1,-15.78,50.07
25,22.44,174.81,-15.9,50.0
25,22.54,175.52,-16.02,49.95
25,22.64,176.23,-16.13,49.94
25,22.74,176.94,-16.25,50.0
25,22.84,177.64,-16.37,50.02
25,22.94,178.35,-16.49,49.99
25,23.04,179.06,-16.61,49.87
25,23.14,179.77,-16.73,49.97
25,23.24,180.48,-16.85,49.95
25,23.34,181.18,-16.97,50.0
25,23.44,181.89,-17.09,50.25
25,23.54,182.59,-17.21,50.04
25,23.64,183.3,-17.33,50.13
25,23.74,184.0,-17.45,49.93
25,23.84,184.71,-17.58,50.0
25,23.94,185.41,-17.7,50.12
25,24.04,186.12,-17.82,49.84
25,24.14,186.82,-17.94,49.98
25,24.24,187.52,-18.06,50.06
25,24.34,188.23,-18.19,49.99
25,24.44,188.93,-18.31,49.94
25,24.54,189.63,-18.43,49.95
25,24.64,190.33,-18.56,50.03
25,24.74,191.03,-18.68,49.84
25,24.84,191.73,-18.81,50.01
25,24.94,192.43,-18.93,50.07
25,25.04,193.13,-19.06,49.96
25,25.14,193.83,-19.18,49.84
25,25.24,194.53,-19.31,49.95
25,25.34,195.23,-19.43,49.99
25,25.44,195.93,-19.56,49.89
25,25.54,196.63,-19.68,50.0
25,25.64,197.32,-19.81,50.02
25,25.74,198.02,-19.94,50.12
25,25.84,198.72,-20.06,49.98
25,25.94,199.41,-20.19,50.01
25,26.04,200.11,-20.32,49.94
25,26.14,200.8,-20.44,49.95
25,26.24,201.5,-20.57,50.07
25,26.34,202.2,-20.7,49.98
25,26.44,202.89,-20.83,50.08
25,26.54,203.58,-20.96,50.0
25,26.64,204.28,-21.09,49.89
25,26.74,204.97,-21.21,49.93
25,26.84,205.66,-21.34,50.24
25,26.94,206.36,-21.47,49.99
25,27.05,207.05,-21.6,49.84
25,27.15,207.74,-21.73,49.89
25,27.25,208.43,-21.86,49.93
25,27.35,209.12,-21.99,49.91
25,27.45,209.82,-22.12,49.89
25,27.55,210.51,-22.26,50.15
25,27.65,211.2,-22.39,50.07
25,27.75,211.89,-22.52,49.98
25,27.85,212.58,-22.65,49.94
25,27.95,213.27,-22.78,49.98
25,28.05,213.95,-22.91,50.18
25,28.15,214.64,-23.05,49.91
25,28.25,215.33,-23.18,49.84
25,28.35,216.02,-23.31,50.07
25,28.45,216.71,-23.44,50.1
25,28.55,217.39,-23.58,50.15
25,28.65,218.08,-23.71,49.96
25,28.75,218.77,-23.84,49.97
25,28.85,219.45,-23.98,50.2
25,28.95,220.14,-24.11,50.06
25,29.05,220.82,-24.25,49.99
25,29.15,221.51,-24.38,50.05
25,29.25,222.19,-24.52,49.96
25,29.35,222.88,-24.65,50.03
25,29.45,223.56,-24.79,50.03
25,29.55,224.25,-24.92,50.08
25,29.65,224.93,-25.06,49.9
25,29.75,225.61,-25.19,50.04
25,29.85,226.3,-25.33,49.88
25,29.95,226.98,-25.46,50.19
25,30.05,227.66,-25.6,49.96
25,30.15,228.34,-25.74,49.83
25,30.25,229.02,-25.87,50.28
25,30.35,229.71,-26.01,49.95
25,30.45,230.39,-26.15,50.01
25,30.55,231.07,-26.29,49.83
25,30.65,231.75,-26.42,49.99
25,30.75,232.43,-26.56,50.17
25,30.85,233.11,-26.7,50.07
25,30.95,233.79,-26.84,49.83
25,31.05,234.47,-26.98,49.92
25,31.15,235.14,-27.12,50.09
25,31.25,235.82,-27.26,50.06
25,31.35,236.5,-27.39,49.95
25,31.45,237.18,-27.53,50.04
25,31.55,237.86,-27.67,49.88
25,31.65,238.53,-27.81,49.87
25,31.75,239.21,-27.95,49.75
25,31.85,239.89,-28.09,50.09
25,31.95,240.56,-28.23,49.99
25,32.05,241.24,-28.37,50.0
25,32.15,241.92,-28.52,49.69
25,32.25,242.59,-28.66,50.0
25,32.35,243.27,-28.8,50.06
25,32.45,243.94,-28.94,49.79
25,32.55,244.62,-29.08,50.0
25,32.65,245.29,-29.22,49.99
25,32.75,245.96,-29.36,49.95
25,32.85,246.64,-29.51,50.13
25,32.95,247.31,-29.65,50.11
25,33.06,247.98,-29.79,50.33
25,33.16,248.66,-29.93,49.88
25,33.26,249.33,-30.08,50.04
25,33.36,250.0,-30.22,50.15
25,33.46,250.67,-30.36,49.93
25,33.56,251.35,-30.51,50.17
25,33.66,252.02,-30.65,50.04
25,33.76,252.69,-30.79,49.83
25,33.86,253.36,-30.94,49.87
25,33.96,254.03,-31.08,49.94
25,34.06,254.7,-31.23,49.99
25,34.16,255.37,-31.37,50.12
25,34.26,256.04,-31.52,49.99
25,34.36,256.71,-31.66,50.12
25,34.46,257.38,-31.81,50.01
25,34.56,258.05,-31.95,50.0
25,34.66,258.72,-32.1,49.97
25,34.76,259.38,-32.24,50.1
25,34.86,260.05,-32.39,50.01
25,34.96,260.72,-32.54,49.93
25,35.06,261.39,-32.68,50.03
25,35.16,262.06,-32.83,49.95
25,35.26,262.72,-32.98,49.95
25,35.36,263.39,-33.12,50.12
25,35.46,264.06,-33.27,49.98
25,35.56,264.72,-33.42,50.21
25,35.66,265.39,-33.56,50.07
25,35.76,266.05,-33.71,49.92
25,35.86,266.72,-33.86,49.92
25,35.96,267.38,-34.01,49.88
25,36.06,268.05,-34.15,50.06
25,36.16,268.71,-34.3,49.91
25,36.26,269.38,-34.45,49.77
25,36.36,270.04,-34.6,49.83
25,36.46,270.71,-34.75,49.89
25,36.56,271.37,-34.9,50.03
25,36.66,272.03,-35.05,49.99
25,36.76,272.7,-35.2,50.09
25,36.86,273.36,-35.35,49.91
25,36.96,274.02,-35.5,49.97
25,37.06,274.68,-35.64,50.17
25,37.16,275.34,-35.79,49.97
25,37.26,276.01,-35.95,50.02
25,37.36,276.67,-36.1,49.93
25,37.46,277.33,-36.25,49.98
25,37.56,277.99,-36.4,50.05
25,37.66,278.65,-36.55,50.07
25,37.76,279.31,-36.7,50.01
25,37.86,279.97,-36.85,49.97
25,37.96,280.63,-37.0,50.01
25,38.06,281.29,-37.15,49.93
25,38.16,281.95,-37.3,49.98
25,38.26,282.61,-37.46,50.03
25,38.36,283.27,-37.61,50.1
25,38.46,283.93,-37.76,49.91
25,38.56,284.59,-37.91,49.98
25,38.66,285.25,-38.06,49.9
25,38.76,285.9,-38.22,49.96
25,38.86,286.56,-38.37,50.1
25,38.96,287.22,-38.52,49.95
25,39.07,287.88,-38.68,49.99
25,39.17,288.53,-38.83,49.88
25,39.27,289.19,-38.98,49.94
25,39.37,289.85,-39.14,49.85
25,39.47,290.5,-39.29,50.03
25,39.57,291.16,-39.44,50.04
25,39.67,291.82,-39.6,50.03
25,39.77,292.47,-39.75,50.04
25,39.87,293.13,-39.91,50.03
25,39.97,293.78,-40.06,49.85
25,40.07,294.44,-40.21,49.92
25,40.17,295.09,-40.37,49.78
25,40.27,295.75,-40.52,49.95
25,40.37,296.4,-40.68,49.91
25,40.47,297.06,-40.83,50.0
25,40.57,297.71,-40.99,50.25
25,40.67,298.36,-41.15,50.08
25,40.77,299.02,-41.3,50.15
25,40.87,299.67,-41.46,50.08
25,40.97,300.32,-41.61,49.99
25,41.07,300.98,-41.77,50.0
25,41.17,301.63,-41.93,50.09
25,41.27,302.28,-42.08,50.02
25,41.37,302.93,-42.24,49.97
25,41.47,303.58,-42.4,50.14
25,41.57,304.24,-42.55,50.04
25,41.67,304.89,-42.71,49.86
25,41.77,305.54,-42.87,49.98
25,41.87,306.19,-43.02,50.01
25,41.97,306.84,-43.18,49.96
25,42.07,307.49,-43.34,49.96
25,42.17,308.14,-43.5,49.96
25,42.27,308.79,-43.66,49.82
25,42.37,309.44,-43.81,49.8
25,42.47,310.09,-43.97,49.93
25,42.57,310.74,-44.13,49.96
25,42.67,311.39,-44.29,49.87
25,42.77,312.04,-44.45,49.9
25,42.87,312.69,-44.61,49.97
25,42.97,313.34,-44.76,50.1
25,43.07,313.98,-44.92,50.1
25,43.17,314.63,-45.08,50.1
25,43.27,315.28,-45.24,49.9
25,43.37,315.93,-45.4,49.98
25,43.47,316.58,-45.56,50.12
25,43.57,317.22,-45.72,49.82
25,43.67,317.87,-45.88,49.95
25,43.77,318.52,-46.04,50.02
25,43.87,319.16,-46.2,49.83
25,43.97,319.81,-46.36,50.04
25,44.07,320.46,-46.52,50.15
25,44.17,321.1,-46.68,50.12
25,44.27,321.75,-46.84,49.98
25,44.37,322.39,-47.0,50.08
25,44.47,323.04,-47.17,49.83
25,44.57,323.68,-47.33,50.03
25,44.67,324.33,-47.49,49.97
25,44.77,324.97,-47.65,49.99
25,44.87,325.62,-47.81,50.01
25,44.97,326.26,-47.97,50.04
25,45.08,326.91,-48.13,49.85
25,45.18,327.55,-48.3,49.9
25,45.28,328.2,-48.46,49.97
25,45.38,328.84,-48.62,49.82
25,45.48,329.48,-48.78,50.01
25,45.58,330.13,-48.95,50.08
25,45.68,330.77,-49.11,50.14
25,45.78,331.41,-49.27,50.01
25,45.88,332.06,-49.43,50.19
25,45.98,332.7,-49.6,50.0
25,46.08,333.34,-49.76,49.87
25,46.18,333.98,-49.92,49.99
25,46.28,334.62,-50.09,49.98
25,46.38,335.27,-50.25,50.05
25,46.48,335.91,-50.41,50.03
25,46.58,336.55,-50.58,50.02
25,46.68,337.19,-50.74,50.1
25,46.78,337.83,-50.91,49.96
25,46.88,338.47,-51.07,50.05
25,46.98,339.11,-51.23,50.03
25,47.08,339.75,-51.4,50.01
25,47.18,340.39,-51.56,49.99
25,47.28,341.03,-51.73,49.87
25,47.38,341.67,-51.89,49.97
25,47.48,342.31,-52.06,49.98
25,47.58,342.95,-52.22,49.93
25,47.68,343.59,-52.39,49.86
25,47.78,344.23,-52.55,49.94
25,47.88,344.87,-52.72,49.95
25,47.98,345.51,-52.88,49.87
25,48.08,346.15,-53.05,49.87
25,48.18,346.78,-53.21,49.79
25,48.28,347.42,-53.38,50.03
25,48.38,348.06,-53.55,50.1
25,48.48,348.7,-53.71,50.0
25,48.58,349.34,-53.88,49.96
25,48.68,349.97,-54.05,49.86
25,48.78,350.61,-54.21,49.78
25,48.88,351.25,-54.38,50.0
25,48.98,351.88,-54.55,50.06
25,49.08,352.52,-54.71,49.92
25,49.18,353.16,-54.88,50.11
25,49.28,353.79,-55.05,49.93
25,49.38,354.43,-55.21,50.11
25,49.48,355.07,-55.38,49.92
25,49.58,355.7,-55.55,49.73
25,49.68,356.34,-55.72,50.06
25,49.78,356.97,-55.88,49.91
25,49.88,357.61,-56.05,49.85
25,49.98,358.24,-56.22,50.05
25,50.08,358.88,-56.39,49.91
25,50.18,359.51,-56.56,49.86
25,50.28,360.15,-56.72,50.13
25,50.38,360.78,-56.89,49.98
25,50.48,361.42,-57.06,49.86
25,50.58,362.05,-57.23,49.95
25,50.68,362.68,-57.4,50.21
25,50.78,363.32,-57.57,50.01
25,50.88,363.95,-57.74,49.94
25,50.98,364.58,-57.91,50.05
25,51.09,365.22,-58.07,49.95
25,51.19,365.85,-58.24,49.95
25,51.29,366.48,-58.41,49.93
25,51.39,367.12,-58.58,50.09
25,51.49,367.75,-58.75,50.02
25,51.59,368.38,-58.92,50.14
25,51.69,369.01,-59.09,50.03
25,51.79,369.65,-59.26,50.15
25,51.89,370.28,-59.43,50.07
25,51.99,370.91,-59.6,49.97
25,52.09,371.54,-59.77,49.99
25,52.19,372.17,-59.94,50.18
25,52.29,372.8,-60.11,50.13
25,52.39,373.43,-60.28,50.15
25,52.49,374.07,-60.46,49.9
25,52.59,374.7,-60.63,49.81
25,52.69,375.33,-60.8,49.92
25,52.79,375.96,-60.97,50.02
25,52.89,376.59,-61.14,49.94
25,52.99,377.22,-61.31,50.0
25,53.09,377.85,-61.48,49.95
25,53.19,378.48,-61.65,49.82
25,53.29,379.11,-61.83,50.04
25,53.39,379.74,-62.0,50.0
25,53.49,380.36,-62.17,50.13
25,53.59,380.99,-62.34,50.02
25,53.69,381.62,-62.51,50.08
25,53.79,382.25,-62.69,49.92
25,53.89,382.88,-62.86,50.03
25,53.99,383.51,-63.03,50.08
25,54.09,384.14,-63.2,50.06
25,54.19,384.76,-63.38,49.98
25,54.29,385.39,-63.55,50.04
25,54.39,386.02,-63.72,50.06
25,54.49,386.65,-63.89,50.12
25,54.59,387.28,-64.07,49.94
25,54.69,387.9,-64.24,49.89
25,54.79,388.53,-64.41,49.92
25,54.89,389.16,-64.59,50.01
25,54.99,389.78,-64.76,50.0
25,55.09,390.41,-64.93,50.06
25,55.19,391.04,-65.11,50.08
25,55.29,391.66,-65.28,49.81
25,55.39,392.29,-65.45,49.95
25,55.49,392.92,-65.63,50.02
25,55.59,393.54,-65.8,50.11
25,55.69,394.17,-65.98,49.99
25,55.79,394.79,-66.15,50.14
25,55.89,395.42,-66.33,50.06
25,55.99,396.04,-66.5,50.04
25,56.09,396.67,-66.67,49.99
25,56.19,397.29,-66.85,50.0
25,56.29,397.92,-67.02,50.03
25,56.39,398.54,-67.2,49.98
25,56.49,399.17,-67.37,50.11
25,56.59,399.79,-67.55,50.09
25,56.69,400.42,-67.72,50.12
25,56.79,401.04,-67.9,49.9
25,56.89,401.67,-68.07,49.89
25,56.99,402.29,-68.25,50.05
25,57.1,402.91,-68.43,49.99
25,57.2,403.54,-68.6,50.03
25,57.3,404.16,-68.78,49.89
25,57.4,404.78,-68.95,49.85
25,57.5,405.41,-69.13,50.02
25,57.6,406.03,-69.3,49.92
25,57.7,406.65,-69.48,50.07
25,57.8,407.28,-69.66,49.94
25,57.9,407.9,-69.83,49.91
25,58.0,408.52,-70.01,49.77
25,58.1,409.14,-70.19,50.12
25,58.2,409.76,-70.36,50.07
25,58.3,410.39,-70.54,49.85
25,58.4,411.01,-70.72,49.8
25,58.5,411.63,-70.89,49.94
25,58.6,412.25,-71.07,50.09
25,58.7,412.87,-71.25,49.95
25,58.8,413.49,-71.42,49.98
25,58.9,414.12,-71.6,50.1
25,59.0,414.74,-71.78,49.9
25,59.1,415.36,-71.96,49.93
25,59.2,415.98,-72.13,50.02
25,59.3,416.6,-72.31,49.97
25,59.4,417.22,-72.49,49.91
25,59.5,417.84,-72.67,50.07
25,59.6,418.46,-72.84,50.05
25,59.7,419.08,-73.02,50.08
25,59.8,419.7,-73.2,49.98
25,59.9,420.32,-73.38,49.82
25,60.0,420.94,-73.56,50.0
26,0.0,0.0,0.0,0.0
26,0.1,0.8,-0.03,50.16
26,0.2,1.53,-0.09,49.88
26,0.3,2.2,-0.17,50.07
26,0.4,2.8,-0.27,49.84
26,0.5,3.36,-0.38,50.13
26,0.6,3.88,-0.51,49.93
26,0.7,4.36,-0.65,49.97
26,0.8,4.8,-0.81,49.97
26,0.9,5.21,-0.98,50.08
26,1.0,5.6,-1.15,49.85
26,1.1,5.95,-1.34,49.98
26,1.2,6.29,-1.53,49.94
26,1.3,6.6,-1.73,50.22
26,1.4,6.9,-1.94,49.89
26,1.5,7.17,-2.16,49.74
26,1.6,7.43,-2.38,50.17
26,1.7,7.67,-2.6,50.05
26,1.8,7.89,-2.83,49.92
26,1.9,8.11,-3.07,50.0
26,2.0,8.31,-3.31,49.92
26,2.1,8.49,-3.55,49.8
26,2.2,8.67,-3.8,49.98
26,2.3,8.84,-4.06,49.98
26,2.4,8.99,-4.31,50.03
26,2.5,9.13,-4.57,49.9
26,2.6,9.27,-4.83,49.92
26,2.7,9.4,-5.1,49.96
26,2.8,9.52,-5.37,49.9
26,2.9,9.63,-5.64,50.11
26,3.01,9.73,-5.91,50.08
26,3.11,9.83,-6.19,49.95
26,3.21,9.92,-6.47,50.05
26,3.31,10.0,-6.75,49.88
26,3.41,10.07,-7.03,49.95
26,3.51,10.14,-7.32,50.15
26,3.61,10.21,-7.61,50.06
26,3.71,10.27,-7.9,50.03
26,3.81,10.32,-8.19,49.96
26,3.91,10.37,-8.48,50.0
26,4.01,10.42,-8.77,49.85
26,4.11,10.45,-9.07,49.97
26,4.21,10.49,-9.37,50.04
26,4.31,10.52,-9.67,50.0
26,4.41,10.55,-9.97,50.0
26,4.51,10.57,-10.27,49.93
26,4.61,10.59,-10.58,49.91
26,4.71,10.6,-10.88,49.9
26,4.81,10.61,-11.19,49.97
26,4.91,10.62,-11.49,50.07
26,5.01,10.62,-11.8,49.91
26,5.11,10.62,-12.11,50.0
26,5.21,10.62,-12.42,50.0
26,5.31,10.61,-12.74,50.09
26,5.41,10.6,-13.05,50.0
26,5.51,10.59,-13.36,49.85
26,5.61,10.57,-13.68,50.21
26,5.71,10.56,-13.99,50.1
26,5.81,10.54,-14.31,50.05
26,5.91,10.51,-14.63,49.94
26,6.01,10.49,-14.95,49.97
26,6.11,10.46,-15.27,49.86
26,6.21,10.43,-15.59,49.97
26,6.31,10.4,-15.91,50.02
26,6.41,10.36,-16.23,50.0
26,6.51,10.32,-16.55,50.18
26,6.61,10.28,-16.88,50.07
26,6.71,10.24,-17.2,50.1
26,6.81,10.2,-17.53,50.05
26,6.91,10.15,-17.85,50.02
26,7.01,10.1,-18.18,50.05
26,7.11,10.05,-18.51,49.8
26,7.21,10.0,-18.84,49.97
26,7.31,9.95,-19.16,49.86
26,7.41,9.89,-19.49,49.88
26,7.51,9.83,-19.82,50.12
26,7.61,9.78,-20.15,49.89
26,7.71,9.72,-20.48,49.87
26,7.81,9.65,-20.82,50.04
26,7.91,9.59,-21.15,49.99
26,8.01,9.52,-21.48,50.04
26,8.11,9.46,-21.81,50.18
26,8.21,9.39,-22.15,50.06
26,8.31,9.32,-22.48,49.84
26,8.41,9.25,-22.82,50.09
26,8.51,9.17,-23.15,49.98
26,8.61,9.1,-23.49,50.02
26,8.71,9.03,-23.82,49.83
26,8.81,8.95,-24.16,50.05
26,8.91,8.87,-24.5,49.87
26,9.02,8.79,-24.83,50.05
26,9.12,8.71,-25.17,49.93
26,9.22,8.63,-25.51,50.07
26,9.32,8.55,-25.85,49.87
26,9.42,8.46,-26.19,49.84
26,9.52,8.38,-26.53,49.95
26,9.62,8.29,-26.87,50.03
26,9.72,8.2,-27.21,49.89
26,9.82,8.11,-27.55,50.02
26,9.92,8.02,-27.89,50.09
26,10.02,7.93,-28.23,49.87
26,10.12,7.84,-28.57,50.02
26,10.22,7.75,-28.91,50.05
26,10.32,7.65,-29.26,49.98
26,10.42,7.56,-29.6,49.99
26,10.52,7.46,-29.94,49.86
26,10.62,7.37,-30.29,50.04
26,10.72,7.27,-30.63,50.01
26,10.82,7.17,-30.98,50.02
26,10.92,7.07,-31.32,50.21
26,11.02,6.97,-31.66,49.98
26,11.12,6.87,-32.01,50.03
26,11.22,6.76,-32.36,50.13
26,11.32,6.66,-32.7,50.0
26,11.42,6.56,-33.05,49.93
26,11.52,6.45,-33.39,50.04
26,11.62,6.35,-33.74,49.93
26,11.72,6.24,-34.09,50.12
26,11.82,6.13,-34.43,50.05
26,11.92,6.02,-34.78,49.91
26,12.02,5.92,-35.13,49.88
26,12.12,5.81,-35.48,50.02
26,12.22,5.7,-35.83,50.03
26,12.32,5.59,-36.17,49.88
26,12.42,5.47,-36.52,50.08
26,12.52,5.36,-36.87,50.07
26,12.62,5.25,-37.22,50.03
26,12.72,5.13,-37.57,50.08
26,12.82,5.02,-37.92,49.9
26,12.92,4.9,-38.27,49.91
26,13.02,4.79,-38.62,49.97
26,13.12,4.67,-38.97,49.94
26,13.22,4.55,-39.32,50.05
26,13.32,4.44,-39.67,50.08
26,13.42,4.32,-40.02,49.93
26,13.52,4.2,-40.37,49.91
26,13.62,4.08,-40.73,50.09
26,13.72,3.96,-41.08,49.9
26,13.82,3.84,-41.43,49.97
26,13.92,3.72,-41.78,49.9
26,14.02,3.59,-42.13,49.94
26,14.12,3.47,-42.49,49.85
26,14.22,3.35,-42.84,50.13
26,14.32,3.23,-43.19,50.1
26,14.42,3.1,-43.54,49.92
26,14.52,2.98,-43.9,50.05
26,14.62,2.85,-44.25,49.86
26,14.72,2.72,-44.61,50.06
26,14.82,2.6,-44.96,49.91
26,14.92,2.47,-45.31,50.12
26,15.03,2.34,-45.67,50.05
26,15.13,2.22,-46.02,49.96
26,15.23,2.09,-46.38,49.96
26,15.33,1.96,-46.73,50.01
26,15.43,1.83,-47.09,49.91
26,15.53,1.7,-47.44,50.11
26,15.63,1.57,-47.8,50.03
26,15.73,1.44,-48.15,50.1
26,15.83,1.31,-48.51,49.76
26,15.93,1.18,-48.86,50.0
26,16.03,1.04,-49.22,50.02
26,16.13,0.91,-49.57,50.0
26,16.23,0.78,-49.93,50.0
26,16.33,0.64,-50.29,49.97
26,16.43,0.51,-50.64,50.23
26,16.53,0.38,-51.0,50.02
26,16.63,0.24,-51.36,50.01
26,16.73,0.11,-51.71,50.09
26,16.83,-0.03,-52.07,49.94
26,16.93,-0.17,-52.43,49.87
26,17.03,-0.3,-52.78,50.09
26,17.13,-0.44,-53.14,49.97
26,17.23,-0.58,-53.5,50.14
26,17.33,-0.71,-53.86,50.13
26,17.43,-0.85,-54.22,49.77
26,17.53,-0.99,-54.57,50.01
26,17.63,-1.13,-54.93,50.11
26,17.73,-1.27,-55.29,49.82
26,17.83,-1.41,-55.65,50.04
26,17.93,-1.55,-56.01,50.07
26,18.03,-1.69,-56.37,49.99
26,18.13,-1.83,-56.72,50.0
26,18.23,-1.97,-57.08,50.12
26,18.33,-2.11,-57.44,49.85
26,18.43,-2.25,-57.8,50.08
26,18.53,-2.4,-58.16,50.05
26,18.63,-2.54,-58.52,50.13
26,18.73,-2.68,-58.88,49.91
26,18.83,-2.82,-59.24,50.15
26,18.93,-2.97,-59.6,49.86
26,19.03,-3.11,-59.96,49.97
26,19.13,-3.26,-60.32,49.88
26,19.23,-3.4,-60.68,50.07
26,19.33,-3.54,-61.04,49.92
26,19.43,-3.69,-61.4,50.11
26,19.53,-3.83,-61.76,49.83
26,19.63,-3.98,-62.12,49.96
26,19.73,-4.13,-62.48,50.18
26,19.83,-4.27,-62.84,49.92
26,19.93,-4.42,-63.2,50.11
26,20.03,-4.57,-63.56,50.07
26,20.13,-4.71,-63.92,49.87
26,20.23,-4.86,-64.28,50.02
26,20.33,-5.01,-64.65,50.15
26,20.43,-5.16,-65.01,49.96
26,20.53,-5.3,-65.37,49.93
26,20.63,-5.45,-65.73,50.03
26,20.73,-5.6,-66.09,49.98
26,20.83,-5.75,-66.45,49.85
26,20.93,-5.9,-66.82,49.98
26,21.04,-6.05,-67.18,49.95
26,21.14,-6.2,-67.54,49.99
26,21.24,-6.35,-67.9,49.76
26,21.34,-6.5,-68.26,50.04
26,21.44,-6.65,-68.63,49.84
26,21.54,-6.8,-68.99,50.07
26,21.64,-6.95,-69.35,50.11
26,21.74,-7.11,-69.71,49.8
26,21.84,-7.26,-70.08,50.13
26,21.94,-7.41,-70.44,49.99
26,22.04,-7.56,-70.8,50.11
26,22.14,-7.71,-71.16,50.09
26,22.24,-7.87,-71.53,49.86
26,22.34,-8.02,-71.89,49.91
26,22.44,-8.17,-72.25,50.16
26,22.54,-8.33,-72.62,49.88
26,22.64,-8.48,-72.98,50.04
26,22.74,-8.63,-73.34,49.92
26,22.84,-8.79,-73.71,49.91
26,22.94,-8.94,-74.07,50.0
26,23.04,-9.1,-74.43,50.22
26,23.14,-9.25,-74.8,50.08
26,23.24,-9.41,-75.16,49.89
26,23.34,-9.56,-75.53,50.02
26,23.44,-9.72,-75.89,49.81
26,23.54,-9.88,-76.25,49.77
26,23.64,-10.03,-76.62,50.02
26,23.74,-10.19,-76.98,50.07
26,23.84,-10.34,-77.35,50.16
26,23.94,-10.5,-77.71,50.04
26,24.04,-10.66,-78.08,50.0
26,24.14,-10.81,-78.44,49.97
26,24.24,-10.97,-78.8,50.05
26,24.34,-11.13,-79.17,49.88
26,24.44,-11.29,-79.53,49.93
26,24.54,-11.44,-79.9,49.88
26,24.64,-11.6,-80.26,49.95
26,24.74,-11.76,-80.63,49.93
26,24.84,-11.92,-80.99,49.92
26,24.94,-12.08,-81.36,49.94
26,25.04,-12.24,-81.72,50.02
26,25.14,-12.4,-82.09,50.13
26,25.24,-12.56,-82.45,50.03
26,25.34,-12.72,-82.82,49.94
26,25.44,-12.88,-83.18,50.04
26,25.54,-13.03,-83.55,50.01
26,25.64,-13.19,-83.92,50.02
26,25.74,-13.36,-84.28,50.0
26,25.84,-13.52,-84.65,50.17
26,25.94,-13.68,-85.01,50.01
26,26.04,-13.84,-85.38,49.94
26,26.14,-14.0,-85.74,49.92
26,26.24,-14.16,-86.11,50.09
26,26.34,-14.32,-86.48,49.88
26,26.44,-14.48,-86.84,50.14
26,26.54,-14.64,-87.21,49.81
26,26.64,-14.81,-87.57,50.12
26,26.74,-14.97,-87.94,50.08
26,26.84,-15.13,-88.31,49.96
26,26.94,-15.29,-88.67,49.92
26,27.05,-15.45,-89.04,50.12
26,27.15,-15.62,-89.41,50.18
26,27.25,-15.78,-89.77,49.94
26,27.35,-15.94,-90.14,50.06
26,27.45,-16.11,-90.5,50.1
26,27.55,-16.27,-90.87,50.06
26,27.65,-16.43,-91.24,50.01
26,27.75,-16.6,-91.61,49.96
26,27.85,-16.76,-91.97,50.03
26,27.95,-16.93,-92.34,49.79
26,28.05,-17.09,-92.71,50.13
26,28.15,-17.25,-93.07,49.83
26,28.25,-17.42,-93.44,49.92
26,28.35,-17.58,-93.81,49.97
26,28.45,-17.75,-94.17,49.9
26,28.55,-17.91,-94.54,49.89
26,28.65,-18.08,-94.91,50.14
26,28.75,-18.24,-95.28,50.18
26,28.85,-18.41,-95.64,50.15
26,28.95,-18.57,-96.01,50.08
26,29.05,-18.74,-96.38,50.25
26,29.15,-18.91,-96.75,49.97
26,29.25,-19.07,-97.11,49.96
26,29.35,-19.24,-97.48,50.0
26,29.45,-19.4,-97.85,50.14
26,29.55,-19.57,-98.22,50.06
26,29.65,-19.74,-98.58,50.17
26,29.75,-19.9,-98.95,50.01
26,29.85,-20.07,-99.32,49.85
26,29.95,-20.24,-99.69,49.93
26,30.05,-20.4,-100.06,50.1
26,30.15,-20.57,-100.42,49.95
26,30.25,-20.74,-100.79,50.01
26,30.35,-20.91,-101.16,50.02
26,30.45,-21.07,-101.53,50.18
26,30.55,-21.24,-101.9,50.09
26,30.65,-21.41,-102.26,50.07
26,30.75,-21.58,-102.63,50.02
26,30.85,-21.75,-103.0,49.92
26,30.95,-21.91,-103.37,50.02
26,31.05,-22.08,-103.74,50.22
26,31.15,-22.25,-104.11,50.05
26,31.25,-22.42,-104.47,49.94
26,31.35,-22.59,-104.84,49.96
26,31.45,-22.76,-105.21,50.14
26,31.55,-22.93,-105.58,49.95
26,31.65,-23.1,-105.95,49.98
26,31.75,-23.27,-106.32,49.89
26,31.85,-23.44,-106.69,49.97
26,31.95,-23.61,-107.06,50.05
26,32.05,-23.77,-107.42,49.97
26,32.15,-23.94,-107.79,50.0
26,32.25,-24.11,-108.16,49.88
26,32.35,-24.28,-108.53,49.94
26,32.45,-24.45,-108.9,50.21
26,32.55,-24.63,-109.27,49.99
26,32.65,-24.8,-109.64,50.04
26,32.75,-24.97,-110.01,49.92
26,32.85,-25.14,-110.38,50.01
26,32.95,-25.31,-110.75,49.97
26,33.06,-25.48,-111.12,50.11
26,33.16,-25.65,-111.48,50.11
26,33.26,-25.82,-111.85,50.12
26,33.36,-25.99,-112.22,50.01
26,33.46,-26.16,-112.59,50.2
26,33.56,-26.33,-112.96,50.08
26,33.66,-26.51,-113.33,49.86
26,33.76,-26.68,-113.7,50.15
26,33.86,-26.85,-114.07,50.0
26,33.96,-27.02,-114.44,50.11
26,34.06,-27.19,-114.81,49.89
26,34.16,-27.37,-115.18,49.99
26,34.26,-27.54,-115.55,50.07
26,34.36,-27.71,-115.92,50.02
26,34.46,-27.88,-116.29,49.99
26,34.56,-28.06,-116.66,49.75
26,34.66,-28.23,-117.03,49.93
26,34.76,-28.4,-117.4,49.9
26,34.86,-28.57,-117.77,49.81
26,34.96,-28.75,-118.14,49.93
26,35.06,-28.92,-118.51,50.19
26,35.16,-29.09,-118.88,50.12
26,35.26,-29.27,-119.25,49.92
26,35.36,-29.44,-119.62,49.94
26,35.46,-29.61,-119.99,49.94
26,35.56,-29.79,-120.36,50.08
26,35.66,-29.96,-120.73,50.04
26,35.76,-30.13,-121.1,49.93
26,35.86,-30.31,-121.47,49.94
26,35.96,-30.48,-121.84,50.11
26,36.06,-30.66,-122.21,50.15
26,36.16,-30.83,-122.58,49.91
26,36.26,-31.0,-122.95,49.99
26,36.36,-31.18,-123.32,50.01
26,36.46,-31.35,-123.69,49.98
26,36.56,-31.53,-124.06,50.11
26,36.66,-31.7,-124.43,49.98
26,36.76,-31.88,-124.81,50.19
26,36.86,-32.05,-125.18,50.12
26,36.96,-32.23,-125.55,49.93
26,37.06,-32.4,-125.92,50.01
26,37.16,-32.58,-126.29,49.9
26,37.26,-32.75,-126.66,49.96
26,37.36,-32.93,-127.03,50.09
26,37.46,-33.1,-127.4,50.02
26,37.56,-33.28,-127.77,50.21
26,37.66,-33.45,-128.14,49.88
26,37.76,-33.63,-128.51,50.0
26,37.86,-33.81,-128.88,49.95
26,37.96,-33.98,-129.26,49.97
26,38.06,-34.16,-129.63,50.0
26,38.16,-34.33,-130.0,49.93
26,38.26,-34.51,-130.37,50.1
26,38.36,-34.69,-130.74,50.18
26,38.46,-34.86,-131.11,49.77
26,38.56,-35.04,-131.48,50.14
26,38.66,-35.22,-131.85,50.25
26,38.76,-35.39,-132.22,50.02
26,38.86,-35.57,-132.6,49.94
26,38.96,-35.75,-132.97,49.94
26,39.07,-35.92,-133.34,49.97
26,39.17,-36.1,-133.71,50.04
26,39.27,-36.28,-134.08,49.96
26,39.37,-36.45,-134.45,49.99
26,39.47,-36.63,-134.82,49.9
26,39.57,-36.81,-135.2,49.95
26,39.67,-36.98,-135.57,49.96
26,39.77,-37.16,-135.94,50.0
26,39.87,-37.34,-136.31,49.85
26,39.97,-37.52,-136.68,49.97
26,40.07,-37.69,-137.05,49.98
26,40.17,-37.87,-137.42,50.02
26,40.27,-38.05,-137.8,50.14
26,40.37,-38.23,-138.17,49.99
26,40.47,-38.41,-138.54,49.88
26,40.57,-38.58,-138.91,50.01
26,40.67,-38.76,-139.28,49.93
26,40.77,-38.94,-139.66,49.93
26,40.87,-39.12,-140.03,49.97
26,40.97,-39.3,-140.4,49.95
26,41.07,-39.47,-140.77,49.89
26,41.17,-39.65,-141.14,49.95
26,41.27,-39.83,-141.51,50.05
26,41.37,-40.01,-141.89,50.0
26,41.47,-40.19,-142.26,49.9
26,41.57,-40.37,-142.63,49.91
26,41.67,-40.55,-143.0,50.01
26,41.77,-40.73,-143.37,49.9
26,41.87,-40.9,-143.75,49.91
26,41.97,-41.08,-144.12,49.94
26,42.07,-41.26,-144.49,49.9
26,42.17,-41.44,-144.86,50.01
26,42.27,-41.62,-145.24,49.97
26,42.37,-41.8,-145.61,50.14
26,42.47,-41.98,-145.98,49.88
26,42.57,-42.16,-146.35,50.12
26,42.67,-42.34,-146.72,50.02
26,42.77,-42.52,-147.1,50.15
26,42.87,-42.7,-147.47,50.14
26,42.97,-42.88,-147.84,49.96
26,43.07,-43.06,-148.21,49.86
26,43.17,-43.24,-148.59,49.99
26,43.27,-43.42,-148.96,49.8
26,43.37,-43.6,-149.33,50.07
26,43.47,-43.78,-149.7,50.02
26,43.57,-43.96,-150.08,49.94
26,43.67,-44.14,-150.45,49.96
26,43.77,-44.32,-150.82,49.9
26,43.87,-44.5,-151.19,50.0
26,43.97,-44.68,-151.57,49.9
26,44.07,-44.86,-151.94,50.0
26,44.17,-45.04,-152.31,50.04
26,44.27,-45.22,-152.68,50.07
26,44.37,-45.4,-153.06,50.04
26,44.47,-45.58,-153.43,49.97
26,44.57,-45.76,-153.8,50.04
26,44.67,-45.94,-154.18,50.01
26,44.77,-46.13,-154.55,50.01
26,44.87,-46.31,-154.92,49.9
26,44.97,-46.49,-155.29,49.88
26,45.08,-46.67,-155.67,50.03
26,45.18,-46.85,-156.04,50.05
26,45.28,-47.03,-156.41,49.94
26,45.38,-47.21,-156.78,50.12
26,45.48,-47.39,-157.16,50.22
26,45.58,-47.58,-157.53,50.18
26,45.68,-47.76,-157.9,49.97
26,45.78,-47.94,-158.28,49.96
26,45.88,-48.12,-158.65,50.08
26,45.98,-48.3,-159.02,50.07
26,46.08,-48.48,-159.4,49.89
26,46.18,-48.67,-159.77,49.98
26,46.28,-48.85,-160.14,50.07
26,46.38,-49.03,-160.52,49.91
26,46.48,-49.21,-160.89,49.93
26,46.58,-49.39,-161.26,49.94
26,46.68,-49.58,-161.63,49.96
26,46.78,-49.76,-162.01,49.84
26,46.88,-49.94,-162.38,50.07
26,46.98,-50.12,-162.75,49.93
26,47.08,-50.31,-163.13,50.02
26,47.18,-50.49,-163.5,50.01
26,47.28,-50.67,-163.87,49.9
26,47.38,-50.85,-164.25,49.82
26,47.48,-51.04,-164.62,50.01
26,47.58,-51.22,-164.99,49.96
26,47.68,-51.4,-165.37,50.05
26,47.78,-51.58,-165.74,50.08
26,47.88,-51.77,-166.11,49.8
26,47.98,-51.95,-166.49,49.98
26,48.08,-52.13,-166.86,50.1
26,48.18,-52.31,-167.23,50.14
26,48.28,-52.5,-167.61,49.82
26,48.38,-52.68,-167.98,50.12
26,48.48,-52.86,-168.36,49.9
26,48.58,-53.05,-168.73,50.07
26,48.68,-53.23,-169.1,49.95
26,48.78,-53.41,-169.48,50.07
26,48.88,-53.6,-169.85,49.96
26,48.98,-53.78,-170.22,49.86
26,49.08,-53.96,-170.6,49.94
26,49.18,-54.15,-170.97,50.05
26,49.28,-54.33,-171.34,49.96
26,49.38,-54.52,-171.72,49.89
26,49.48,-54.7,-172.09,49.87
26,49.58,-54.88,-172.47,49.92
26,49.68,-55.07,-172.84,49.92
26,49.78,-55.25,-173.21,50.06
26,49.88,-55.43,-173.59,49.96
26,49.98,-55.62,-173.96,49.97
26,50.08,-55.8,-174.33,49.98
26,50.18,-55.99,-174.71,50.05
26,50.28,-56.17,-175.08,50.06
26,50.38,-56.35,-175.46,49.95
26,50.48,-56.54,-175.83,49.97
26,50.58,-56.72,-176.2,50.06
26,50.68,-56.91,-176.58,49.93
26,50.78,-57.09,-176.95,49.95
26,50.88,-57.28,-177.33,50.06
26,50.98,-57.46,-177.7,49.94
26,51.09,-57.65,-178.07,50.02
26,51.19,-57.83,-178.45,49.84
26,51.29,-58.01,-178.82,50.06
26,51.39,-58.2,-179.2,49.98
26,51.49,-58.38,-179.57,50.04
26,51.59,-58.57,-179.94,50.11
26,51.69,-58.75,-180.32,49.97
26,51.79,-58.94,-180.69,49.85
26,51.89,-59.12,-181.07,49.96
26,51.99,-59.31,-181.44,50.12
26,52.09,-59.49,-181.82,50.02
26,52.19,-59.68,-182.19,49.89
26,52.29,-59.86,-182.56,49.98
26,52.39,-60.05,-182.94,50.05
26,52.49,-60.23,-183.31,49.99
26,52.59,-60.42,-183.69,49.98
26,52.69,-60.6,-184.06,49.93
26,52.79,-60.79,-184.43,49.94
26,52.89,-60.97,-184.81,50.02
26,52.99,-61.16,-185.18,50.05
26,53.09,-61.35,-185.56,49.98
26,53.19,-61.53,-185.93,49.95
26,53.29,-61.72,-186.31,50.08
26,53.39,-61.9,-186.68,49.96
26,53.49,-62.09,-187.06,50.03
26,53.59,-62.27,-187.43,50.05
26,53.69,-62.46,-187.8,49.87
26,53.79,-62.65,-188.18,50.01
26,53.89,-62.83,-188.55,49.73
26,53.99,-63.02,-188.93,49.99
26,54.09,-63.2,-189.3,50.06
26,54.19,-63.39,-189.68,50.03
26,54.29,-63.58,-190.05,50.08
26,54.39,-63.76,-190.43,50.04
26,54.49,-63.95,-190.8,49.95
26,54.59,-64.13,-191.18,49.85
26,54.69,-64.32,-191.55,50.01
26,54.79,-64.51,-191.92,50.05
26,54.89,-64.69,-192.3,49.82
26,54.99,-64.88,-192.67,50.04
26,55.09,-65.06,-193.05,50.01
26,55.19,-65.25,-193.42,49.96
26,55.29,-65.44,-193.8,50.04
26,55.39,-65.62,-194.17,49.97
26,55.49,-65.81,-194.55,49.97
26,55.59,-66.0,-194.92,49.87
26,55.69,-66.18,-195.3,50.04
26,55.79,-66.37,-195.67,49.87
26,55.89,-66.56,-196.05,49.93
26,55.99,-66.74,-196.42,50.05
26,56.09,-66.93,-196.8,49.98
26,56.19,-67.12,-197.17,50.17
26,56.29,-67.3,-197.55,50.06
26,56.39,-67.49,-197.92,50.08
26,56.49,-67.68,-198.29,50.09
26,56.59,-67.87,-198.67,49.98
26,56.69,-68.05,-199.04,49.95
26,56.79,-68.24,-199.42,49.88
26,56.89,-68.43,-199.79,49.85
26,56.99,-68.61,-200.17,50.11
26,57.1,-68.8,-200.54,49.94
26,57.2,-68.99,-200.92,50.09
26,57.3,-69.18,-201.29,49.85
26,57.4,-69.36,-201.67,49.98
26,57.5,-69.55,-202.04,50.13
26,57.6,-69.74,-202.42,50.03
26,57.7,-69.93,-202.79,50.03
26,57.8,-70.11,-203.17,49.94
26,57.9,-70.3,-203.54,49.91
26,58.0,-70.49,-203.92,50.0
26,58.1,-70.68,-204.29,49.89
26,58.2,-70.86,-204.67,49.99
26,58.3,-71.05,-205.04,50.1
26,58.4,-71.24,-205.42,49.87
26,58.5,-71.43,-205.79,50.06
26,58.6,-71.61,-206.17,50.1
26,58.7,-71.8,-206.55,49.97
26,58.8,-71.99,-206.92,50.0
26,58.9,-72.18,-207.3,49.95
26,59.0,-72.37,-207.67,49.97
26,59.1,-72.55,-208.05,50.08
26,59.2,-72.74,-208.42,50.07
26,59.3,-72.93,-208.8,50.04
26,59.4,-73.12,-209.17,50.06
26,59.5,-73.31,-209.55,50.02
26,59.6,-73.49,-209.92,49.88
26,59.7,-73.68,-210.3,50.11
26,59.8,-73.87,-210.67,49.91
26,59.9,-74.06,-211.05,49.99
26,60.0,-74.25,-211.42,50.09
27,0.0,0.0,0.0,0.0
27,0.1,0.71,-0.01,49.86
27,0.2,1.42,-0.03,50.06
27,0.3,2.13,-0.06,50.12
27,0.4,2.83,-0.11,49.93
27,0.5,3.52,-0.15,49.91
27,0.6,4.22,-0.21,50.01
27,0.7,4.9,-0.28,49.91
27,0.8,5.59,-0.35,49.78
27,0.9,6.27,-0.43,50.0
27,1.0,6.95,-0.51,50.03
27,1.1,7.63,-0.6,49.97
27,1.2,8.3,-0.69,50.01
27,1.3,8.97,-0.8,50.1
27,1.4,9.64,-0.9,49.96
27,1.5,10.31,-1.01,49.98
27,1.6,10.97,-1.13,50.0
27,1.7,11.63,-1.25,49.97
27,1.8,12.29,-1.37,49.97
27,1.9,12.95,-1.5,50.17
27,2.0,13.61,-1.63,50.01
27,2.1,14.26,-1.76,49.97
27,2.2,14.91,-1.9,50.14
27,2.3,15.56,-2.04,50.11
27,2.4,16.21,-2.19,50.06
27,2.5,16.86,-2.34,49.94
27,2.6,17.51,-2.49,50.27
27,2.7,18.16,-2.64,49.84
27,2.8,18.8,-2.8,49.82
27,2.9,19.44,-2.96,50.04
27,3.01,20.08,-3.12,49.96
27,3.11,20.72,-3.28,49.75
27,3.21,21.36,-3.45,49.99
27,3.31,22.0,-3.62,50.01
27,3.41,22.64,-3.79,49.98
27,3.51,23.28,-3.96,50.03
27,3.61,23.91,-4.14,49.95
27,3.71,24.55,-4.31,49.99
27,3.81,25.18,-4.49,50.13
27,3.91,25.81,-4.67,50.1
27,4.01,26.44,-4.86,49.98
27,4.11,27.07,-5.04,50.05
27,4.21,27.7,-5.23,50.09
27,4.31,28.33,-5.41,49.91
27,4.41,28.96,-5.6,50.03
27,4.51,29.59,-5.8,50.02
27,4.61,30.22,-5.99,50.07
27,4.71,30.84,-6.18,49.91
27,4.81,31.47,-6.38,50.0
27,4.91,32.09,-6.57,49.92
27,5.01,32.72,-6.77,50.03
27,5.11,33.34,-6.97,49.92
27,5.21,33.96,-7.17,49.95
27,5.31,34.58,-7.37,50.01
27,5.41,35.21,-7.58,49.91
27,5.51,35.83,-7.78,49.84
27,5.61,36.45,-7.99,50.1
27,5.71,37.07,-8.19,49.94
27,5.81,37.69,-8.4,49.86
27,5.91,38.31,-8.61,49.89
27,6.01,38.92,-8.82,49.99
27,6.11,39.54,-9.03,50.16
27,6.21,40.16,-9.24,49.99
27,6.31,40.78,-9.46,50.06
27,6.41,41.39,-9.67,49.96
27,6.51,42.01,-9.89,50.02
27,6.61,42.62,-10.1,49.98
27,6.71,43.24,-10.32,50.06
27,6.81,43.85,-10.54,49.89
27,6.91,44.47,-10.76,50.01
27,7.01,45.08,-10.98,50.02
27,7.11,45.69,-11.2,50.04
27,7.21,46.31,-11.42,49.87
27,7.31,46.92,-11.64,49.95
27,7.41,47.53,-11.86,50.06
27,7.51,48.14,-12.08,50.02
27,7.61,48.76,-12.31,50.17
27,7.71,49.37,-12.53,49.95
27,7.81,49.98,-12.76,49.8
27,7.91,50.59,-12.99,49.95
27,8.01,51.2,-13.21,49.73
27,8.11,51.81,-13.44,50.07
27,8.21,52.42,-13.67,50.0
27,8.31,53.03,-13.9,50.04
27,8.41,53.64,-14.13,50.06
27,8.51,54.24,-14.36,50.1
27,8.61,54.85,-14.59,49.74
27,8.71,55.46,-14.82,49.8
27,8.81,56.07,-15.05,49.92
27,8.91,56.68,-15.29,49.97
27,9.02,57.28,-15.52,50.02
27,9.12,57.89,-15.76,50.01
27,9.22,58.5,-15.99,50.02
27,9.32,59.1,-16.23,49.84
27,9.42,59.71,-16.46,49.92
27,9.52,60.31,-16.7,49.97
27,9.62,60.92,-16.93,49.98
27,9.72,61.52,-17.17,49.95
27,9.82,62.13,-17.41,50.03
27,9.92,62.73,-17.65,49.89
27,10.02,63.34,-17.89,49.95
27,10.12,63.94,-18.13,50.05
27,10.22,64.55,-18.37,50.02
27,10.32,65.15,-18.61,49.96
27,10.42,65.75,-18.85,49.96
27,10.52,66.36,-19.09,49.95
27,10.62,66.96,-19.33,49.97
27,10.72,67.56,-19.57,49.95
27,10.82,68.17,-19.81,49.96
27,10.92,68.77,-20.06,50.03
27,11.02,69.37,-20.3,50.03
27,11.12,69.97,-20.54,49.87
27,11.22,70.57,-20.79,50.18
27,11.32,71.18,-21.03,49.95
27,11.42,71.78,-21.28,50.05
27,11.52,72.38,-21.52,49.89
27,11.62,72.98,-21.77,50.15
27,11.72,73.58,-22.02,50.05
27,11.82,74.18,-22.26,50.04
27,11.92,74.78,-22.51,49.98
27,12.02,75.38,-22.76,49.82
27,12.12,75.98,-23.01,50.17
27,12.22,76.58,-23.25,50.09
27,12.32,77.18,-23.5,49.97
27,12.42,77.78,-23.75,50.05
27,12.52,78.38,-24.0,49.87
27,12.62,78.98,-24.25,49.81
27,12.72,79.58,-24.5,50.0
27,12.82,80.18,-24.75,49.92
27,12.92,80.78,-25.0,49.95
27,13.02,81.38,-25.25,49.99
27,13.12,81.98,-25.5,49.88
27,13.22,82.57,-25.75,49.99
27,13.32,83.17,-26.01,49.89
27,13.42,83.77,-26.26,50.1
27,13.52,84.37,-26.51,49.99
27,13.62,84.97,-26.76,50.05
27,13.72,85.56,-27.02,49.82
27,13.82,86.16,-27.27,50.06
27,13.92,86.76,-27.52,50.15
27,14.02,87.36,-27.78,50.01
27,14.12,87.95,-28.03,50.05
27,14.22,88.55,-28.28,49.98
27,14.32,89.15,-28.54,50.04
27,14.42,89.74,-28.79,50.16
27,14.52,90.34,-29.05,50.22
27,14.62,90.94,-29.3,50.03
27,14.72,91.53,-29.56,49.9
27,14.82,92.13,-29.82,50.06
27,14.92,92.72,-30.07,49.88
27,15.03,93.32,-30.33,49.94
27,15.13,93.92,-30.59,49.95
27,15.23,94.51,-30.84,50.2
27,15.33,95.11,-31.1,50.14
27,15.43,95.7,-31.36,50.12
27,15.53,96.3,-31.62,50.08
27,15.63,96.89,-31.87,49.91
27,15.73,97.49,-32.13,50.02
27,15.83,98.08,-32.39,50.18
27,15.93,98.68,-32.65,50.04
27,16.03,99.27,-32.91,50.1
27,16.13,99.87,-33.17,49.84
27,16.23,100.46,-33.43,50.07
27,16.33,101.06,-33.69,49.89
27,16.43,101.65,-33.95,49.98
27,16.53,102.25,-34.21,50.14
27,16.63,102.84,-34.47,50.03
27,16.73,103.43,-34.73,50.08
27,16.83,104.03,-34.99,49.98
27,16.93,104.62,-35.25,49.81
27,17.03,105.22,-35.51,49.91
27,17.13,105.81,-35.77,50.07
27,17.23,106.4,-36.03,50.03
27,17.33,107.0,-36.29,50.17
27,17.43,107.59,-36.56,50.01
27,17.53,108.18,-36.82,49.91
27,17.63,108.78,-37.08,50.0
27,17.73,109.37,-37.34,50.1
27,17.83,109.96,-37.61,49.82
27,17.93,110.56,-37.87,50.03
27,18.03,111.15,-38.13,49.87
27,18.13,111.74,-38.4,50.02
27,18.23,112.33,-38.66,50.07
27,18.33,112.93,-38.92,50.06
27,18.43,113.52,-39.19,50.13
27,18.53,114.11,-39.45,50.03
27,18.63,114.7,-39.71,50.05
27,18.73,115.3,-39.98,50.05
27,18.83,115.89,-40.24,49.9
27,18.93,116.48,-40.51,49.99
27,19.03,117.07,-40.77,49.75
27,19.13,117.66,-41.04,50.04
27,19.23,118.25,-41.3,49.72
27,19.33,118.85,-41.57,50.08
27,19.43,119.44,-41.83,50.17
27,19.53,120.03,-42.1,50.05
27,19.63,120.62,-42.36,50.07
27,19.73,121.21,-42.63,50.12
27,19.83,121.8,-42.9,49.96
27,19.93,122.4,-43.16,49.87
27,20.03,122.99,-43.43,49.99
27,20.13,123.58,-43.7,49.92
27,20.23,124.17,-43.96,50.01
27,20.33,124.76,-44.23,50.03
27,20.43,125.35,-44.5,49.95
27,20.53,125.94,-44.76,49.93
27,20.63,126.53,-45.03,49.78
27,20.73,127.12,-45.3,49.98
27,20.83,127.71,-45.57,49.96
27,20.93,128.3,-45.83,49.96
27,21.04,128.89,-46.1,50.07
27,21.14,129.48,-46.37,50.2
27,21.24,130.08,-46.64,49.96
27,21.34,130.67,-46.91,50.04
27,21.44,131.26,-47.18,50.03
27,21.54,131.85,-47.44,50.11
27,21.64,132.44,-47.71,49.91
27,21.74,133.03,-47.98,49.91
27,21.84,133.62,-48.25,49.92
27,21.94,134.21,-48.52,49.77
27,22.04,134.8,-48.79,50.0
27,22.14,135.39,-49.06,49.89
27,22.24,135.97,-49.33,50.03
27,22.34,136.56,-49.6,49.76
27,22.44,137.15,-49.87,49.99
27,22.54,137.74,-50.14,49.97
27,22.64,138.33,-50.41,49.95
27,22.74,138.92,-50.68,50.1
27,22.84,139.51,-50.95,49.92
27,22.94,140.1,-51.22,50.03
27,23.04,140.69,-51.49,49.94
27,23.14,141.28,-51.76,50.17
27,23.24,141.87,-52.03,49.99
27,23.34,142.46,-52.3,50.07
27,23.44,143.05,-52.57,50.06
27,23.54,143.64,-52.84,50.11
27,23.64,144.22,-53.11,50.01
27,23.74,144.81,-53.39,49.87
27,23.84,145.4,-53.66,50.04
27,23.94,145.99,-53.93,50.03
27,24.04,146.58,-54.2,49.7
27,24.14,147.17,-54.47,49.83
27,24.24,147.76,-54.74,50.07
27,24.34,148.34,-55.02,50.14
27,24.44,148.93,-55.29,49.99
27,24.54,149.52,-55.56,50.08
27,24.64,150.11,-55.83,50.01
27,24.74,150.7,-56.11,50.0
27,24.84,151.29,-56.38,49.99
27,24.94,151.87,-56.65,50.01
27,25.04,152.46,-56.92,50.04
27,25.14,153.05,-57.2,49.96
27,25.24,153.64,-57.47,50.12
27,25.34,154.23,-57.74,49.9
27,25.44,154.81,-58.02,50.17
27,25.54,155.4,-58.29,49.98
27,25.64,155.99,-58.56,49.99
27,25.74,156.58,-58.84,49.94
27,25.84,157.17,-59.11,50.04
27,25.94,157.75,-59.38,49.96
27,26.04,158.34,-59.66,49.95
27,26.14,158.93,-59.93,50.06
27,26.24,159.52,-60.2,50.12
27,26.34,160.1,-60.48,49.9
27,26.44,160.69,-60.75,50.08
27,26.54,161.28,-61.03,50.12
27,26.64,161.87,-61.3,49.82
27,26.74,162.45,-61.58,49.92
27,26.84,163.04,-61.85,50.12
27,26.94,163.63,-62.12,50.04
27,27.05,164.22,-62.4,50.17
27,27.15,164.8,-62.67,49.98
27,27.25,165.39,-62.95,49.95
27,27.35,165.98,-63.22,50.14
27,27.45,166.56,-63.5,49.92
27,27.55,167.15,-63.77,49.98
27,27.65,167.74,-64.05,50.06
27,27.75,168.32,-64.32,50.07
27,27.85,168.91,-64.6,49.92
27,27.95,169.5,-64.88,50.03
27,28.05,170.08,-65.15,49.97
27,28.15,170.67,-65.43,49.83
27,28.25,171.26,-65.7,49.95
27,28.35,171.84,-65.98,49.84
27,28.45,172.43,-66.25,49.93
27,28.55,173.02,-66.53,49.88
27,28.65,173.6,-66.81,50.08
27,28.75,174.19,-67.08,50.03
27,28.85,174.78,-67.36,50.15
27,28.95,175.36,-67.63,49.91
27,29.05,175.95,-67.91,50.01
27,29.15,176.54,-68.19,49.89
27,29.25,177.12,-68.46,49.94
27,29.35,177.71,-68.74,49.96
27,29.45,178.3,-69.02,50.2
27,29.55,178.88,-69.29,50.04
27,29.65,179.47,-69.57,49.99
27,29.75,180.05,-69.85,50.11
27,29.85,180.64,-70.12,50.07
27,29.95,181.23,-70.4,49.99
27,30.05,181.81,-70.68,50.07
27,30.15,182.4,-70.96,49.97
27,30.25,182.98,-71.23,50.3
27,30.35,183.57,-71.51,50.12
27,30.45,184.16,-71.79,49.96
27,30.55,184.74,-72.07,50.08
27,30.65,185.33,-72.34,50.05
27,30.75,185.91,-72.62,50.03
27,30.85,186.5,-72.9,50.05
27,30.95,187.08,-73.18,49.92
27,31.05,187.67,-73.45,49.96
27,31.15,188.26,-73.73,50.17
27,31.25,188.84,-74.01,50.02
27,31.35,189.43,-74.29,49.93
27,31.45,190.01,-74.57,49.99
27,31.55,190.6,-74.85,49.95
27,31.65,191.18,-75.12,50.09
27,31.75,191.77,-75.4,49.94
27,31.85,192.35,-75.68,50.0
27,31.95,192.94,-75.96,49.93
27,32.05,193.53,-76.24,50.22
27,32.15,194.11,-76.52,50.06
27,32.25,194.7,-76.79,50.06
27,32.35,195.28,-77.07,50.07
27,32.45,195.87,-77.35,49.96
27,32.55,196.45,-77.63,50.15
27,32.65,197.04,-77.91,49.99
27,32.75,197.62,-78.19,50.18
27,32.85,198.21,-78.47,49.97
27,32.95,198.79,-78.75,50.07
27,33.06,199.38,-79.03,50.02
27,33.16,199.96,-79.31,50.03
27,33.26,200.55,-79.59,49.83
27,33.36,201.13,-79.86,49.9
27,33.46,201.72,-80.14,50.15
27,33.56,202.3,-80.42,49.87
27,33.66,202.89,-80.7,50.09
27,33.76,203.47,-80.98,50.26
27,33.86,204.06,-81.26,50.06
27,33.96,204.64,-81.54,50.21
27,34.06,205.23,-81.82,50.07
27,34.16,205.81,-82.1,50.03
27,34.26,206.39,-82.38,50.04
27,34.36,206.98,-82.66,49.98
27,34.46,207.56,-82.94,49.98
27,34.56,208.15,-83.22,49.95
27,34.66,208.73,-83.5,50.04
27,34.76,209.32,-83.78,50.22
27,34.86,209.9,-84.06,50.14
27,34.96,210.49,-84.34,50.02
27,35.06,211.07,-84.62,50.06
27,35.16,211.66,-84.9,49.99
27,35.26,212.24,-85.18,50.14
27,35.36,212.82,-85.46,49.84
27,35.46,213.41,-85.75,50.19
27,35.56,213.99,-86.03,49.95
27,35.66,214.58,-86.31,49.96
27,35.76,215.16,-86.59,49.88
27,35.86,215.75,-86.87,50.02
27,35.96,216.33,-87.15,49.93
27,36.06,216.91,-87.43,50.12
27,36.16,217.5,-87.71,50.07
27,36.26,218.08,-87.99,49.93
27,36.36,218.67,-88.27,49.91
27,36.46,219.25,-88.55,49.94
27,36.56,219.84,-88.84,49.91
27,36.66,220.42,-89.12,49.97
27,36.76,221.0,-89.4,49.92
27,36.86,221.59,-89.68,50.12
27,36.96,222.17,-89.96,49.95
27,37.06,222.76,-90.24,50.06
27,37.16,223.34,-90.52,50.06
27,37.26,223.92,-90.81,49.81
27,37.36,224.51,-91.09,50.07
27,37.46,225.09,-91.37,49.83
27,37.56,225.67,-91.65,49.92
27,37.66,226.26,-91.93,50.07
27,37.76,226.84,-92.21,50.01
27,37.86,227.43,-92.5,49.97
27,37.96,228.01,-92.78,49.82
27,38.06,228.59,-93.06,50.1
27,38.16,229.18,-93.34,50.04
27,38.26,229.76,-93.62,49.91
27,38.36,230.34,-93.91,49.9
27,38.46,230.93,-94.19,50.1
27,38.56,231.51,-94.47,50.03
27,38.66,232.09,-94.75,49.86
27,38.76,232.68,-95.03,49.93
27,38.86,233.26,-95.32,50.2
27,38.96,233.85,-95.6,50.1
27,39.07,234.43,-95.88,50.0
27,39.17,235.01,-96.16,50.0
27,39.27,235.6,-96.45,49.78
27,39.37,236.18,-96.73,50.13
27,39.47,236.76,-97.01,49.95
27,39.57,237.35,-97.29,49.92
27,39.67,237.93,-97.58,50.07
27,39.77,238.51,-97.86,49.94
27,39.87,239.1,-98.14,49.82
27,39.97,239.68,-98.43,50.04
27,40.07,240.26,-98.71,49.85
27,40.17,240.85,-98.99,49.99
27,40.27,241.43,-99.27,50.03
27,40.37,242.01,-99.56,49.97
27,40.47,242.6,-99.84,49.97
27,40.57,243.18,-100.12,50.16
27,40.67,243.76,-100.41,50.16
27,40.77,244.34,-100.69,49.91
27,40.87,244.93,-100.97,49.94
27,40.97,245.51,-101.26,49.95
27,41.07,246.09,-101.54,50.0
27,41.17,246.68,-101.82,49.99
27,41.27,247.26,-102.11,50.17
27,41.37,247.84,-102.39,49.98
27,41.47,248.43,-102.67,49.9
27,41.57,249.01,-102.96,49.94
27,41.67,249.59,-103.24,50.04
27,41.77,250.17,-103.52,49.97
27,41.87,250.76,-103.81,50.03
27,41.97,251.34,-104.09,49.98
27,42.07,251.92,-104.37,50.07
27,42.17,252.51,-104.66,49.99
27,42.27,253.09,-104.94,49.88
27,42.37,253.67,-105.23,49.97
27,42.47,254.25,-105.51,50.22
27,42.57,254.84,-105.79,50.12
27,42.67,255.42,-106.08,49.88
27,42.77,256.0,-106.36,50.18
27,42.87,256.59,-106.64,50.01
27,42.97,257.17,-106.93,49.95
27,43.07,257.75,-107.21,49.97
27,43.17,258.33,-107.5,50.01
27,43.27,258.92,-107.78,50.11
27,43.37,259.5,-108.07,50.02
27,43.47,260.08,-108.35,50.03
27,43.57,260.66,-108.63,50.12
27,43.67,261.25,-108.92,49.96
27,43.77,261.83,-109.2,50.03
27,43.87,262.41,-109.49,50.04
27,43.97,262.99,-109.77,50.01
27,44.07,263.58,-110.06,50.05
27,44.17,264.16,-110.34,49.93
27,44.27,264.74,-110.63,50.1
27,44.37,265.32,-110.91,49.94
27,44.47,265.91,-111.19,50.05
27,44.57,266.49,-111.48,50.02
27,44.67,267.07,-111.76,49.93
27,44.77,267.65,-112.05,50.16
27,44.87,268.24,-112.33,50.17
27,44.97,268.82,-112.62,49.91
27,45.08,269.4,-112.9,50.08
27,45.18,269.98,-113.19,49.99
27,45.28,270.57,-113.47,49.93
27,45.38,271.15,-113.76,50.04
27,45.48,271.73,-114.04,50.08
27,45.58,272.31,-114.33,50.02
27,45.68,272.89,-114.61,49.96
27,45.78,273.48,-114.9,50.13
27,45.88,274.06,-115.18,50.14
27,45.98,274.64,-115.47,49.93
27,46.08,275.22,-115.75,50.01
27,46.18,275.81,-116.04,49.84
27,46.28,276.39,-116.32,50.08
27,46.38,276.97,-116.61,50.13
27,46.48,277.55,-116.89,50.04
27,46.58,278.13,-117.18,49.9
27,46.68,278.72,-117.46,50.16
27,46.78,279.3,-117.75,50.2
27,46.88,279.88,-118.04,49.96
27,46.98,280.46,-118.32,50.04
27,47.08,281.04,-118.61,50.08
27,47.18,281.63,-118.89,50.08
27,47.28,282.21,-119.18,50.0
27,47.38,282.79,-119.46,50.18
27,47.48,283.37,-119.75,49.84
27,47.58,283.95,-120.03,49.84
27,47.68,284.54,-120.32,50.0
27,47.78,285.12,-120.61,50.17
27,47.88,285.7,-120.89,50.12
27,47.98,286.28,-121.18,49.85
27,48.08,286.86,-121.46,50.28
27,48.18,287.44,-121.75,50.06
27,48.28,288.03,-122.03,49.88
27,48.38,288.61,-122.32,49.99
27,48.48,289.19,-122.61,50.1
27,48.58,289.77,-122.89,50.13
27,48.68,290.35,-123.18,49.99
27,48.78,290.94,-123.46,50.05
27,48.88,291.52,-123.75,49.99
27,48.98,292.1,-124.04,49.99
27,49.08,292.68,-124.32,50.07
27,49.18,293.26,-124.61,50.14
27,49.28,293.84,-124.89,49.89
27,49.38,294.43,-125.18,49.98
27,49.48,295.01,-125.47,49.94
27,49.58,295.59,-125.75,49.9
27,49.68,296.17,-126.04,49.89
27,49.78,296.75,-126.33,50.0
27,49.88,297.33,-126.61,49.89
27,49.98,297.92,-126.9,49.89
27,50.08,298.5,-127.19,49.98
27,50.18,299.08,-127.47,49.9
27,50.28,299.66,-127.76,50.05
27,50.38,300.24,-128.04,49.95
27,50.48,300.82,-128.33,49.88
27,50.58,301.4,-128.62,50.23
27,50.68,301.99,-128.9,49.79
27,50.78,302.57,-129.19,50.09
27,50.88,303.15,-129.48,50.03
27,50.98,303.73,-129.76,49.95
27,51.09,304.31,-130.05,49.91
27,51.19,304.89,-130.34,50.17
27,51.29,305.47,-130.62,50.21
27,51.39,306.06,-130.91,49.97
27,51.49,306.64,-131.2,49.96
27,51.59,307.22,-131.48,50.11
27,51.69,307.8,-131.77,49.98
27,51.79,308.38,-132.06,50.06
27,51.89,308.96,-132.35,50.06
27,51.99,309.54,-132.63,50.0
27,52.09,310.13,-132.92,50.02
27,52.19,310.71,-133.21,50.04
27,52.29,311.29,-133.49,49.89
27,52.39,311.87,-133.78,49.93
27,52.49,312.45,-134.07,50.02
27,52.59,313.03,-134.35,49.95
27,52.69,313.61,-134.64,50.28
27,52.79,314.19,-134.93,50.01
27,52.89,314.77,-135.22,49.83
27,52.99,315.36,-135.5,49.72
27,53.09,315.94,-135.79,50.08
27,53.19,316.52,-136.08,50.01
27,53.29,317.1,-136.36,50.14
27,53.39,317.68,-136.65,49.94
27,53.49,318.26,-136.94,49.99
27,53.59,318.84,-137.23,50.03
27,53.69,319.42,-137.51,49.98
27,53.79,320.01,-137.8,49.98
27,53.89,320.59,-138.09,50.07
27,53.99,321.17,-138.38,49.92
27,54.09,321.75,-138.66,50.05
27,54.19,322.33,-138.95,50.18
27,54.29,322.91,-139.24,50.17
27,54.39,323.49,-139.53,49.82
27,54.49,324.07,-139.81,49.95
27,54.59,324.65,-140.1,50.03
27,54.69,325.23,-140.39,50.13
27,54.79,325.82,-140.68,50.02
27,54.89,326.4,-140.96,50.13
27,54.99,326.98,-141.25,49.93
27,55.09,327.56,-141.54,50.03
27,55.19,328.14,-141.83,50.04
27,55.29,328.72,-142.12,50.13
27,55.39,329.3,-142.4,50.09
27,55.49,329.88,-142.69,50.07
27,55.59,330.46,-142.98,50.08
27,55.69,331.04,-143.27,49.88
27,55.79,331.62,-143.55,49.98
27,55.89,332.21,-143.84,49.9
27,55.99,332.79,-144.13,49.93
27,56.09,333.37,-144.42,49.98
27,56.19,333.95,-144.71,49.77
27,56.29,334.53,-144.99,49.99
27,56.39,335.11,-145.28,49.92
27,56.49,335.69,-145.57,49.89
27,56.59,336.27,-145.86,50.01
27,56.69,336.85,-146.15,49.96
27,56.79,337.43,-146.43,50.03
27,56.89,338.01,-146.72,49.94
27,56.99,338.59,-147.01,49.98
27,57.1,339.17,-147.3,50.25
27,57.2,339.75,-147.59,50.06
27,57.3,340.34,-147.88,49.92
27,57.4,340.92,-148.16,50.12
27,57.5,341.5,-148.45,50.15
27,57.6,342.08,-148.74,50.06
27,57.7,342.66,-149.03,49.92
27,57.8,343.24,-149.32,50.1
27,57.9,343.82,-149.61,49.94
27,58.0,344.4,-149.89,50.14
27,58.1,344.98,-150.18,49.98
27,58.2,345.56,-150.47,49.97
27,58.3,346.14,-150.76,50.05
27,58.4,346.72,-151.05,50.14
27,58.5,347.3,-151.34,50.24
27,58.6,347.88,-151.62,50.0
27,58.7,348.46,-151.91,49.96
27,58.8,349.04,-152.2,49.92
27,58.9,349.62,-152.49,49.85
27,59.0,350.21,-152.78,49.9
27,59.1,350.79,-153.07,50.02
27,59.2,351.37,-153.36,50.11
27,59.3,351.95,-153.64,49.91
27,59.4,352.53,-153.93,50.08
27,59.5,353.11,-154.22,49.91
27,59.6,353.69,-154.51,49.93
27,59.7,354.27,-154.8,49.89
27,59.8,354.85,-155.09,50.13
27,59.9,355.43,-155.38,50.16
27,60.0,356.01,-155.67,49.93
28,0.0,0.0,0.0,0.0
28,0.1,1.43,0.0,49.92
28,0.2,2.81,0.01,50.06
28,0.3,4.16,0.01,50.17
28,0.4,5.47,0.02,50.16
28,0.5,6.74,0.03,49.96
28,0.6,7.98,0.04,49.98
28,0.7,9.19,0.05,49.88
28,0.8,10.37,0.07,49.96
28,0.9,11.53,0.08,50.01
28,1.0,12.65,0.1,49.87
28,1.1,13.75,0.12,49.95
28,1.2,14.83,0.13,50.02
28,1.3,15.89,0.15,49.85
28,1.4,16.92,0.17,50.05
28,1.5,17.94,0.2,50.1
28,1.6,18.93,0.22,50.06
28,1.7,19.9,0.24,49.95
28,1.8,20.86,0.27,50.12
28,1.9,21.8,0.29,50.14
28,2.0,22.73,0.32,50.03
28,2.1,23.64,0.34,50.01
28,2.2,24.53,0.37,49.94
28,2.3,25.41,0.4,49.96
28,2.4,26.28,0.43,50.11
28,2.5,27.13,0.46,50.18
28,2.6,27.97,0.49,49.96
28,2.7,28.79,0.52,49.98
28,2.8,29.61,0.55,49.94
28,2.9,30.41,0.58,49.96
28,3.01,31.2,0.61,49.87
28,3.11,31.99,0.64,50.04
28,3.21,32.76,0.68,49.87
28,3.31,33.52,0.71,49.95
28,3.41,34.27,0.74,49.99
28,3.51,35.01,0.78,49.87
28,3.61,35.74,0.81,49.92
28,3.71,36.47,0.85,49.89
28,3.81,37.18,0.88,50.11
28,3.91,37.89,0.92,50.14
28,4.01,38.59,0.96,49.92
28,4.11,39.28,0.99,50.28
28,4.21,39.96,1.03,49.91
28,4.31,40.64,1.07,49.96
28,4.41,41.31,1.11,50.05
28,4.51,41.97,1.14,50.06
28,4.61,42.62,1.18,49.97
28,4.71,43.27,1.22,50.11
28,4.81,43.91,1.26,50.12
28,4.91,44.55,1.3,50.0
28,5.01,45.18,1.34,49.98
28,5.11,45.8,1.38,49.94
28,5.21,46.42,1.42,49.9
28,5.31,47.03,1.46,49.92
28,5.41,47.63,1.5,50.05
28,5.51,48.24,1.54,50.0
28,5.61,48.83,1.58,49.98
28,5.71,49.42,1.63,49.94
28,5.81,50.01,1.67,49.95
28,5.91,50.59,1.71,50.0
28,6.01,51.16,1.75,49.99
28,6.11,51.73,1.79,50.0
28,6.21,52.3,1.84,49.96
28,6.31,52.86,1.88,49.93
28,6.41,53.42,1.92,50.0
28,6.51,53.97,1.97,50.06
28,6.61,54.52,2.01,49.95
28,6.71,55.06,2.05,49.76
28,6.81,55.6,2.1,49.86
28,6.91,56.14,2.14,50.11
28,7.01,56.67,2.19,50.1
28,7.11,57.2,2.23,50.06
28,7.21,57.72,2.27,50.05
28,7.31,58.24,2.32,50.1
28,7.41,58.76,2.36,49.97
28,7.51,59.28,2.41,50.01
28,7.61,59.79,2.45,49.92
28,7.71,60.29,2.5,49.98
28,7.81,60.8,2.55,50.19
28,7.91,61.3,2.59,49.92
28,8.01,61.8,2.64,49.88
28,8.11,62.29,2.68,49.98
28,8.21,62.78,2.73,49.96
28,8.31,63.27,2.78,50.03
28,8.41,63.75,2.82,50.08
28,8.51,64.24,2.87,49.96
28,8.61,64.72,2.92,50.21
28,8.71,65.19,2.96,50.12
28,8.81,65.67,3.01,49.92
28,8.91,66.14,3.06,49.99
28,9.02,66.61,3.1,50.05
28,9.12,67.07,3.15,49.92
28,9.22,67.53,3.2,49.79
28,9.32,67.99,3.25,50.19
28,9.42,68.45,3.29,49.89
28,9.52,68.91,3.34,50.09
28,9.62,69.36,3.39,50.07
28,9.72,69.81,3.44,49.92
28,9.82,70.26,3.49,50.2
28,9.92,70.71,3.53,50.01
28,10.02,71.15,3.58,50.01
28,10.12,71.59,3.63,49.85
28,10.22,72.03,3.68,49.79
28,10.32,72.47,3.73,49.98
28,10.42,72.9,3.78,50.13
28,10.52,73.33,3.83,49.81
28,10.62,73.76,3.88,50.01
28,10.72,74.19,3.92,50.01
28,10.82,74.62,3.97,50.12
28,10.92,75.04,4.02,50.1
28,11.02,75.47,4.07,50.01
28,11.12,75.89,4.12,49.99
28,11.22,76.31,4.17,49.93
28,11.32,76.72,4.22,49.89
28,11.42,77.14,4.27,49.94
28,11.52,77.55,4.32,49.89
28,11.62,77.96,4.37,49.99
28,11.72,78.37,4.42,50.0
28,11.82,78.78,4.47,49.97
28,11.92,79.19,4.52,50.01
28,12.02,79.59,4.57,49.95
28,12.12,79.99,4.62,50.08
28,12.22,80.39,4.67,50.02
28,12.32,80.79,4.72,49.95
28,12.42,81.19,4.77,49.88
28,12.52,81.59,4.82,49.99
28,12.62,81.98,4.87,50.11
28,12.72,82.37,4.93,50.06
28,12.82,82.76,4.98,50.08
28,12.92,83.15,5.03,50.07
28,13.02,83.54,5.08,50.12
28,13.12,83.93,5.13,50.09
28,13.22,84.32,5.18,50.01
28,13.32,84.7,5.23,49.96
28,13.42,85.08,5.28,50.09
28,13.52,85.46,5.33,49.76
28,13.62,85.84,5.39,50.13
28,13.72,86.22,5.44,50.07
28,13.82,86.6,5.49,50.16
28,13.92,86.97,5.54,49.89
28,14.02,87.35,5.59,50.12
28,14.12,87.72,5.64,50.07
28,14.22,88.09,5.7,49.94
28,14.32,88.46,5.75,49.99
28,14.42,88.83,5.8,49.98
28,14.52,89.2,5.85,49.96
28,14.62,89.57,5.9,49.87
28,14.72,89.93,5.96,50.12
28,14.82,90.3,6.01,49.91
28,14.92,90.66,6.06,49.9
28,15.03,91.02,6.11,50.12
28,15.13,91.38,6.16,49.86
28,15.23,91.74,6.22,49.97
28,15.33,92.1,6.27,49.9
28,15.43,92.46,6.32,50.16
28,15.53,92.81,6.37,50.11
28,15.63,93.17,6.43,49.92
28,15.73,93.52,6.48,49.9
28,15.83,93.87,6.53,50.08
28,15.93,94.23,6.58,50.04
28,16.03,94.58,6.64,49.96
28,16.13,94.93,6.69,49.96
28,16.23,95.27,6.74,49.98
28,16.33,95.62,6.8,50.09
28,16.43,95.97,6.85,50.16
28,16.53,96.31,6.9,50.18
28,16.63,96.66,6.96,49.93
28,16.73,97.0,7.01,50.01
28,16.83,97.34,7.06,50.13
28,16.93,97.69,7.11,49.91
28,17.03,98.03,7.17,49.93
28,17.13,98.37,7.22,50.08
28,17.23,98.71,7.27,49.95
28,17.33,99.04,7.33,49.85
28,17.43,99.38,7.38,49.92
28,17.53,99.72,7.43,50.1
28,17.63,100.05,7.49,50.02
28,17.73,100.39,7.54,49.84
28,17.83,100.72,7.6,49.94
28,17.93,101.05,7.65,50.18
28,18.03,101.38,7.7,49.99
28,18.13,101.71,7.76,49.98
28,18.23,102.04,7.81,50.0
28,18.33,102.37,7.86,50.02
28,18.43,102.7,7.92,49.96
28,18.53,103.03,7.97,50.13
28,18.63,103.35,8.03,49.95
28,18.73,103.68,8.08,50.1
28,18.83,104.0,8.13,50.18
28,18.93,104.33,8.19,50.04
28,19.03,104.65,8.24,49.9
28,19.13,104.97,8.3,50.02
28,19.23,105.3,8.35,49.94
28,19.33,105.62,8.4,50.09
28,19.43,105.94,8.46,50.02
28,19.53,106.26,8.51,49.99
28,19.63,106.57,8.57,49.9
28,19.73,106.89,8.62,49.81
28,19.83,107.21,8.68,49.92
28,19.93,107.53,8.73,50.07
28,20.03,107.84,8.78,50.12
28,20.13,108.16,8.84,49.97
28,20.23,108.47,8.89,49.91
28,20.33,108.78,8.95,50.02
28,20.43,109.1,9.0,50.07
28,20.53,109.41,9.06,50.08
28,20.63,109.72,9.11,50.02
28,20.73,110.03,9.17,50.21
28,20.83,110.34,9.22,50.13
28,20.93,110.65,9.28,49.88
28,21.04,110.96,9.33,49.85
28,21.14,111.27,9.39,49.89
28,21.24,111.58,9.44,50.12
28,21.34,111.88,9.49,49.83
28,21.44,112.19,9.55,50.05
28,21.54,112.49,9.6,49.98
28,21.64,112.8,9.66,49.88
28,21.74,113.1,9.71,50.02
28,21.84,113.41,9.77,49.98
28,21.94,113.71,9.82,50.08
28,22.04,114.01,9.88,49.84
28,22.14,114.31,9.93,49.91
28,22.24,114.62,9.99,49.91
28,22.34,114.92,10.04,50.07
28,22.44,115.22,10.1,49.98
28,22.54,115.52,10.16,50.12
28,22.64,115.81,10.21,49.96
28,22.74,116.11,10.27,50.02
28,22.84,116.41,10.32,50.15
28,22.94,116.71,10.38,49.82
28,23.04,117.0,10.43,50.0
28,23.14,117.3,10.49,50.0
28,23.24,117.59,10.54,49.92
28,23.34,117.89,10.6,49.98
28,23.44,118.18,10.65,50.03
28,23.54,118.48,10.71,49.93
28,23.64,118.77,10.76,50.01
28,23.74,119.06,10.82,49.9
28,23.84,119.36,10.87,49.98
28,23.94,119.65,10.93,50.09
28,24.04,119.94,10.99,50.1
28,24.14,120.23,11.04,50.12
28,24.24,120.52,11.1,49.99
28,24.34,120.81,11.15,49.97
28,24.44,121.1,11.21,50.07
28,24.54,121.39,11.26,50.12
28,24.64,121.67,11.32,50.01
28,24.74,121.96,11.38,50.15
28,24.84,122.25,11.43,50.07
28,24.94,122.54,11.49,49.94
28,25.04,122.82,11.54,49.96
28,25.14,123.11,11.6,50.0
28,25.24,123.39,11.65,49.84
28,25.34,123.68,11.71,49.94
28,25.44,123.96,11.77,50.11
28,25.54,124.24,11.82,50.13
28,25.64,124.53,11.88,50.03
28,25.74,124.81,11.93,50.05
28,25.84,125.09,11.99,49.97
28,25.94,125.38,12.05,49.94
28,26.04,125.66,12.1,50.06
28,26.14,125.94,12.16,49.96
28,26.24,126.22,12.21,50.17
28,26.34,126.5,12.27,50.04
28,26.44,126.78,12.33,50.04
28,26.54,127.06,12.38,49.89
28,26.64,127.34,12.44,49.77
28,26.74,127.61,12.5,50.04
28,26.84,127.89,12.55,49.95
28,26.94,128.17,12.61,50.1
28,27.05,128.45,12.66,49.91
28,27.15,128.72,12.72,49.95
28,27.25,129.0,12.78,50.11
28,27.35,129.27,12.83,50.04
28,27.45,129.55,12.89,49.9
28,27.55,129.82,12.95,50.0
28,27.65,130.1,13.0,50.19
28,27.75,130.37,13.06,50.01
28,27.85,130.65,13.11,49.99
28,27.95,130.92,13.17,50.09
28,28.05,131.19,13.23,50.04
28,28.15,131.47,13.28,50.14
28,28.25,131.74,13.34,50.08
28,28.35,132.01,13.4,50.09
28,28.45,132.28,13.45,50.15
28,28.55,132.55,13.51,49.97
28,28.65,132.82,13.57,49.94
28,28.75,133.09,13.62,49.87
28,28.85,133.36,13.68,49.98
28,28.95,133.63,13.74,49.87
28,29.05,133.9,13.79,50.04
28,29.15,134.17,13.85,49.94
28,29.25,134.44,13.91,50.1
28,29.35,134.71,13.96,50.08
28,29.45,134.97,14.02,49.96
28,29.55,135.24,14.08,50.1
28,29.65,135.51,14.13,50.01
28,29.75,135.77,14.19,49.82
28,29.85,136.04,14.25,49.9
28,29.95,136.31,14.3,49.93
28,30.05,136.57,14.36,50.0
28,30.15,136.84,14.42,49.96
28,30.25,137.1,14.47,49.95
28,30.35,137.36,14.53,50.06
28,30.45,137.63,14.59,50.08
28,30.55,137.89,14.64,49.94
28,30.65,138.16,14.7,49.92
28,30.75,138.42,14.76,50.13
28,30.85,138.68,14.81,50.27
28,30.95,138.94,14.87,49.91
28,31.05,139.21,14.93,50.09
28,31.15,139.47,14.99,49.99
28,31.25,139.73,15.04,50.07
28,31.35,139.99,15.1,49.9
28,31.45,140.25,15.16,49.87
28,31.55,140.51,15.21,49.89
28,31.65,140.77,15.27,49.94
28,31.75,141.03,15.33,49.98
28,31.85,141.29,15.38,50.09
28,31.95,141.55,15.44,49.92
28,32.05,141.81,15.5,49.94
28,32.15,142.07,15.56,50.21
28,32.25,142.33,15.61,50.01
28,32.35,142.58,15.67,50.03
28,32.45,142.84,15.73,50.07
28,32.55,143.1,15.78,49.95
28,32.65,143.36,15.84,50.0
28,32.75,143.61,15.9,49.97
28,32.85,143.87,15.96,49.99
28,32.95,144.12,16.01,50.08
28,33.06,144.38,16.07,50.07
28,33.16,144.64,16.13,49.77
28,33.26,144.89,16.18,50.1
28,33.36,145.15,16.24,49.97
28,33.46,145.4,16.3,50.04
28,33.56,145.65,16.36,49.96
28,33.66,145.91,16.41,49.99
28,33.76,146.16,16.47,50.13
28,33.86,146.42,16.53,50.03
28,33.96,146.67,16.59,50.13
28,34.06,146.92,16.64,49.99
28,34.16,147.18,16.7,49.98
28,34.26,147.43,16.76,50.0
28,34.36,147.68,16.82,49.87
28,34.46,147.93,16.87,49.73
28,34.56,148.18,16.93,49.92
28,34.66,148.43,16.99,50.1
28,34.76,148.69,17.05,50.14
28,34.86,148.94,17.1,49.8
28,34.96,149.19,17.16,50.13
28,35.06,149.44,17.22,49.94
28,35.16,149.69,17.28,49.86
28,35.26,149.94,17.33,50.11
28,35.36,150.19,17.39,49.95
28,35.46,150.43,17.45,50.26
28,35.56,150.68,17.51,49.93
28,35.66,150.93,17.56,49.97
28,35.76,151.18,17.62,49.9
28,35.86,151.43,17.68,50.01
28,35.96,151.68,17.74,50.08
28,36.06,151.92,17.79,49.83
28,36.16,152.17,17.85,50.07
28,36.26,152.42,17.91,49.96
28,36.36,152.67,17.97,49.91
28,36.46,152.91,18.02,49.86
28,36.56,153.16,18.08,50.1
28,36.66,153.41,18.14,50.03
28,36.76,153.65,18.2,49.94
28,36.86,153.9,18.25,50.08
28,36.96,154.14,18.31,50.05
28,37.06,154.39,18.37,50.09
28,37.16,154.63,18.43,50.16
28,37.26,154.88,18.49,50.02
28,37.36,155.12,18.54,50.19
28,37.46,155.37,18.6,50.14
28,37.56,155.61,18.66,50.08
28,37.66,155.85,18.72,49.83
28,37.76,156.1,18.77,50.01
28,37.86,156.34,18.83,50.02
28,37.96,156.58,18.89,50.02
28,38.06,156.83,18.95,49.99
28,38.16,157.07,19.01,50.06
28,38.26,157.31,19.06,50.08
28,38.36,157.55,19.12,49.83
28,38.46,157.8,19.18,50.14
28,38.56,158.04,19.24,49.85
28,38.66,158.28,19.3,49.96
28,38.76,158.52,19.35,49.91
28,38.86,158.76,19.41,49.93
28,38.96,159.0,19.47,50.11
28,39.07,159.24,19.53,50.01
28,39.17,159.48,19.59,50.07
28,39.27,159.72,19.64,50.06
28,39.37,159.96,19.7,49.81
28,39.47,160.2,19.76,49.94
28,39.57,160.44,19.82,50.07
28,39.67,160.68,19.88,50.07
28,39.77,160.92,19.93,49.82
28,39.87,161.16,19.99,50.1
28,39.97,161.4,20.05,50.06
28,40.07,161.64,20.11,49.9
28,40.17,161.88,20.17,50.04
28,40.27,162.11,20.22,49.98
28,40.37,162.35,20.28,50.05
28,40.47,162.59,20.34,49.82
28,40.57,162.83,20.4,49.96
28,40.67,163.07,20.46,50.12
28,40.77,163.3,20.51,50.05
28,40.87,163.54,20.57,50.08
28,40.97,163.78,20.63,49.98
28,41.07,164.01,20.69,50.06
28,41.17,164.25,20.75,49.98
28,41.27,164.49,20.8,49.91
28,41.37,164.72,20.86,49.97
28,41.47,164.96,20.92,50.15
28,41.57,165.19,20.98,50.11
28,41.67,165.43,21.04,49.9
28,41.77,165.66,21.1,49.96
28,41.87,165.9,21.15,49.91
28,41.97,166.13,21.21,50.02
28,42.07,166.37,21.27,50.1
28,42.17,166.6,21.33,50.2
28,42.27,166.84,21.39,49.86
28,42.37,167.07,21.44,50.09
28,42.47,167.3,21.5,50.0
28,42.57,167.54,21.56,49.96
28,42.67,167.77,21.62,49.91
28,42.77,168.0,21.68,50.18
28,42.87,168.24,21.74,49.84
28,42.97,168.47,21.79,49.95
28,43.07,168.7,21.85,50.04
28,43.17,168.94,21.91,50.05
28,43.27,169.17,21.97,50.12
28,43.37,169.4,22.03,49.91
28,43.47,169.63,22.09,50.06
28,43.57,169.86,22.14,49.99
28,43.67,170.1,22.2,50.0
28,43.77,170.33,22.26,49.95
28,43.87,170.56,22.32,50.02
28,43.97,170.79,22.38,49.99
28,44.07,171.02,22.44,49.96
28,44.17,171.25,22.49,49.95
28,44.27,171.48,22.55,50.04
28,44.37,171.71,22.61,49.87
28,44.47,171.94,22.67,49.98
28,44.57,172.17,22.73,49.92
28,44.67,172.4,22.79,49.99
28,44.77,172.63,22.85,49.99
28,44.87,172.86,22.9,50.09
28,44.97,173.09,22.96,50.07
28,45.08,173.32,23.02,50.03
28,45.18,173.55,23.08,50.02
28,45.28,173.78,23.14,49.98
28,45.38,174.01,23.2,49.98
28,45.48,174.24,23.25,49.83
28,45.58,174.47,23.31,50.07
28,45.68,174.69,23.37,50.03
28,45.78,174.92,23.43,50.12
28,45.88,175.15,23.49,49.94
28,45.98,175.38,23.55,50.13
28,46.08,175.61,23.61,49.98
28,46.18,175.83,23.66,49.94
28,46.28,176.06,23.72,50.15
28,46.38,176.29,23.78,50.04
28,46.48,176.52,23.84,50.17
28,46.58,176.74,23.9,50.02
28,46.68,176.97,23.96,50.08
28,46.78,177.2,24.02,50.1
28,46.88,177.42,24.07,49.97
28,46.98,177.65,24.13,50.03
28,47.08,177.87,24.19,50.02
28,47.18,178.1,24.25,50.08
28,47.28,178.33,24.31,49.89
28,47.38,178.55,24.37,50.06
28,47.48,178.78,24.43,50.09
28,47.58,179.0,24.49,49.93
28,47.68,179.23,24.54,49.91
28,47.78,179.45,24.6,49.83
28,47.88,179.68,24.66,50.21
28,47.98,179.9,24.72,49.93
28,48.08,180.13,24.78,50.14
28,48.18,180.35,24.84,49.98
28,48.28,180.58,24.9,50.11
28,48.38,180.8,24.95,50.06
28,48.48,181.03,25.01,50.21
28,48.58,181.25,25.07,50.14
28,48.68,181.47,25.13,50.02
28,48.78,181.7,25.19,50.03
28,48.88,181.92,25.25,50.07
28,48.98,182.14,25.31,50.27
28,49.08,182.37,25.37,50.01
28,49.18,182.59,25.42,49.87
28,49.28,182.81,25.48,50.02
28,49.38,183.04,25.54,49.94
28,49.48,183.26,25.6,50.02
28,49.58,183.48,25.66,50.12
28,49.68,183.7,25.72,50.05
28,49.78,183.92,25.78,49.94
28,49.88,184.15,25.84,49.98
28,49.98,184.37,25.9,49.89
28,50.08,184.59,25.95,50.13
28,50.18,184.81,26.01,50.08
28,50.28,185.03,26.07,49.89
28,50.38,185.26,26.13,50.25
28,50.48,185.48,26.19,49.98
28,50.58,185.7,26.25,50.03
28,50.68,185.92,26.31,49.97
28,50.78,186.14,26.37,50.04
28,50.88,186.36,26.42,50.01
28,50.98,186.58,26.48,49.86
28,51.09,186.8,26.54,50.12
28,51.19,187.02,26.6,49.92
28,51.29,187.24,26.66,50.09
28,51.39,187.46,26.72,49.98
28,51.49,187.68,26.78,50.01
28,51.59,187.9,26.84,50.05
28,51.69,188.12,26.9,50.01
28,51.79,188.34,26.96,50.07
28,51.89,188.56,27.01,49.93
28,51.99,188.78,27.07,50.1
28,52.09,189.0,27.13,49.9
28,52.19,189.22,27.19,49.91
28,52.29,189.44,27.25,50.06
28,52.39,189.66,27.31,50.1
28,52.49,189.88,27.37,50.03
28,52.59,190.09,27.43,50.15
28,52.69,190.31,27.49,49.92
28,52.79,190.53,27.54,49.88
28,52.89,190.75,27.6,50.08
28,52.99,190.97,27.66,50.01
28,53.09,191.18,27.72,50.08
28,53.19,191.4,27.78,49.9
28,53.29,191.62,27.84,49.96
28,53.39,191.84,27.9,50.17
28,53.49,192.06,27.96,49.98
28,53.59,192.27,28.02,50.14
28,53.69,192.49,28.08,50.08
28,53.79,192.71,28.14,49.97
28,53.89,192.92,28.19,50.14
28,53.99,193.14,28.25,50.03
28,54.09,193.36,28.31,50.0
28,54.19,193.57,28.37,49.99
28,54.29,193.79,28.43,50.04
28,54.39,194.01,28.49,49.89
28,54.49,194.22,28.55,50.09
28,54.59,194.44,28.61,50.04
28,54.69,194.66,28.67,49.94
28,54.79,194.87,28.73,49.87
28,54.89,195.09,28.79,49.97
28,54.99,195.3,28.84,50.03
28,55.09,195.52,28.9,50.02
28,55.19,195.73,28.96,50.01
28,55.29,195.95,29.02,50.07
28,55.39,196.17,29.08,49.88
28,55.49,196.38,29.14,49.99
28,55.59,196.6,29.2,50.03
28,55.69,196.81,29.26,50.05
28,55.79,197.03,29.32,50.09
28,55.89,197.24,29.38,49.98
28,55.99,197.45,29.44,50.01
28,56.09,197.67,29.49,49.93
28,56.19,197.88,29.55,50.04
28,56.29,198.1,29.61,49.91
28,56.39,198.31,29.67,50.06
28,56.49,198.53,29.73,50.12
28,56.59,198.74,29.79,50.05
28,56.69,198.95,29.85,50.13
28,56.79,199.17,29.91,49.95
28,56.89,199.38,29.97,49.88
28,56.99,199.59,30.03,49.98
28,57.1,199.81,30.09,49.94
28,57.2,200.02,30.15,49.95
28,57.3,200.23,30.21,49.78
28,57.4,200.45,30.26,50.02
28,57.5,200.66,30.32,50.0
28,57.6,200.87,30.38,50.08
28,57.7,201.09,30.44,50.06
28,57.8,201.3,30.5,49.98
28,57.9,201.51,30.56,50.09
28,58.0,201.72,30.62,50.09
28,58.1,201.94,30.68,49.95
28,58.2,202.15,30.74,50.02
28,58.3,202.36,30.8,50.15
28,58.4,202.57,30.86,50.03
28,58.5,202.79,30.92,49.92
28,58.6,203.0,30.98,49.89
28,58.7,203.21,31.04,49.85
28,58.8,203.42,31.09,49.8
28,58.9,203.63,31.15,49.95
28,59.0,203.84,31.21,49.98
28,59.1,204.05,31.27,49.9
28,59.2,204.27,31.33,49.93
28,59.3,204.48,31.39,49.9
28,59.4,204.69,31.45,49.84
28,59.5,204.9,31.51,49.98
28,59.6,205.11,31.57,50.07
28,59.7,205.32,31.63,49.95
28,59.8,205.53,31.69,50.11
28,59.9,205.74,31.75,50.02
28,60.0,205.95,31.81,50.09
29,0.0,0.0,0.0,0.0
29,0.1,0.74,-0.0,50.0
29,0.2,1.47,-0.0,50.11
29,0.3,2.19,-0.0,49.97
29,0.4,2.9,-0.0,50.17
29,0.5,3.6,-0.0,50.05
29,0.6,4.28,-0.0,49.91
29,0.7,4.95,-0.0,50.11
29,0.8,5.62,-0.0,49.89
29,0.9,6.27,-0.0,49.89
29,1.0,6.91,-0.01,50.13
29,1.1,7.54,-0.01,50.03
29,1.2,8.16,-0.01,50.01
29,1.3,8.77,-0.01,49.95
29,1.4,9.36,-0.01,50.08
29,1.5,9.95,-0.01,49.97
29,1.6,10.53,-0.01,50.02
29,1.7,11.1,-0.02,49.89
29,1.8,11.67,-0.02,49.99
29,1.9,12.22,-0.02,50.02
29,2.0,12.76,-0.02,50.05
29,2.1,13.29,-0.02,50.03
29,2.2,13.82,-0.03,49.97
29,2.3,14.33,-0.03,50.03
29,2.4,14.84,-0.03,50.1
29,2.5,15.34,-0.03,49.85
29,2.6,15.83,-0.03,49.98
29,2.7,16.32,-0.04,50.02
29,2.8,16.79,-0.04,49.91
29,2.9,17.26,-0.04,50.09
29,3.01,17.72,-0.05,50.06
29,3.11,18.17,-0.05,50.1
29,3.21,18.61,-0.05,50.22
29,3.31,19.05,-0.05,50.03
29,3.41,19.48,-0.06,49.97
29,3.51,19.9,-0.06,50.09
29,3.61,20.31,-0.06,49.94
29,3.71,20.72,-0.07,50.05
29,3.81,21.12,-0.07,50.1
29,3.91,21.51,-0.07,50.08
29,4.01,21.9,-0.08,50.14
29,4.11,22.28,-0.08,49.97
29,4.21,22.65,-0.08,50.07
29,4.31,23.02,-0.09,50.01
29,4.41,23.38,-0.09,50.03
29,4.51,23.74,-0.09,50.03
29,4.61,24.08,-0.1,50.05
29,4.71,24.43,-0.1,50.0
29,4.81,24.76,-0.11,49.86
29,4.91,25.09,-0.11,50.02
29,5.01,25.42,-0.11,50.04
29,5.11,25.73,-0.12,50.0
29,5.21,26.04,-0.12,50.04
29,5.31,26.35,-0.13,49.99
29,5.41,26.65,-0.13,49.97
29,5.51,26.95,-0.13,50.14
29,5.61,27.24,-0.14,50.23
29,5.71,27.52,-0.14,50.09
29,5.81,27.8,-0.15,49.94
29,5.91,28.07,-0.15,50.02
29,6.01,28.34,-0.16,50.02
29,6.11,28.6,-0.16,50.07
29,6.21,28.86,-0.16,50.02
29,6.31,29.11,-0.17,50.06
29,6.41,29.36,-0.17,50.18
29,6.51,29.6,-0.18,49.82
29,6.61,29.84,-0.18,49.95
29,6.71,30.07,-0.19,50.1
29,6.81,30.3,-0.19,50.0
29,6.91,30.52,-0.2,50.06
29,7.01,30.74,-0.2,49.98
29,7.11,30.96,-0.21,50.16
29,7.21,31.17,-0.21,50.12
29,7.31,31.37,-0.22,50.03
29,7.41,31.57,-0.22,50.17
29,7.51,31.77,-0.23,50.03
29,7.61,31.96,-0.23,50.01
29,7.71,32.15,-0.24,50.15
29,7.81,32.33,-0.24,49.86
29,7.91,32.51,-0.25,50.02
29,8.01,32.68,-0.25,50.04
29,8.11,32.85,-0.26,49.98
29,8.21,33.02,-0.26,49.93
29,8.31,33.18,-0.27,49.99
29,8.41,33.34,-0.28,49.85
29,8.51,33.49,-0.28,50.16
29,8.61,33.64,-0.29,50.16
29,8.71,33.79,-0.29,50.01
29,8.81,33.93,-0.3,49.97
29,8.91,34.07,-0.3,49.85
29,9.02,34.2,-0.31,49.93
29,9.12,34.33,-0.31,50.15
29,9.22,34.46,-0.32,50.0
29,9.32,34.58,-0.33,49.95
29,9.42,34.7,-0.33,50.0
29,9.52,34.82,-0.34,49.95
29,9.62,34.93,-0.34,49.84
29,9.72,35.04,-0.35,49.97
29,9.82,35.15,-0.36,49.9
29,9.92,35.25,-0.36,50.04
29,10.02,35.35,-0.37,50.09
29,10.12,35.44,-0.37,49.93
29,10.22,35.54,-0.38,50.02
29,10.32,35.62,-0.39,50.0
29,10.42,35.71,-0.39,49.93
29,10.52,35.79,-0.4,49.77
29,10.62,35.87,-0.4,49.9
29,10.72,35.95,-0.41,49.92
29,10.82,36.02,-0.42,50.01
29,10.92,36.09,-0.42,50.02
29,11.02,36.15,-0.43,50.12
29,11.12,36.22,-0.44,49.9
29,11.22,36.28,-0.44,49.92
29,11.32,36.33,-0.45,49.94
29,11.42,36.39,-0.45,49.98
29,11.52,36.44,-0.46,50.02
29,11.62,36.49,-0.47,50.04
29,11.72,36.53,-0.47,49.81
29,11.82,36.57,-0.48,50.12
29,11.92,36.61,-0.49,50.05
29,12.02,36.65,-0.49,50.09
29,12.12,36.68,-0.5,49.76
29,12.22,36.71,-0.51,50.08
29,12.32,36.74,-0.51,49.9
29,12.42,36.76,-0.52,49.95
29,12.52,36.79,-0.53,50.14
29,12.62,36.81,-0.53,50.07
29,12.72,36.82,-0.54,49.93
29,12.82,36.84,-0.55,50.08
29,12.92,36.85,-0.55,50.04
29,13.02,36.86,-0.56,49.96
29,13.12,36.86,-0.57,50.05
29,13.22,36.87,-0.57,49.96
29,13.32,36.87,-0.58,50.04
29,13.42,36.87,-0.59,50.04
29,13.52,36.86,-0.6,50.05
29,13.62,36.86,-0.6,50.19
29,13.72,36.85,-0.61,50.09
29,13.82,36.84,-0.62,50.1
29,13.92,36.82,-0.62,49.95
29,14.02,36.81,-0.63,49.85
29,14.12,36.79,-0.64,49.98
29,14.22,36.77,-0.64,49.95
29,14.32,36.74,-0.65,50.06
29,14.42,36.72,-0.66,49.98
29,14.52,36.69,-0.67,50.13
29,14.62,36.66,-0.67,49.83
29,14.72,36.63,-0.68,49.97
29,14.82,36.59,-0.69,50.04
29,14.92,36.56,-0.69,49.9
29,15.03,36.52,-0.7,50.09
29,15.13,36.47,-0.71,50.09
29,15.23,36.43,-0.72,49.96
29,15.33,36.38,-0.72,50.26
29,15.43,36.34,-0.73,49.89
29,15.53,36.29,-0.74,49.87
29,15.63,36.23,-0.75,49.95
29,15.73,36.18,-0.75,50.02
29,15.83,36.12,-0.76,49.84
29,15.93,36.06,-0.77,50.06
29,16.03,36.0,-0.78,50.25
29,16.13,35.94,-0.78,49.86
29,16.23,35.88,-0.79,50.02
29,16.33,35.81,-0.8,50.1
29,16.43,35.74,-0.81,50.08
29,16.53,35.67,-0.81,50.22
29,16.63,35.6,-0.82,49.95
29,16.73,35.52,-0.83,50.2
29,16.83,35.44,-0.84,49.99
29,16.93,35.37,-0.84,49.95
29,17.03,35.28,-0.85,50.19
29,17.13,35.2,-0.86,49.96
29,17.23,35.12,-0.87,50.11
29,17.33,35.03,-0.87,49.95
29,17.43,34.94,-0.88,49.87
29,17.53,34.85,-0.89,49.87
29,17.63,34.76,-0.9,50.07
29,17.73,34.67,-0.91,49.89
29,17.83,34.57,-0.91,49.98
29,17.93,34.47,-0.92,49.94
29,18.03,34.37,-0.93,49.91
29,18.13,34.27,-0.94,49.92
29,18.23,34.17,-0.94,50.02
29,18.33,34.07,-0.95,49.7
29,18.43,33.96,-0.96,50.08
29,18.53,33.85,-0.97,49.87
29,18.63,33.74,-0.98,49.88
29,18.73,33.63,-0.98,49.86
29,18.83,33.52,-0.99,50.03
29,18.93,33.4,-1.0,50.15
29,19.03,33.29,-1.01,49.99
29,19.13,33.17,-1.02,50.04
29,19.23,33.05,-1.02,50.05
29,19.33,32.93,-1.03,50.07
29,19.43,32.8,-1.04,49.9
29,19.53,32.68,-1.05,50.16
29,19.63,32.55,-1.06,49.97
29,19.73,32.42,-1.06,50.03
29,19.83,32.29,-1.07,49.99
29,19.93,32.16,-1.08,49.96
29,20.03,32.03,-1.09,50.09
29,20.13,31.9,-1.1,50.06
29,20.23,31.76,-1.1,49.78
29,20.33,31.62,-1.11,50.04
29,20.43,31.48,-1.12,50.21
29,20.53,31.34,-1.13,50.02
29,20.63,31.2,-1.14,49.95
29,20.73,31.06,-1.15,49.96
29,20.83,30.91,-1.15,49.94
29,20.93,30.77,-1.16,49.89
29,21.04,30.62,-1.17,49.98
29,21.14,30.47,-1.18,49.98
29,21.24,30.32,-1.19,50.06
29,21.34,30.17,-1.19,49.95
29,21.44,30.01,-1.2,50.2
29,21.54,29.86,-1.21,49.91
29,21.64,29.7,-1.22,50.01
29,21.74,29.54,-1.23,49.93
29,21.84,29.38,-1.24,49.95
29,21.94,29.22,-1.24,49.97
29,22.04,29.06,-1.25,50.02
29,22.14,28.9,-1.26,50.08
29,22.24,28.73,-1.27,49.95
29,22.34,28.57,-1.28,49.85
29,22.44,28.4,-1.29,50.14
29,22.54,28.23,-1.3,49.9
29,22.64,28.06,-1.3,49.98
29,22.74,27.89,-1.31,50.01
29,22.84,27.71,-1.32,49.99
29,22.94,27.54,-1.33,49.86
29,23.04,27.36,-1.34,50.09
29,23.14,27.19,-1.35,49.72
29,23.24,27.01,-1.35,50.1
29,23.34,26.83,-1.36,50.12
29,23.44,26.65,-1.37,50.09
29,23.54,26.47,-1.38,49.97
29,23.64,26.28,-1.39,50.01
29,23.74,26.1,-1.4,49.93
29,23.84,25.91,-1.41,50.01
29,23.94,25.73,-1.41,50.06
29,24.04,25.54,-1.42,49.89
29,24.14,25.35,-1.43,49.99
29,24.24,25.16,-1.44,49.95
29,24.34,24.97,-1.45,50.12
29,24.44,24.77,-1.46,49.91
29,24.54,24.58,-1.47,50.06
29,24.64,24.38,-1.48,49.99
29,24.74,24.19,-1.48,49.99
29,24.84,23.99,-1.49,50.07
29,24.94,23.79,-1.5,49.96
29,25.04,23.59,-1.51,50.01
29,25.14,23.39,-1.52,50.11
29,25.24,23.19,-1.53,49.92
29,25.34,22.98,-1.54,50.03
29,25.44,22.78,-1.55,50.09
29,25.54,22.57,-1.55,50.05
29,25.64,22.37,-1.56,50.13
29,25.74,22.16,-1.57,49.99
29,25.84,21.95,-1.58,50.07
29,25.94,21.74,-1.59,50.11
29,26.04,21.53,-1.6,49.83
29,26.14,21.31,-1.61,49.96
29,26.24,21.1,-1.62,50.04
29,26.34,20.89,-1.62,50.09
29,26.44,20.67,-1.63,50.02
29,26.54,20.45,-1.64,50.14
29,26.64,20.24,-1.65,49.95
29,26.74,20.02,-1.66,49.88
29,26.84,19.8,-1.67,50.08
29,26.94,19.58,-1.68,49.99
29,27.05,19.35,-1.69,49.92
29,27.15,19.13,-1.7,50.17
29,27.25,18.91,-1.7,50.07
29,27.35,18.68,-1.71,50.07
29,27.45,18.46,-1.72,50.16
29,27.55,18.23,-1.73,49.96
29,27.65,18.0,-1.74,50.14
29,27.75,17.77,-1.75,50.04
29,27.85,17.54,-1.76,49.94
29,27.95,17.31,-1.77,50.0
29,28.05,17.08,-1.78,50.02
29,28.15,16.84,-1.79,50.11
29,28.25,16.61,-1.79,49.86
29,28.35,16.37,-1.8,49.83
29,28.45,16.14,-1.81,49.92
29,28.55,15.9,-1.82,49.99
29,28.65,15.66,-1.83,50.07
29,28.75,15.42,-1.84,49.95
29,28.85,15.18,-1.85,50.04
29,28.95,14.94,-1.86,50.16
29,29.05,14.7,-1.87,49.83
29,29.15,14.46,-1.88,49.99
29,29.25,14.21,-1.89,50.24
29,29.35,13.97,-1.9,49.93
29,29.45,13.72,-1.9,49.92
29,29.55,13.48,-1.91,50.05
29,29.65,13.23,-1.92,49.95
29,29.75,12.98,-1.93,50.11
29,29.85,12.73,-1.94,50.25
29,29.95,12.48,-1.95,50.01
29,30.05,12.23,-1.96,50.27
29,30.15,11.98,-1.97,49.95
29,30.25,11.73,-1.98,49.98
29,30.35,11.47,-1.99,49.9
29,30.45,11.22,-2.0,49.95
29,30.55,10.96,-2.01,49.98
29,30.65,10.71,-2.01,50.04
29,30.75,10.45,-2.02,49.88
29,30.85,10.19,-2.03,49.95
29,30.95,9.93,-2.04,49.95
29,31.05,9.67,-2.05,50.09
29,31.15,9.41,-2.06,50.01
29,31.25,9.15,-2.07,50.01
29,31.35,8.89,-2.08,50.01
29,31.45,8.63,-2.09,49.83
29,31.55,8.36,-2.1,50.16
29,31.65,8.1,-2.11,49.91
29,31.75,7.83,-2.12,50.09
29,31.85,7.56,-2.13,49.98
29,31.95,7.3,-2.14,49.94
29,32.05,7.03,-2.14,50.1
29,32.15,6.76,-2.15,49.88
29,32.25,6.49,-2.16,49.89
29,32.35,6.22,-2.17,50.02
29,32.45,5.95,-2.18,50.02
29,32.55,5.68,-2.19,50.08
29,32.65,5.4,-2.2,50.07
29,32.75,5.13,-2.21,49.99
29,32.85,4.86,-2.22,50.01
29,32.95,4.58,-2.23,49.99
29,33.06,4.3,-2.24,50.14
29,33.16,4.03,-2.25,49.9
29,33.26,3.75,-2.26,50.0
29,33.36,3.47,-2.27,50.08
29,33.46,3.19,-2.28,50.11
29,33.56,2.91,-2.29,49.93
29,33.66,2.63,-2.3,49.9
29,33.76,2.35,-2.3,49.88
29,33.86,2.07,-2.31,49.97
29,33.96,1.79,-2.32,50.03
29,34.06,1.5,-2.33,49.95
29,34.16,1.22,-2.34,50.07
29,34.26,0.93,-2.35,49.99
29,34.36,0.65,-2.36,50.06
29,34.46,0.36,-2.37,50.01
29,34.56,0.07,-2.38,49.83
29,34.66,-0.22,-2.39,49.89
29,34.76,-0.5,-2.4,50.12
29,34.86,-0.79,-2.41,49.91
29,34.96,-1.08,-2.42,50.09
29,35.06,-1.37,-2.43,50.01
29,35.16,-1.67,-2.44,49.9
29,35.26,-1.96,-2.45,50.07
29,35.36,-2.25,-2.46,49.95
29,35.46,-2.54,-2.47,50.02
29,35.56,-2.84,-2.48,49.98
29,35.66,-3.13,-2.49,49.73
29,35.76,-3.43,-2.5,50.07
29,35.86,-3.73,-2.51,50.08
29,35.96,-4.02,-2.51,49.95
29,36.06,-4.32,-2.52,50.06
29,36.16,-4.62,-2.53,49.91
29,36.26,-4.92,-2.54,49.91
29,36.36,-5.22,-2.55,50.02
29,36.46,-5.52,-2.56,49.93
29,36.56,-5.82,-2.57,49.99
29,36.66,-6.12,-2.58,49.91
29,36.76,-6.42,-2.59,49.87
29,36.86,-6.73,-2.6,50.02
29,36.96,-7.03,-2.61,50.02
29,37.06,-7.34,-2.62,50.0
29,37.16,-7.64,-2.63,49.97
29,37.26,-7.95,-2.64,49.93
29,37.36,-8.25,-2.65,49.89
29,37.46,-8.56,-2.66,49.89
29,37.56,-8.87,-2.67,49.94
29,37.66,-9.18,-2.68,50.1
29,37.76,-9.49,-2.69,50.02
29,37.86,-9.8,-2.7,50.04
29,37.96,-10.11,-2.71,49.87
29,38.06,-10.42,-2.72,50.02
29,38.16,-10.73,-2.73,50.03
29,38.26,-11.04,-2.74,50.16
29,38.36,-11.35,-2.75,50.0
29,38.46,-11.67,-2.76,49.96
29,38.56,-11.98,-2.77,49.92
29,38.66,-12.29,-2.78,50.01
29,38.76,-12.61,-2.79,49.98
29,38.86,-12.93,-2.8,50.11
29,38.96,-13.24,-2.81,50.09
29,39.07,-13.56,-2.82,49.9
29,39.17,-13.88,-2.83,50.0
29,39.27,-14.19,-2.84,50.24
29,39.37,-14.51,-2.85,49.85
29,39.47,-14.83,-2.86,49.98
29,39.57,-15.15,-2.87,50.08
29,39.67,-15.47,-2.87,49.98
29,39.77,-15.79,-2.88,49.97
29,39.87,-16.12,-2.89,49.95
29,39.97,-16.44,-2.9,49.89
29,40.07,-16.76,-2.91,49.98
29,40.17,-17.09,-2.92,50.1
29,40.27,-17.41,-2.93,49.87
29,40.37,-17.73,-2.94,50.03
29,40.47,-18.06,-2.95,50.11
29,40.57,-18.38,-2.96,50.0
29,40.67,-18.71,-2.97,49.96
29,40.77,-19.04,-2.98,50.07
29,40.87,-19.37,-2.99,49.91
29,40.97,-19.69,-3.0,50.04
29,41.07,-20.02,-3.01,49.98
29,41.17,-20.35,-3.02,50.01
29,41.27,-20.68,-3.03,50.17
29,41.37,-21.01,-3.04,50.12
29,41.47,-21.34,-3.05,50.15
29,41.57,-21.67,-3.06,49.92
29,41.67,-22.0,-3.07,49.9
29,41.77,-22.34,-3.08,50.05
29,41.87,-22.67,-3.09,50.03
29,41.97,-23.0,-3.1,49.8
29,42.07,-23.34,-3.11,50.03
29,42.17,-23.67,-3.12,50.2
29,42.27,-24.01,-3.13,50.19
29,42.37,-24.34,-3.14,49.93
29,42.47,-24.68,-3.15,50.07
29,42.57,-25.02,-3.16,49.91
29,42.67,-25.35,-3.17,49.99
29,42.77,-25.69,-3.18,49.92
29,42.87,-26.03,-3.19,49.88
29,42.97,-26.37,-3.2,50.09
29,43.07,-26.71,-3.21,50.03
29,43.17,-27.05,-3.22,50.04
29,43.27,-27.39,-3.23,50.06
29,43.37,-27.73,-3.24,50.02
29,43.47,-28.07,-3.25,49.9
29,43.57,-28.41,-3.26,50.02
29,43.67,-28.75,-3.27,49.98
29,43.77,-29.1,-3.28,49.98
29,43.87,-29.44,-3.29,49.91
29,43.97,-29.78,-3.3,49.85
29,44.07,-30.13,-3.31,49.94
29,44.17,-30.47,-3.32,50.05
29,44.27,-30.82,-3.33,49.99
29,44.37,-31.16,-3.34,50.18
29,44.47,-31.51,-3.35,49.99
29,44.57,-31.86,-3.36,50.02
29,44.67,-32.2,-3.37,50.0
29,44.77,-32.55,-3.38,49.89
29,44.87,-32.9,-3.39,50.0
29,44.97,-33.25,-3.4,49.89
29,45.08,-33.6,-3.41,49.99
29,45.18,-33.95,-3.42,49.82
29,45.28,-34.3,-3.43,49.99
29,45.38,-34.65,-3.44,50.01
29,45.48,-35.0,-3.45,50.02
29,45.58,-35.35,-3.46,49.86
29,45.68,-35.7,-3.47,50.05
29,45.78,-36.05,-3.48,50.07
29,45.88,-36.41,-3.49,49.9
29,45.98,-36.76,-3.5,50.1
29,46.08,-37.12,-3.51,50.02
29,46.18,-37.47,-3.52,49.99
29,46.28,-37.82,-3.53,50.06
29,46.38,-38.18,-3.54,50.16
29,46.48,-38.54,-3.55,49.99
29,46.58,-38.89,-3.57,49.95
29,46.68,-39.25,-3.58,50.21
29,46.78,-39.61,-3.59,49.98
29,46.88,-39.96,-3.6,50.04
29,46.98,-40.32,-3.61,49.98
29,47.08,-40.68,-3.62,49.84
29,47.18,-41.04,-3.63,49.97
29,47.28,-41.4,-3.64,50.11
29,47.38,-41.76,-3.65,49.92
29,47.48,-42.12,-3.66,50.13
29,47.58,-42.48,-3.67,50.08
29,47.68,-42.84,-3.68,49.9
29,47.78,-43.2,-3.69,49.88
29,47.88,-43.56,-3.7,49.88
29,47.98,-43.92,-3.71,49.96
29,48.08,-44.29,-3.72,49.89
29,48.18,-44.65,-3.73,50.12
29,48.28,-45.01,-3.74,49.88
29,48.38,-45.38,-3.75,49.91
29,48.48,-45.74,-3.76,50.15
29,48.58,-46.11,-3.77,49.97
29,48.68,-46.47,-3.78,50.04
29,48.78,-46.84,-3.79,50.05
29,48.88,-47.21,-3.8,49.85
29,48.98,-47.57,-3.81,50.08
29,49.08,-47.94,-3.82,50.06
29,49.18,-48.31,-3.83,50.07
29,49.28,-48.67,-3.84,49.93
29,49.38,-49.04,-3.85,50.03
29,49.48,-49.41,-3.86,49.98
29,49.58,-49.78,-3.87,50.01
29,49.68,-50.15,-3.88,49.92
29,49.78,-50.52,-3.89,49.98
29,49.88,-50.89,-3.9,50.1
29,49.98,-51.26,-3.91,49.81
29,50.08,-51.63,-3.92,49.96
29,50.18,-52.0,-3.93,50.06
29,50.28,-52.38,-3.94,49.89
29,50.38,-52.75,-3.95,50.04
29,50.48,-53.12,-3.96,50.05
29,50.58,-53.49,-3.97,49.98
29,50.68,-53.87,-3.98,50.03
29,50.78,-54.24,-4.0,50.16
29,50.88,-54.62,-4.01,49.93
29,50.98,-54.99,-4.02,49.86
29,51.09,-55.37,-4.03,49.96
29,51.19,-55.74,-4.04,49.9
29,51.29,-56.12,-4.05,50.04
29,51.39,-56.49,-4.06,49.95
29,51.49,-56.87,-4.07,50.06
29,51.59,-57.25,-4.08,50.03
29,51.69,-57.63,-4.09,49.93
29,51.79,-58.0,-4.1,49.91
29,51.89,-58.38,-4.11,49.86
29,51.99,-58.76,-4.12,50.11
29,52.09,-59.14,-4.13,50.05
29,52.19,-59.52,-4.14,49.96
29,52.29,-59.9,-4.15,50.06
29,52.39,-60.28,-4.16,49.89
29,52.49,-60.66,-4.17,49.91
29,52.59,-61.04,-4.18,49.9
29,52.69,-61.42,-4.19,50.03
29,52.79,-61.8,-4.2,49.94
29,52.89,-62.18,-4.21,49.85
29,52.99,-62.57,-4.22,50.01
29,53.09,-62.95,-4.23,50.06
29,53.19,-63.33,-4.24,49.99
29,53.29,-63.72,-4.25,50.11
29,53.39,-64.1,-4.26,50.08
29,53.49,-64.48,-4.28,50.11
29,53.59,-64.87,-4.29,50.08
29,53.69,-65.25,-4.3,50.02
29,53.79,-65.64,-4.31,49.88
29,53.89,-66.02,-4.32,49.97
29,53.99,-66.41,-4.33,49.95
29,54.09,-66.8,-4.34,49.91
29,54.19,-67.18,-4.35,49.94
29,54.29,-67.57,-4.36,49.85
29,54.39,-67.96,-4.37,50.09
29,54.49,-68.35,-4.38,49.89
29,54.59,-68.73,-4.39,50.08
29,54.69,-69.12,-4.4,50.13
29,54.79,-69.51,-4.41,49.92
29,54.89,-69.9,-4.42,49.94
29,54.99,-70.29,-4.43,50.05
29,55.09,-70.68,-4.44,49.96
29,55.19,-71.07,-4.45,49.92
29,55.29,-71.46,-4.46,50.04
29,55.39,-71.85,-4.47,49.93
29,55.49,-72.24,-4.48,50.21
29,55.59,-72.63,-4.49,50.06
29,55.69,-73.03,-4.5,50.07
29,55.79,-73.42,-4.52,49.99
29,55.89,-73.81,-4.53,50.19
29,55.99,-74.2,-4.54,49.93
29,56.09,-74.6,-4.55,50.08
29,56.19,-74.99,-4.56,49.87
29,56.29,-75.38,-4.57,50.23
29,56.39,-75.78,-4.58,50.08
29,56.49,-76.17,-4.59,49.91
29,56.59,-76.57,-4.6,50.05
29,56.69,-76.96,-4.61,50.11
29,56.79,-77.36,-4.62,49.91
29,56.89,-77.75,-4.63,49.95
29,56.99,-78.15,-4.64,49.9
29,57.1,-78.55,-4.65,50.05
29,57.2,-78.94,-4.66,50.02
29,57.3,-79.34,-4.67,50.0
29,57.4,-79.74,-4.68,49.92
29,57.5,-80.14,-4.69,49.98
29,57.6,-80.53,-4.7,49.93
29,57.7,-80.93,-4.72,50.05
29,57.8,-81.33,-4.73,49.89
29,57.9,-81.73,-4.74,49.92
29,58.0,-82.13,-4.75,50.08
29,58.1,-82.53,-4.76,49.96
29,58.2,-82.93,-4.77,50.18
29,58.3,-83.33,-4.78,50.02
29,58.4,-83.73,-4.79,49.82
29,58.5,-84.13,-4.8,49.87
29,58.6,-84.53,-4.81,49.94
29,58.7,-84.93,-4.82,50.07
29,58.8,-85.34,-4.83,50.06
29,58.9,-85.74,-4.84,49.95
29,59.0,-86.14,-4.85,50.12
29,59.1,-86.54,-4.86,50.03
29,59.2,-86.95,-4.87,49.97
29,59.3,-87.35,-4.88,50.12
29,59.4,-87.75,-4.89,49.92
29,59.5,-88.16,-4.91,50.06
29,59.6,-88.56,-4.92,50.07
29,59.7,-88.97,-4.93,50.06
29,59.8,-89.37,-4.94,49.98
29,59.9,-89.78,-4.95,50.09
29,60.0,-90.18,-4.96,50.18
30,0.0,0.0,0.0,0.0
30,0.1,1.19,0.0,49.97
30,0.2,2.37,0.0,49.88
30,0.3,3.54,0.0,49.83
30,0.4,4.7,0.0,49.89
30,0.5,5.85,0.0,50.09
30,0.6,6.98,0.0,49.9
30,0.7,8.11,0.01,50.05
30,0.8,9.23,0.01,50.15
30,0.9,10.35,0.01,50.02
30,1.0,11.45,0.01,49.91
30,1.1,12.54,0.02,49.99
30,1.2,13.63,0.02,50.04
30,1.3,14.7,0.02,50.04
30,1.4,15.77,0.02,50.01
30,1.5,16.83,0.03,50.06
30,1.6,17.88,0.03,50.1
30,1.7,18.92,0.03,49.95
30,1.8,19.96,0.04,50.14
30,1.9,20.98,0.04,50.03
30,2.0,22.0,0.05,49.78
30,2.1,23.01,0.05,49.98
30,2.2,24.02,0.05,49.98
30,2.3,25.01,0.06,50.11
30,2.4,26.0,0.06,49.94
30,2.5,26.98,0.07,50.01
30,2.6,27.96,0.07,49.86
30,2.7,28.92,0.08,49.92
30,2.8,29.89,0.09,50.08
30,2.9,30.84,0.09,49.88
30,3.01,31.79,0.1,50.1
30,3.11,32.73,0.1,50.11
30,3.21,33.66,0.11,50.12
30,3.31,34.59,0.12,50.15
30,3.41,35.51,0.12,50.08
30,3.51,36.42,0.13,50.04
30,3.61,37.33,0.14,50.06
30,3.71,38.23,0.14,50.01
30,3.81,39.13,0.15,49.96
30,3.91,40.02,0.16,50.08
30,4.01,40.9,0.16,50.04
30,4.11,41.78,0.17,50.09
30,4.21,42.65,0.18,49.98
30,4.31,43.52,0.19,49.99
30,4.41,44.38,0.19,50.02
30,4.51,45.24,0.2,49.99
30,4.61,46.09,0.21,50.28
30,4.71,46.93,0.22,50.19
30,4.81,47.77,0.23,50.0
30,4.91,48.61,0.23,49.99
30,5.01,49.44,0.24,50.04
30,5.11,50.26,0.25,49.96
30,5.21,51.08,0.26,49.96
30,5.31,51.89,0.27,50.0
30,5.41,52.7,0.28,49.96
30,5.51,53.51,0.29,50.02
30,5.61,54.31,0.3,50.04
30,5.71,55.1,0.31,49.68
30,5.81,55.89,0.32,49.81
30,5.91,56.67,0.33,49.92
30,6.01,57.45,0.34,50.03
30,6.11,58.23,0.34,49.92
30,6.21,59.0,0.35,50.23
30,6.31,59.77,0.36,50.09
30,6.41,60.53,0.37,50.2
30,6.51,61.29,0.38,50.09
30,6.61,62.04,0.4,49.84
30,6.71,62.79,0.41,49.88
30,6.81,63.54,0.42,49.95
30,6.91,64.28,0.43,49.88
30,7.01,65.01,0.44,50.11
30,7.11,65.74,0.45,49.98
30,7.21,66.47,0.46,50.02
30,7.31,67.2,0.47,50.14
30,7.41,67.92,0.48,50.19
30,7.51,68.63,0.49,49.97
30,7.61,69.35,0.5,49.86
30,7.71,70.06,0.51,49.88
30,7.81,70.76,0.53,50.11
30,7.91,71.46,0.54,50.03
30,8.01,72.16,0.55,49.91
30,8.11,72.85,0.56,50.07
30,8.21,73.54,0.57,49.89
30,8.31,74.23,0.58,49.82
30,8.41,74.91,0.6,49.8
30,8.51,75.59,0.61,49.86
30,8.61,76.27,0.62,50.12
30,8.71,76.94,0.63,49.98
30,8.81,77.61,0.64,50.0
30,8.91,78.27,0.66,50.02
30,9.02,78.94,0.67,49.9
30,9.12,79.59,0.68,49.95
30,9.22,80.25,0.69,49.96
30,9.32,80.9,0.71,49.91
30,9.42,81.55,0.72,49.95
30,9.52,82.2,0.73,49.99
30,9.62,82.84,0.75,49.98
30,9.72,83.48,0.76,50.04
30,9.82,84.11,0.77,49.95
30,9.92,84.75,0.78,50.15
30,10.02,85.38,0.8,49.9
30,10.12,86.0,0.81,49.95
30,10.22,86.63,0.82,50.04
30,10.32,87.25,0.84,50.06
30,10.42,87.87,0.85,49.88
30,10.52,88.48,0.86,49.99
30,10.62,89.09,0.88,50.08
30,10.72,89.7,0.89,49.84
30,10.82,90.31,0.91,49.99
30,10.92,90.91,0.92,49.85
30,11.02,91.51,0.93,49.92
30,11.12,92.11,0.95,50.01
30,11.22,92.7,0.96,49.98
30,11.32,93.3,0.97,49.89
30,11.42,93.89,0.99,50.12
30,11.52,94.47,1.0,49.97
30,11.62,95.06,1.02,50.05
30,11.72,95.64,1.03,50.15
30,11.82,96.22,1.05,49.93
30,11.92,96.79,1.06,50.06
30,12.02,97.37,1.07,50.04
30,12.12,97.94,1.09,49.86
30,12.22,98.51,1.1,50.12
30,12.32,99.07,1.12,50.01
30,12.42,99.64,1.13,49.95
30,12.52,100.2,1.15,49.84
30,12.62,100.76,1.16,49.87
30,12.72,101.31,1.18,49.99
30,12.82,101.87,1.19,49.87
30,12.92,102.42,1.21,50.06
30,13.02,102.97,1.22,49.96
30,13.12,103.52,1.24,49.84
30,13.22,104.06,1.25,49.93
30,13.32,104.6,1.27,49.89
30,13.42,105.14,1.28,49.88
30,13.52,105.68,1.3,49.78
30,13.62,106.22,1.31,50.01
30,13.72,106.75,1.33,49.9
30,13.82,107.28,1.34,50.19
30,13.92,107.81,1.36,50.1
30,14.02,108.33,1.37,50.16
30,14.12,108.86,1.39,50.07
30,14.22,109.38,1.41,49.94
30,14.32,109.9,1.42,50.03
30,14.42,110.42,1.44,49.97
30,14.52,110.93,1.45,50.03
30,14.62,111.45,1.47,50.09
30,14.72,111.96,1.48,50.06
30,14.82,112.47,1.5,50.0
30,14.92,112.98,1.52,50.01
30,15.03,113.48,1.53,50.02
30,15.13,113.99,1.55,50.11
30,15.23,114.49,1.56,49.95
30,15.33,114.99,1.58,49.97
30,15.43,115.48,1.6,49.95
30,15.53,115.98,1.61,50.01
30,15.63,116.47,1.63,50.06
30,15.73,116.96,1.65,50.03
30,15.83,117.45,1.66,49.99
30,15.93,117.94,1.68,50.11
30,16.03,118.43,1.69,49.92
30,16.13,118.91,1.71,49.85
30,16.23,119.39,1.73,50.03
30,16.33,119.88,1.74,50.0
30,16.43,120.35,1.76,49.98
30,16.53,120.83,1.78,49.87
30,16.63,121.31,1.79,50.02
30,16.73,121.78,1.81,50.18
30,16.83,122.25,1.83,49.87
30,16.93,122.72,1.84,49.98
30,17.03,123.19,1.86,50.01
30,17.13,123.65,1.88,49.96
30,17.23,124.12,1.9,50.02
30,17.33,124.58,1.91,49.96
30,17.43,125.04,1.93,50.02
30,17.53,125.5,1.95,49.97
30,17.63,125.96,1.96,49.95
30,17.73,126.41,1.98,49.99
30,17.83,126.87,2.0,50.05
30,17.93,127.32,2.02,49.84
30,18.03,127.77,2.03,50.07
30,18.13,128.22,2.05,49.93
30,18.23,128.67,2.07,50.06
30,18.33,129.11,2.08,49.93
30,18.43,129.56,2.1,50.07
30,18.53,130.0,2.12,50.0
30,18.63,130.44,2.14,49.91
30,18.73,130.88,2.15,49.96
30,18.83,131.32,2.17,50.12
30,18.93,131.76,2.19,50.01
30,19.03,132.19,2.21,49.95
30,19.13,132.63,2.22,50.11
30,19.23,133.06,2.24,50.09
30,19.33,133.49,2.26,49.92
30,19.43,133.92,2.28,49.98
30,19.53,134.35,2.3,49.82
30,19.63,134.77,2.31,50.09
30,19.73,135.2,2.33,50.0
30,19.83,135.62,2.35,50.07
30,19.93,136.04,2.37,49.81
30,20.03,136.46,2.39,49.97
30,20.13,136.88,2.4,50.02
30,20.23,137.3,2.42,49.79
30,20.33,137.71,2.44,50.07
30,20.43,138.13,2.46,49.97
30,20.53,138.54,2.48,49.82
30,20.63,138.95,2.49,49.95
30,20.73,139.36,2.51,50.05
30,20.83,139.77,2.53,49.91
30,20.93,140.18,2.55,50.0
30,21.04,140.59,2.57,49.96
30,21.14,140.99,2.59,49.8
30,21.24,141.4,2.6,50.06
30,21.34,141.8,2.62,50.08
30,21.44,142.2,2.64,50.11
30,21.54,142.6,2.66,50.0
30,21.64,143.0,2.68,50.05
30,21.74,143.4,2.7,49.84
30,21.84,143.79,2.71,50.02
30,21.94,144.19,2.73,49.97
30,22.04,144.58,2.75,49.99
30,22.14,144.97,2.77,49.89
30,22.24,145.36,2.79,50.11
30,22.34,145.75,2.81,49.83
30,22.44,146.14,2.83,50.03
30,22.54,146.53,2.84,49.91
30,22.64,146.91,2.86,50.21
30,22.74,147.3,2.88,50.07
30,22.84,147.68,2.9,50.0
30,22.94,148.06,2.92,49.9
30,23.04,148.45,2.94,50.09
30,23.14,148.82,2.96,49.67
30,23.24,149.2,2.98,50.04
30,23.34,149.58,3.0,50.05
30,23.44,149.96,3.01,50.05
30,23.54,150.33,3.03,50.08
30,23.64,150.71,3.05,49.94
30,23.74,151.08,3.07,50.05
30,23.84,151.45,3.09,49.93
30,23.94,151.82,3.11,49.92
30,24.04,152.19,3.13,49.9
30,24.14,152.56,3.15,49.97
30,24.24,152.93,3.17,50.11
30,24.34,153.29,3.19,50.17
30,24.44,153.66,3.21,49.97
30,24.54,154.02,3.22,49.94
30,24.64,154.38,3.24,50.13
30,24.74,154.75,3.26,50.04
30,24.84,155.11,3.28,50.0
30,24.94,155.47,3.3,49.89
30,25.04,155.82,3.32,50.14
30,25.14,156.18,3.34,50.01
30,25.24,156.54,3.36,50.0
30,25.34,156.89,3.38,50.05
30,25.44,157.25,3.4,50.0
30,25.54,157.6,3.42,50.15
30,25.64,157.95,3.44,50.1
30,25.74,158.3,3.46,49.94
30,25.84,158.65,3.48,50.01
30,25.94,159.0,3.5,49.94
30,26.04,159.35,3.52,50.19
30,26.14,159.7,3.54,49.93
30,26.24,160.04,3.56,49.99
30,26.34,160.39,3.58,50.04
30,26.44,160.73,3.6,50.05
30,26.54,161.07,3.62,50.07
30,26.64,161.42,3.64,50.08
30,26.74,161.76,3.65,50.07
30,26.84,162.1,3.67,49.96
30,26.94,162.44,3.69,49.95
30,27.05,162.78,3.71,50.0
30,27.15,163.11,3.73,49.94
30,27.25,163.45,3.75,49.93
30,27.35,163.78,3.77,49.96
30,27.45,164.12,3.79,50.21
30,27.55,164.45,3.81,50.15
30,27.65,164.78,3.83,49.98
30,27.75,165.12,3.85,49.79
30,27.85,165.45,3.87,49.94
30,27.95,165.78,3.89,50.09
30,28.05,166.1,3.91,49.84
30,28.15,166.43,3.93,50.06
30,28.25,166.76,3.95,50.05
30,28.35,167.09,3.97,50.0
30,28.45,167.41,3.99,50.0
30,28.55,167.73,4.01,49.91
30,28.65,168.06,4.04,50.07
30,28.75,168.38,4.06,50.03
30,28.85,168.7,4.08,49.95
30,28.95,169.02,4.1,49.92
30,29.05,169.34,4.12,49.88
30,29.15,169.66,4.14,50.04
30,29.25,169.98,4.16,49.98
30,29.35,170.3,4.18,49.98
30,29.45,170.61,4.2,49.84
30,29.55,170.93,4.22,49.89
30,29.65,171.24,4.24,49.88
30,29.75,171.56,4.26,50.08
30,29.85,171.87,4.28,50.02
30,29.95,172.18,4.3,49.97
30,30.05,172.49,4.32,50.11
30,30.15,172.8,4.34,50.1
30,30.25,173.11,4.36,50.11
30,30.35,173.42,4.38,49.98
30,30.45,173.73,4.4,49.86
30,30.55,174.04,4.42,50.17
30,30.65,174.34,4.44,50.05
30,30.75,174.65,4.46,50.05
30,30.85,174.95,4.48,50.07
30,30.95,175.26,4.51,50.28
30,31.05,175.56,4.53,49.99
30,31.15,175.86,4.55,50.14
30,31.25,176.17,4.57,49.91
30,31.35,176.47,4.59,50.08
30,31.45,176.77,4.61,50.18
30,31.55,177.07,4.63,50.0
30,31.65,177.37,4.65,49.81
30,31.75,177.66,4.67,50.06
30,31.85,177.96,4.69,49.98
30,31.95,178.26,4.71,50.08
30,32.05,178.55,4.73,49.95
30,32.15,178.85,4.75,50.24
30,32.25,179.14,4.78,50.01
30,32.35,179.43,4.8,50.08
30,32.45,179.73,4.82,49.9
30,32.55,180.02,4.84,49.88
30,32.65,180.31,4.86,49.87
30,32.75,180.6,4.88,49.87
30,32.85,180.89,4.9,50.07
30,32.95,181.18,4.92,49.94
30,33.06,181.47,4.94,49.87
30,33.16,181.75,4.96,49.93
30,33.26,182.04,4.98,50.07
30,33.36,182.33,5.01,50.07
30,33.46,182.61,5.03,50.1
30,33.56,182.9,5.05,49.97
30,33.66,183.18,5.07,50.2
30,33.76,183.46,5.09,50.11
30,33.86,183.75,5.11,49.88
30,33.96,184.03,5.13,50.08
30,34.06,184.31,5.15,50.0
30,34.16,184.59,5.17,49.98
30,34.26,184.87,5.2,50.0
30,34.36,185.15,5.22,49.93
30,34.46,185.43,5.24,50.1
30,34.56,185.7,5.26,49.94
30,34.66,185.98,5.28,49.94
30,34.76,186.26,5.3,50.08
30,34.86,186.53,5.32,50.22
30,34.96,186.81,5.34,49.95
30,35.06,187.08,5.37,49.88
30,35.16,187.36,5.39,50.11
30,35.26,187.63,5.41,50.02
30,35.36,187.9,5.43,50.05
30,35.46,188.17,5.45,50.0
30,35.56,188.44,5.47,50.06
30,35.66,188.71,5.49,50.04
30,35.76,188.98,5.52,49.95
30,35.86,189.25,5.54,50.07
30,35.96,189.52,5.56,50.05
30,36.06,189.79,5.58,49.96
30,36.16,190.06,5.6,49.98
30,36.26,190.32,5.62,49.92
30,36.36,190.59,5.64,50.05
30,36.46,190.86,5.67,50.05
30,36.56,191.12,5.69,50.0
30,36.66,191.38,5.71,49.89
30,36.76,191.65,5.73,49.8
30,36.86,191.91,5.75,49.98
30,36.96,192.17,5.77,50.02
30,37.06,192.43,5.8,50.06
30,37.16,192.7,5.82,50.11
30,37.26,192.96,5.84,49.96
30,37.36,193.22,5.86,49.84
30,37.46,193.48,5.88,49.95
30,37.56,193.73,5.9,50.22
30,37.66,193.99,5.93,50.16
30,37.76,194.25,5.95,50.04
30,37.86,194.51,5.97,49.96
30,37.96,194.76,5.99,49.99
30,38.06,195.02,6.01,50.17
30,38.16,195.27,6.03,50.02
30,38.26,195.53,6.06,49.96
30,38.36,195.78,6.08,50.13
30,38.46,196.04,6.1,49.81
30,38.56,196.29,6.12,49.9
30,38.66,196.54,6.14,49.92
30,38.76,196.79,6.17,50.1
30,38.86,197.04,6.19,49.94
30,38.96,197.29,6.21,49.82
30,39.07,197.54,6.23,49.93
30,39.17,197.79,6.25,49.95
30,39.27,198.04,6.27,49.99
30,39.37,198.29,6.3,50.01
30,39.47,198.54,6.32,50.1
30,39.57,198.79,6.34,49.97
30,39.67,199.03,6.36,49.94
30,39.77,199.28,6.38,50.0
30,39.87,199.52,6.41,50.02
30,39.97,199.77,6.43,49.94
30,40.07,200.01,6.45,49.83
30,40.17,200.26,6.47,49.95
30,40.27,200.5,6.49,50.08
30,40.37,200.74,6.52,49.99
30,40.47,200.99,6.54,50.12
30,40.57,201.23,6.56,50.05
30,40.67,201.47,6.58,49.95
30,40.77,201.71,6.61,50.15
30,40.87,201.95,6.63,49.91
30,40.97,202.19,6.65,49.83
30,41.07,202.43,6.67,50.03
30,41.17,202.67,6.69,49.92
30,41.27,202.91,6.72,49.99
30,41.37,203.14,6.74,49.89
30,41.47,203.38,6.76,50.0
30,41.57,203.62,6.78,50.05
30,41.67,203.85,6.8,50.06
30,41.77,204.09,6.83,49.89
30,41.87,204.32,6.85,49.86
30,41.97,204.56,6.87,50.04
30,42.07,204.79,6.89,49.96
30,42.17,205.03,6.92,49.94
30,42.27,205.26,6.94,49.99
30,42.37,205.49,6.96,49.98
30,42.47,205.72,6.98,50.04
30,42.57,205.96,7.0,50.05
30,42.67,206.19,7.03,50.1
30,42.77,206.42,7.05,49.97
30,42.87,206.65,7.07,50.1
30,42.97,206.88,7.09,50.06
30,43.07,207.11,7.12,50.09
30,43.17,207.34,7.14,49.89
30,43.27,207.56,7.16,49.99
30,43.37,207.79,7.18,50.19
30,43.47,208.02,7.21,49.86
30,43.57,208.25,7.23,50.18
30,43.67,208.47,7.25,50.17
30,43.77,208.7,7.27,50.07
30,43.87,208.92,7.3,49.87
30,43.97,209.15,7.32,49.98
30,44.07,209.37,7.34,50.08
30,44.17,209.6,7.36,49.87
30,44.27,209.82,7.39,50.07
30,44.37,210.04,7.41,50.01
30,44.47,210.27,7.43,49.94
30,44.57,210.49,7.45,49.89
30,44.67,210.71,7.48,50.15
30,44.77,210.93,7.5,50.08
30,44.87,211.15,7.52,49.98
30,44.97,211.37,7.54,50.0
30,45.08,211.59,7.57,49.97
30,45.18,211.81,7.59,49.82
30,45.28,212.03,7.61,50.13
30,45.38,212.25,7.63,50.02
30,45.48,212.47,7.66,50.1
30,45.58,212.69,7.68,49.95
30,45.68,212.9,7.7,50.01
30,45.78,213.12,7.72,50.03
30,45.88,213.34,7.75,50.1
30,45.98,213.55,7.77,50.18
30,46.08,213.77,7.79,49.97
30,46.18,213.98,7.82,49.97
30,46.28,214.2,7.84,49.98
30,46.38,214.41,7.86,49.94
30,46.48,214.63,7.88,50.26
30,46.58,214.84,7.91,49.83
30,46.68,215.05,7.93,50.27
30,46.78,215.26,7.95,50.06
30,46.88,215.48,7.97,49.99
30,46.98,215.69,8.0,49.92
30,47.08,215.9,8.02,50.0
30,47.18,216.11,8.04,49.94
30,47.28,216.32,8.07,50.14
30,47.38,216.53,8.09,50.06
30,47.48,216.74,8.11,50.17
30,47.58,216.95,8.13,49.97
30,47.68,217.16,8.16,50.01
30,47.78,217.37,8.18,49.99
30,47.88,217.58,8.2,49.96
30,47.98,217.78,8.23,49.9
30,48.08,217.99,8.25,50.07
30,48.18,218.2,8.27,50.03
30,48.28,218.4,8.29,50.0
30,48.38,218.61,8.32,50.05
30,48.48,218.81,8.34,49.96
30,48.58,219.02,8.36,50.0
30,48.68,219.22,8.39,50.09
30,48.78,219.43,8.41,50.1
30,48.88,219.63,8.43,50.15
30,48.98,219.84,8.45,49.89
30,49.08,220.04,8.48,49.9
30,49.18,220.24,8.5,49.88
30,49.28,220.44,8.52,49.94
30,49.38,220.65,8.55,49.97
30,49.48,220.85,8.57,50.04
30,49.58,221.05,8.59,50.12
30,49.68,221.25,8.62,49.96
30,49.78,221.45,8.64,50.06
30,49.88,221.65,8.66,50.13
30,49.98,221.85,8.68,49.95
30,50.08,222.05,8.71,49.97
30,50.18,222.25,8.73,50.01
30,50.28,222.45,8.75,49.83
30,50.38,222.65,8.78,50.05
30,50.48,222.84,8.8,49.88
30,50.58,223.04,8.82,50.08
30,50.68,223.24,8.85,49.96
30,50.78,223.43,8.87,49.95
30,50.88,223.63,8.89,49.9
30,50.98,223.83,8.92,50.05
30,51.09,224.02,8.94,50.05
30,51.19,224.22,8.96,49.95
30,51.29,224.41,8.99,50.18
30,51.39,224.61,9.01,50.0
30,51.49,224.8,9.03,50.0
30,51.59,225.0,9.05,50.01
30,51.69,225.19,9.08,49.93
30,51.79,225.38,9.1,49.9
30,51.89,225.57,9.12,49.96
30,51.99,225.77,9.15,50.06
30,52.09,225.96,9.17,49.81
30,52.19,226.15,9.19,49.85
30,52.29,226.34,9.22,49.94
30,52.39,226.53,9.24,49.82
30,52.49,226.72,9.26,49.86
30,52.59,226.91,9.29,50.08
30,52.69,227.1,9.31,49.96
30,52.79,227.29,9.33,49.92
30,52.89,227.48,9.36,50.01
30,52.99,227.67,9.38,50.01
30,53.09,227.86,9.4,50.12
30,53.19,228.05,9.43,49.82
30,53.29,228.24,9.45,49.91
30,53.39,228.42,9.47,49.94
30,53.49,228.61,9.5,50.04
30,53.59,228.8,9.52,50.29
30,53.69,228.98,9.54,50.06
30,53.79,229.17,9.57,49.97
30,53.89,229.36,9.59,49.88
30,53.99,229.54,9.61,49.87
30,54.09,229.73,9.64,50.09
30,54.19,229.91,9.66,49.92
30,54.29,230.09,9.68,49.96
30,54.39,230.28,9.71,50.17
30,54.49,230.46,9.73,49.83
30,54.59,230.65,9.75,50.03
30,54.69,230.83,9.78,49.91
30,54.79,231.01,9.8,50.16
30,54.89,231.19,9.82,49.91
30,54.99,231.38,9.85,50.07
30,55.09,231.56,9.87,49.82
30,55.19,231.74,9.89,50.16
30,55.29,231.92,9.92,50.09
30,55.39,232.1,9.94,49.94
30,55.49,232.28,9.96,50.04
30,55.59,232.46,9.99,50.1
30,55.69,232.64,10.01,50.02
30,55.79,232.82,10.04,49.96
30,55.89,233.0,10.06,49.99
30,55.99,233.18,10.08,50.01
30,56.09,233.36,10.11,50.01
30,56.19,233.54,10.13,50.04
30,56.29,233.72,10.15,49.9
30,56.39,233.89,10.18,49.94
30,56.49,234.07,10.2,49.96
30,56.59,234.25,10.22,50.05
30,56.69,234.42,10.25,49.85
30,56.79,234.6,10.27,50.02
30,56.89,234.78,10.29,50.08
30,56.99,234.95,10.32,50.0
30,57.1,235.13,10.34,50.01
30,57.2,235.3,10.37,49.97
30,57.3,235.48,10.39,50.01
30,57.4,235.65,10.41,49.96
30,57.5,235.83,10.44,49.98
30,57.6,236.0,10.46,49.96
30,57.7,236.18,10.48,49.98
30,57.8,236.35,10.51,49.97
30,57.9,236.52,10.53,49.88
30,58.0,236.69,10.55,49.85
30,58.1,236.87,10.58,50.01
30,58.2,237.04,10.6,50.06
30,58.3,237.21,10.63,50.16
30,58.4,237.38,10.65,50.11
30,58.5,237.55,10.67,50.09
30,58.6,237.73,10.7,50.02
30,58.7,237.9,10.72,50.01
30,58.8,238.07,10.74,49.92
30,58.9,238.24,10.77,49.91
30,59.0,238.41,10.79,50.02
30,59.1,238.58,10.82,49.92
30,59.2,238.75,10.84,49.99
30,59.3,238.91,10.86,49.75
30,59.4,239.08,10.89,50.05
30,59.5,239.25,10.91,49.9
30,59.6,239.42,10.93,49.86
30,59.7,239.59,10.96,50.07
30,59.8,239.76,10.98,50.1
30,59.9,239.92,11.01,49.99
30,60.0,240.09,11.03,49.93
31,0.0,0.0,0.0,0.0
31,0.1,1.28,0.0,50.07
31,0.2,2.47,0.01,50.13
31,0.3,3.59,0.01,50.04
31,0.4,4.64,0.02,50.0
31,0.5,5.63,0.03,49.97
31,0.6,6.57,0.04,50.0
31,0.7,7.46,0.05,50.03
31,0.8,8.3,0.07,49.89
31,0.9,9.11,0.08,50.12
31,1.0,9.88,0.09,49.95
31,1.1,10.62,0.11,49.98
31,1.2,11.32,0.13,50.08
31,1.3,12.0,0.14,49.99
31,1.4,12.65,0.16,50.09
31,1.5,13.28,0.18,50.0
31,1.6,13.88,0.2,50.01
31,1.7,14.46,0.22,50.02
31,1.8,15.03,0.24,50.04
31,1.9,15.57,0.26,50.06
31,2.0,16.1,0.28,50.11
31,2.1,16.61,0.3,50.1
31,2.2,17.1,0.32,49.92
31,2.3,17.58,0.34,50.15
31,2.4,18.05,0.36,49.83
31,2.5,18.5,0.39,49.94
31,2.6,18.94,0.41,49.99
31,2.7,19.37,0.43,49.88
31,2.8,19.78,0.46,50.03
31,2.9,20.19,0.48,50.07
31,3.01,20.58,0.5,49.93
31,3.11,20.97,0.53,50.05
31,3.21,21.34,0.55,50.08
31,3.31,21.71,0.58,49.81
31,3.41,22.07,0.6,50.02
31,3.51,22.41,0.63,50.04
31,3.61,22.76,0.65,49.91
31,3.71,23.09,0.68,49.88
31,3.81,23.42,0.7,49.93
31,3.91,23.73,0.73,49.98
31,4.01,24.05,0.75,49.92
31,4.11,24.35,0.78,50.06
31,4.21,24.65,0.8,50.04
31,4.31,24.94,0.83,50.04
31,4.41,25.23,0.86,50.13
31,4.51,25.51,0.88,50.06
31,4.61,25.78,0.91,50.03
31,4.71,26.05,0.94,49.88
31,4.81,26.32,0.96,50.12
31,4.91,26.58,0.99,50.13
31,5.01,26.83,1.02,49.97
31,5.11,27.08,1.05,49.92
31,5.21,27.33,1.07,50.08
31,5.31,27.57,1.1,49.82
31,5.41,27.81,1.13,50.04
31,5.51,28.04,1.16,50.15
31,5.61,28.27,1.18,49.96
31,5.71,28.49,1.21,50.02
31,5.81,28.71,1.24,50.01
31,5.91,28.93,1.27,50.1
31,6.01,29.14,1.3,50.01
31,6.11,29.35,1.32,49.97
31,6.21,29.56,1.35,49.85
31,6.31,29.76,1.38,50.01
31,6.41,29.96,1.41,49.99
31,6.51,30.16,1.44,49.8
31,6.61,30.35,1.47,49.9
31,6.71,30.54,1.5,49.94
31,6.81,30.72,1.52,49.94
31,6.91,30.91,1.55,50.0
31,7.01,31.09,1.58,49.99
31,7.11,31.27,1.61,49.99
31,7.21,31.44,1.64,50.23
31,7.31,31.62,1.67,49.96
31,7.41,31.79,1.7,49.91
31,7.51,31.96,1.73,50.16
31,7.61,32.12,1.76,50.15
31,7.71,32.28,1.79,49.89
31,7.81,32.44,1.82,50.12
31,7.91,32.6,1.85,49.82
31,8.01,32.76,1.88,50.29
31,8.11,32.91,1.9,50.18
31,8.21,33.06,1.93,50.05
31,8.31,33.21,1.96,50.09
31,8.41,33.36,1.99,50.04
31,8.51,33.51,2.02,49.93
31,8.61,33.65,2.05,50.12
31,8.71,33.79,2.08,50.14
31,8.81,33.93,2.11,49.93
31,8.91,34.07,2.14,50.0
31,9.02,34.2,2.17,49.88
31,9.12,34.34,2.2,50.0
31,9.22,34.47,2.23,49.97
31,9.32,34.6,2.26,50.13
31,9.42,34.73,2.29,50.16
31,9.52,34.86,2.32,49.89
31,9.62,34.98,2.35,50.08
31,9.72,35.11,2.38,50.09
31,9.82,35.23,2.42,49.83
31,9.92,35.35,2.45,50.1
31,10.02,35.47,2.48,49.85
31,10.12,35.59,2.51,49.95
31,10.22,35.7,2.54,49.91
31,10.32,35.82,2.57,49.84
31,10.42,35.93,2.6,50.11
31,10.52,36.04,2.63,49.91
31,10.62,36.15,2.66,49.96
31,10.72,36.26,2.69,50.0
31,10.82,36.37,2.72,50.07
31,10.92,36.47,2.75,49.9
31,11.02,36.58,2.78,50.05
31,11.12,36.68,2.81,49.98
31,11.22,36.78,2.84,49.9
31,11.32,36.89,2.88,50.1
31,11.42,36.98,2.91,50.21
31,11.52,37.08,2.94,50.02
31,11.62,37.18,2.97,49.94
31,11.72,37.28,3.0,49.93
31,11.82,37.37,3.03,50.08
31,11.92,37.47,3.06,50.0
31,12.02,37.56,3.09,49.89
31,12.12,37.65,3.12,49.83
31,12.22,37.74,3.15,50.04
31,12.32,37.83,3.19,49.87
31,12.42,37.92,3.22,49.96
31,12.52,38.01,3.25,50.16
31,12.62,38.09,3.28,49.92
31,12.72,38.18,3.31,50.11
31,12.82,38.26,3.34,49.9
31,12.92,38.35,3.37,50.09
31,13.02,38.43,3.4,50.06
31,13.12,38.51,3.44,50.05
31,13.22,38.59,3.47,49.94
31,13.32,38.67,3.5,50.06
31,13.42,38.75,3.53,50.04
31,13.52,38.83,3.56,50.19
31,13.62,38.91,3.59,49.94
31,13.72,38.98,3.62,50.13
31,13.82,39.06,3.66,49.91
31,13.92,39.13,3.69,49.98
31,14.02,39.21,3.72,49.94
31,14.12,39.28,3.75,49.95
31,14.22,39.35,3.78,49.98
31,14.32,39.42,3.81,50.14
31,14.42,39.49,3.85,50.05
31,14.52,39.56,3.88,50.12
31,14.62,39.63,3.91,50.0
31,14.72,39.7,3.94,50.13
31,14.82,39.76,3.97,50.02
31,14.92,39.83,4.0,49.92
31,15.03,39.9,4.04,50.11
31,15.13,39.96,4.07,50.15
31,15.23,40.02,4.1,50.06
31,15.33,40.09,4.13,50.08
31,15.43,40.15,4.16,50.13
31,15.53,40.21,4.19,49.97
31,15.63,40.27,4.23,49.93
31,15.73,40.33,4.26,50.04
31,15.83,40.39,4.29,50.17
31,15.93,40.45,4.32,50.03
31,16.03,40.51,4.35,50.06
31,16.13,40.57,4.39,50.01
31,16.23,40.63,4.42,50.03
31,16.33,40.68,4.45,49.95
31,16.43,40.74,4.48,50.05
31,16.53,40.8,4.51,50.09
31,16.63,40.85,4.55,49.85
31,16.73,40.9,4.58,49.85
31,16.83,40.96,4.61,49.82
31,16.93,41.01,4.64,50.15
31,17.03,41.06,4.67,49.91
31,17.13,41.12,4.71,50.04
31,17.23,41.17,4.74,50.18
31,17.33,41.22,4.77,50.03
31,17.43,41.27,4.8,50.05
31,17.53,41.32,4.83,49.92
31,17.63,41.37,4.87,50.03
31,17.73,41.41,4.9,49.9
31,17.83,41.46,4.93,49.81
31,17.93,41.51,4.96,50.01
31,18.03,41.56,4.99,50.03
31,18.13,41.6,5.03,49.95
31,18.23,41.65,5.06,49.93
31,18.33,41.69,5.09,49.98
31,18.43,41.74,5.12,49.93
31,18.53,41.78,5.16,50.07
31,18.63,41.82,5.19,50.04
31,18.73,41.87,5.22,50.16
31,18.83,41.91,5.25,49.96
31,18.93,41.95,5.29,50.01
31,19.03,41.99,5.32,50.02
31,19.13,42.04,5.35,49.96
31,19.23,42.08,5.38,49.8
31,19.33,42.12,5.41,50.04
31,19.43,42.16,5.45,50.23
31,19.53,42.2,5.48,50.1
31,19.63,42.23,5.51,50.2
31,19.73,42.27,5.54,50.09
31,19.83,42.31,5.58,49.98
31,19.93,42.35,5.61,50.06
31,20.03,42.38,5.64,50.11
31,20.13,42.42,5.67,49.84
31,20.23,42.46,5.71,50.04
31,20.33,42.49,5.74,49.99
31,20.43,42.53,5.77,50.15
31,20.53,42.56,5.8,50.04
31,20.63,42.6,5.84,49.75
31,20.73,42.63,5.87,50.04
31,20.83,42.67,5.9,49.79
31,20.93,42.7,5.93,50.13
31,21.04,42.73,5.97,49.92
31,21.14,42.76,6.0,49.89
31,21.24,42.8,6.03,49.92
31,21.34,42.83,6.06,49.91
31,21.44,42.86,6.1,49.98
31,21.54,42.89,6.13,49.91
31,21.64,42.92,6.16,49.97
31,21.74,42.95,6.19,49.85
31,21.84,42.98,6.23,49.97
31,21.94,43.01,6.26,50.14
31,22.04,43.04,6.29,49.96
31,22.14,43.07,6.32,50.06
31,22.24,43.1,6.36,49.87
31,22.34,43.12,6.39,50.06
31,22.44,43.15,6.42,50.11
31,22.54,43.18,6.45,50.14
31,22.64,43.2,6.49,50.02
31,22.74,43.23,6.52,50.07
31,22.84,43.26,6.55,49.87
31,22.94,43.28,6.59,49.96
31,23.04,43.31,6.62,49.92
31,23.14,43.33,6.65,50.03
31,23.24,43.36,6.68,49.95
31,23.34,43.38,6.72,50.07
31,23.44,43.41,6.75,50.25
31,23.54,43.43,6.78,50.06
31,23.64,43.45,6.81,50.14
31,23.74,43.48,6.85,49.88
31,23.84,43.5,6.88,49.99
31,23.94,43.52,6.91,50.02
31,24.04,43.55,6.95,50.01
31,24.14,43.57,6.98,50.18
31,24.24,43.59,7.01,49.93
31,24.34,43.61,7.04,50.03
31,24.44,43.63,7.08,49.76
31,24.54,43.65,7.11,50.04
31,24.64,43.67,7.14,50.05
31,24.74,43.69,7.18,49.99
31,24.84,43.71,7.21,50.04
31,24.94,43.73,7.24,49.94
31,25.04,43.75,7.27,49.88
31,25.14,43.77,7.31,49.9
31,25.24,43.79,7.34,49.91
31,25.34,43.81,7.37,49.87
31,25.44,43.82,7.41,49.87
31,25.54,43.84,7.44,49.92
31,25.64,43.86,7.47,49.96
31,25.74,43.88,7.5,50.01
31,25.84,43.89,7.54,49.88
31,25.94,43.91,7.57,49.91
31,26.04,43.93,7.6,49.94
31,26.14,43.94,7.64,50.04
31,26.24,43.96,7.67,49.88
31,26.34,43.98,7.7,49.95
31,26.44,43.99,7.73,50.1
31,26.54,44.01,7.77,49.92
31,26.64,44.02,7.8,49.88
31,26.74,44.04,7.83,49.99
31,26.84,44.05,7.87,49.92
31,26.94,44.06,7.9,49.72
31,27.05,44.08,7.93,50.02
31,27.15,44.09,7.97,50.09
31,27.25,44.1,8.0,50.0
31,27.35,44.12,8.03,50.1
31,27.45,44.13,8.06,50.06
31,27.55,44.14,8.1,49.91
31,27.65,44.16,8.13,50.2
31,27.75,44.17,8.16,50.03
31,27.85,44.18,8.2,50.04
31,27.95,44.19,8.23,49.9
31,28.05,44.2,8.26,49.85
31,28.15,44.21,8.3,49.89
31,28.25,44.22,8.33,50.09
31,28.35,44.24,8.36,50.17
31,28.45,44.25,8.39,50.03
31,28.55,44.26,8.43,50.01
31,28.65,44.27,8.46,50.1
31,28.75,44.28,8.49,50.14
31,28.85,44.29,8.53,49.85
31,28.95,44.29,8.56,50.16
31,29.05,44.3,8.59,49.96
31,29.15,44.31,8.63,50.11
31,29.25,44.32,8.66,49.89
31,29.35,44.33,8.69,50.1
31,29.45,44.34,8.73,49.86
31,29.55,44.35,8.76,50.11
31,29.65,44.35,8.79,50.06
31,29.75,44.36,8.83,49.84
31,29.85,44.37,8.86,50.13
31,29.95,44.38,8.89,49.9
31,30.05,44.38,8.92,50.11
31,30.15,44.39,8.96,50.01
31,30.25,44.4,8.99,49.88
31,30.35,44.4,9.02,49.9
31,30.45,44.41,9.06,50.39
31,30.55,44.42,9.09,50.23
31,30.65,44.42,9.12,49.98
31,30.75,44.43,9.16,50.04
31,30.85,44.43,9.19,50.12
31,30.95,44.44,9.22,49.87
31,31.05,44.44,9.26,50.07
31,31.15,44.45,9.29,50.1
31,31.25,44.45,9.32,50.04
31,31.35,44.46,9.36,50.14
31,31.45,44.46,9.39,50.02
31,31.55,44.47,9.42,50.11
31,31.65,44.47,9.46,50.02
31,31.75,44.47,9.49,49.85
31,31.85,44.48,9.52,50.09
31,31.95,44.48,9.56,50.13
31,32.05,44.48,9.59,49.98
31,32.15,44.49,9.62,49.87
31,32.25,44.49,9.66,50.09
31,32.35,44.49,9.69,50.03
31,32.45,44.49,9.72,50.03
31,32.55,44.5,9.75,50.02
31,32.65,44.5,9.79,50.1
31,32.75,44.5,9.82,50.03
31,32.85,44.5,9.85,49.95
31,32.95,44.5,9.89,49.84
31,33.06,44.51,9.92,49.95
31,33.16,44.51,9.95,50.09
31,33.26,44.51,9.99,49.97
31,33.36,44.51,10.02,50.09
31,33.46,44.51,10.05,49.86
31,33.56,44.51,10.09,49.9
31,33.66,44.51,10.12,49.89
31,33.76,44.51,10.15,50.01
31,33.86,44.51,10.19,50.18
31,33.96,44.51,10.22,50.22
31,34.06,44.51,10.25,50.11
31,34.16,44.51,10.29,49.8
31,34.26,44.51,10.32,49.92
31,34.36,44.51,10.35,49.7
31,34.46,44.51,10.39,50.02
31,34.56,44.51,10.42,50.16
31,34.66,44.51,10.45,50.08
31,34.76,44.5,10.49,49.82
31,34.86,44.5,10.52,50.14
31,34.96,44.5,10.55,50.12
31,35.06,44.5,10.59,50.15
31,35.16,44.5,10.62,50.11
31,35.26,44.5,10.65,49.95
31,35.36,44.49,10.69,49.81
31,35.46,44.49,10.72,50.12
31,35.56,44.49,10.75,50.08
31,35.66,44.49,10.79,49.8
31,35.76,44.48,10.82,49.9
31,35.86,44.48,10.85,49.91
31,35.96,44.48,10.89,50.07
31,36.06,44.47,10.92,50.0
31,36.16,44.47,10.95,49.97
31,36.26,44.47,10.99,49.96
31,36.36,44.46,11.02,49.89
31,36.46,44.46,11.06,50.1
31,36.56,44.45,11.09,49.93
31,36.66,44.45,11.12,50.12
31,36.76,44.45,11.16,49.86
31,36.86,44.44,11.19,49.95
31,36.96,44.44,11.22,50.2
31,37.06,44.43,11.26,50.02
31,37.16,44.43,11.29,49.95
31,37.26,44.42,11.32,49.94
31,37.36,44.42,11.36,49.91
31,37.46,44.41,11.39,50.05
31,37.56,44.41,11.42,50.09
31,37.66,44.4,11.46,50.03
31,37.76,44.4,11.49,49.99
31,37.86,44.39,11.52,50.06
31,37.96,44.38,11.56,49.86
31,38.06,44.38,11.59,50.04
31,38.16,44.37,11.62,50.04
31,38.26,44.37,11.66,50.03
31,38.36,44.36,11.69,49.94
31,38.46,44.35,11.72,49.92
31,38.56,44.35,11.76,49.87
31,38.66,44.34,11.79,50.15
31,38.76,44.33,11.82,49.99
31,38.86,44.32,11.86,49.96
31,38.96,44.32,11.89,49.95
31,39.07,44.31,11.93,49.9
31,39.17,44.3,11.96,49.95
31,39.27,44.3,11.99,50.12
31,39.37,44.29,12.03,50.06
31,39.47,44.28,12.06,50.08
31,39.57,44.27,12.09,50.1
31,39.67,44.26,12.13,50.22
31,39.77,44.26,12.16,50.0
31,39.87,44.25,12.19,49.96
31,39.97,44.24,12.23,50.04
31,40.07,44.23,12.26,50.06
31,40.17,44.22,12.29,50.0
31,40.27,44.21,12.33,49.91
31,40.37,44.2,12.36,50.02
31,40.47,44.2,12.39,50.05
31,40.57,44.19,12.43,50.03
31,40.67,44.18,12.46,49.82
31,40.77,44.17,12.49,49.84
31,40.87,44.16,12.53,50.07
31,40.97,44.15,12.56,49.96
31,41.07,44.14,12.6,50.22
31,41.17,44.13,12.63,50.13
31,41.27,44.12,12.66,49.87
31,41.37,44.11,12.7,50.1
31,41.47,44.1,12.73,50.16
31,41.57,44.09,12.76,49.96
31,41.67,44.08,12.8,49.99
31,41.77,44.07,12.83,49.95
31,41.87,44.06,12.86,49.89
31,41.97,44.05,12.9,50.16
31,42.07,44.04,12.93,49.74
31,42.17,44.02,12.96,49.93
31,42.27,44.01,13.0,49.96
31,42.37,44.0,13.03,50.02
31,42.47,43.99,13.07,49.88
31,42.57,43.98,13.1,50.14
31,42.67,43.97,13.13,49.82
31,42.77,43.96,13.17,49.82
31,42.87,43.95,13.2,50.01
31,42.97,43.93,13.23,49.87
31,43.07,43.92,13.27,50.02
31,43.17,43.91,13.3,49.93
31,43.27,43.9,13.33,50.08
31,43.37,43.89,13.37,49.91
31,43.47,43.87,13.4,50.14
31,43.57,43.86,13.44,50.06
31,43.67,43.85,13.47,49.92
31,43.77,43.84,13.5,50.06
31,43.87,43.82,13.54,50.01
31,43.97,43.81,13.57,50.08
31,44.07,43.8,13.6,50.06
31,44.17,43.79,13.64,50.04
31,44.27,43.77,13.67,50.01
31,44.37,43.76,13.7,50.09
31,44.47,43.75,13.74,50.12
31,44.57,43.73,13.77,50.01
31,44.67,43.72,13.81,50.06
31,44.77,43.71,13.84,50.09
31,44.87,43.69,13.87,50.16
31,44.97,43.68,13.91,50.14
31,45.08,43.66,13.94,50.1
31,45.18,43.65,13.97,49.96
31,45.28,43.64,14.01,49.87
31,45.38,43.62,14.04,50.06
31,45.48,43.61,14.07,50.06
31,45.58,43.59,14.11,49.96
31,45.68,43.58,14.14,49.87
31,45.78,43.57,14.18,50.17
31,45.88,43.55,14.21,50.04
31,45.98,43.54,14.24,49.88
31,46.08,43.52,14.28,49.99
31,46.18,43.51,14.31,49.87
31,46.28,43.49,14.34,50.07
31,46.38,43.48,14.38,50.19
31,46.48,43.46,14.41,49.98
31,46.58,43.45,14.44,49.99
31,46.68,43.43,14.48,49.97
31,46.78,43.42,14.51,49.98
31,46.88,43.4,14.55,49.92
31,46.98,43.38,14.58,50.14
31,47.08,43.37,14.61,50.02
31,47.18,43.35,14.65,50.01
31,47.28,43.34,14.68,49.98
31,47.38,43.32,14.71,49.87
31,47.48,43.31,14.75,50.09
31,47.58,43.29,14.78,50.14
31,47.68,43.27,14.82,49.81
31,47.78,43.26,14.85,50.07
31,47.88,43.24,14.88,50.09
31,47.98,43.22,14.92,50.13
31,48.08,43.21,14.95,50.12
31,48.18,43.19,14.98,50.26
31,48.28,43.18,15.02,50.04
31,48.38,43.16,15.05,50.1
31,48.48,43.14,15.09,50.0
31,48.58,43.12,15.12,49.92
31,48.68,43.11,15.15,50.07
31,48.78,43.09,15.19,50.1
31,48.88,43.07,15.22,50.03
31,48.98,43.06,15.25,49.83
31,49.08,43.04,15.29,49.86
31,49.18,43.02,15.32,50.08
31,49.28,43.0,15.35,49.96
31,49.38,42.99,15.39,50.04
31,49.48,42.97,15.42,50.05
31,49.58,42.95,15.46,49.99
31,49.68,42.93,15.49,49.97
31,49.78,42.92,15.52,49.99
31,49.88,42.9,15.56,50.06
31,49.98,42.88,15.59,50.05
31,50.08,42.86,15.62,49.92
31,50.18,42.84,15.66,50.0
31,50.28,42.83,15.69,49.89
31,50.38,42.81,15.73,50.05
31,50.48,42.79,15.76,49.95
31,50.58,42.77,15.79,50.07
31,50.68,42.75,15.83,49.98
31,50.78,42.73,15.86,50.11
31,50.88,42.71,15.9,50.13
31,50.98,42.7,15.93,50.04
31,51.09,42.68,15.96,49.96
31,51.19,42.66,16.0,49.91
31,51.29,42.64,16.03,50.1
31,51.39,42.62,16.06,49.99
31,51.49,42.6,16.1,50.0
31,51.59,42.58,16.13,49.96
31,51.69,42.56,16.17,49.86
31,51.79,42.54,16.2,50.11
31,51.89,42.52,16.23,49.99
31,51.99,42.5,16.27,49.81
31,52.09,42.49,16.3,49.99
31,52.19,42.47,16.33,49.86
31,52.29,42.45,16.37,50.06
31,52.39,42.43,16.4,50.05
31,52.49,42.41,16.44,50.15
31,52.59,42.39,16.47,49.85
31,52.69,42.37,16.5,50.14
31,52.79,42.35,16.54,50.05
31,52.89,42.33,16.57,49.86
31,52.99,42.31,16.6,50.18
31,53.09,42.29,16.64,49.99
31,53.19,42.27,16.67,49.88
31,53.29,42.25,16.71,50.1
31,53.39,42.22,16.74,49.89
31,53.49,42.2,16.77,50.12
31,53.59,42.18,16.81,49.98
31,53.69,42.16,16.84,49.97
31,53.79,42.14,16.88,49.87
31,53.89,42.12,16.91,49.9
31,53.99,42.1,16.94,50.02
31,54.09,42.08,16.98,49.84
31,54.19,42.06,17.01,50.07
31,54.29,42.04,17.04,49.95
31,54.39,42.02,17.08,49.96
31,54.49,42.0,17.11,50.06
31,54.59,41.97,17.15,49.98
31,54.69,41.95,17.18,50.12
31,54.79,41.93,17.21,49.79
31,54.89,41.91,17.25,50.08
31,54.99,41.89,17.28,50.0
31,55.09,41.87,17.31,49.93
31,55.19,41.85,17.35,50.09
31,55.29,41.82,17.38,50.06
31,55.39,41.8,17.42,50.02
31,55.49,41.78,17.45,49.97
31,55.59,41.76,17.48,49.93
31,55.69,41.74,17.52,49.89
31,55.79,41.71,17.55,50.14
31,55.89,41.69,17.59,50.08
31,55.99,41.67,17.62,50.06
31,56.09,41.65,17.65,49.96
31,56.19,41.63,17.69,50.2
31,56.29,41.6,17.72,49.93
31,56.39,41.58,17.75,49.96
31,56.49,41.56,17.79,50.18
31,56.59,41.54,17.82,49.99
31,56.69,41.51,17.86,50.17
31,56.79,41.49,17.89,50.04
31,56.89,41.47,17.92,49.95
31,56.99,41.45,17.96,49.98
31,57.1,41.42,17.99,49.93
31,57.2,41.4,18.03,50.07
31,57.3,41.38,18.06,50.12
31,57.4,41.35,18.09,50.05
31,57.5,41.33,18.13,50.03
31,57.6,41.31,18.16,49.9
31,57.7,41.28,18.2,50.11
31,57.8,41.26,18.23,50.08
31,57.9,41.24,18.26,50.03
31,58.0,41.21,18.3,49.97
31,58.1,41.19,18.33,50.0
31,58.2,41.17,18.36,49.91
31,58.3,41.14,18.4,49.85
31,58.4,41.12,18.43,49.97
31,58.5,41.1,18.47,49.91
31,58.6,41.07,18.5,49.95
31,58.7,41.05,18.53,49.95
31,58.8,41.03,18.57,49.99
31,58.9,41.0,18.6,49.99
31,59.0,40.98,18.64,49.69
31,59.1,40.95,18.67,50.03
31,59.2,40.93,18.7,50.01
31,59.3,40.91,18.74,50.1
31,59.4,40.88,18.77,49.98
31,59.5,40.86,18.81,50.11
31,59.6,40.83,18.84,49.98
31,59.7,40.81,18.87,50.03
31,59.8,40.79,18.91,49.91
31,59.9,40.76,18.94,50.11
31,60.0,40.74,18.97,50.13
32,0.0,0.0,0.0,0.0
32,0.1,0.94,0.01,49.81
32,0.2,1.87,0.02,50.06
32,0.3,2.79,0.05,49.99
32,0.4,3.69,0.08,49.87
32,0.5,4.59,0.11,50.02
32,0.6,5.49,0.16,50.09
32,0.7,6.37,0.21,50.01
32,0.8,7.24,0.26,50.12
32,0.9,8.11,0.33,49.93
32,1.0,8.96,0.4,50.11
32,1.1,9.81,0.47,49.96
32,1.2,10.65,0.55,50.12
32,1.3,11.48,0.64,49.87
32,1.4,12.31,0.74,50.02
32,1.5,13.12,0.84,50.02
32,1.6,13.93,0.94,50.05
32,1.7,14.74,1.05,49.96
32,1.8,15.53,1.17,50.04
32,1.9,16.32,1.29,49.98
32,2.0,17.1,1.42,49.95
32,2.1,17.87,1.55,50.14
32,2.2,18.64,1.69,50.01
32,2.3,19.4,1.83,49.85
32,2.4,20.16,1.97,49.93
32,2.5,20.91,2.13,50.15
32,2.6,21.65,2.28,49.91
32,2.7,22.39,2.44,50.05
32,2.8,23.12,2.61,49.93
32,2.9,23.84,2.78,49.86
32,3.01,24.56,2.95,50.05
32,3.11,25.27,3.13,49.97
32,3.21,25.98,3.31,50.16
32,3.31,26.68,3.5,50.11
32,3.41,27.38,3.69,50.13
32,3.51,28.07,3.88,50.11
32,3.61,28.76,4.08,50.07
32,3.71,29.44,4.28,49.86
32,3.81,30.11,4.49,49.98
32,3.91,30.78,4.7,50.07
32,4.01,31.45,4.91,49.97
32,4.11,32.11,5.13,50.0
32,4.21,32.77,5.35,50.07
32,4.31,33.42,5.58,50.11
32,4.41,34.07,5.8,49.91
32,4.51,34.71,6.04,50.07
32,4.61,35.35,6.27,50.06
32,4.71,35.98,6.51,49.9
32,4.81,36.61,6.75,49.96
32,4.91,37.24,6.99,50.01
32,5.01,37.86,7.24,50.14
32,5.11,38.48,7.49,49.96
32,5.21,39.09,7.75,50.04
32,5.31,39.7,8.0,50.12
32,5.41,40.31,8.26,50.19
32,5.51,40.91,8.53,50.02
32,5.61,41.5,8.79,49.79
32,5.71,42.1,9.06,50.09
32,5.81,42.69,9.33,50.02
32,5.91,43.27,9.61,49.92
32,6.01,43.86,9.88,50.07
32,6.11,44.43,10.16,50.19
32,6.21,45.01,10.45,50.02
32,6.31,45.58,10.73,49.84
32,6.41,46.15,11.02,50.14
32,6.51,46.72,11.31,50.0
32,6.61,47.28,11.6,50.07
32,6.71,47.83,11.9,50.01
32,6.81,48.39,12.2,50.05
32,6.91,48.94,12.5,50.07
32,7.01,49.49,12.8,50.08
32,7.11,50.04,13.1,50.01
32,7.21,50.58,13.41,49.92
32,7.31,51.12,13.72,50.02
32,7.41,51.65,14.03,50.08
32,7.51,52.19,14.35,49.92
32,7.61,52.72,14.66,49.89
32,7.71,53.24,14.98,50.13
32,7.81,53.77,15.3,50.17
32,7.91,54.29,15.63,50.0
32,8.01,54.81,15.95,50.06
32,8.11,55.32,16.28,50.04
32,8.21,55.84,16.61,49.78
32,8.31,56.35,16.94,50.02
32,8.41,56.86,17.27,50.15
32,8.51,57.36,17.61,49.88
32,8.61,57.86,17.95,49.87
32,8.71,58.36,18.29,49.93
32,8.81,58.86,18.63,49.95
32,8.91,59.35,18.97,50.07
32,9.02,59.85,19.32,50.13
32,9.12,60.34,19.67,50.13
32,9.22,60.82,20.01,50.07
32,9.32,61.31,20.37,49.84
32,9.42,61.79,20.72,49.84
32,9.52,62.27,21.07,50.07
32,9.62,62.75,21.43,49.84
32,9.72,63.22,21.79,50.06
32,9.82,63.7,22.15,50.03
32,9.92,64.17,22.51,49.95
32,10.02,64.64,22.87,49.75
32,10.12,65.1,23.24,50.02
32,10.22,65.57,23.6,50.05
32,10.32,66.03,23.97,49.94
32,10.42,66.49,24.34,49.89
32,10.52,66.94,24.71,50.03
32,10.62,67.4,25.09,49.85
32,10.72,67.85,25.46,50.06
32,10.82,68.3,25.84,50.11
32,10.92,68.75,26.22,49.8
32,11.02,69.2,26.6,49.95
32,11.12,69.65,26.98,50.0
32,11.22,70.09,27.36,50.0
32,11.32,70.53,27.74,49.91
32,11.42,70.97,28.13,49.87
32,11.52,71.41,28.52,49.95
32,11.62,71.84,28.9,50.06
32,11.72,72.28,29.29,50.06
32,11.82,72.71,29.69,50.06
32,11.92,73.14,30.08,50.13
32,12.02,73.56,30.47,49.9
32,12.12,73.99,30.87,49.96
32,12.22,74.42,31.26,49.98
32,12.32,74.84,31.66,49.71
32,12.42,75.26,32.06,50.02
32,12.52,75.68,32.46,50.0
32,12.62,76.09,32.87,49.89
32,12.72,76.51,33.27,50.09
32,12.82,76.92,33.67,50.08
32,12.92,77.34,34.08,50.04
32,13.02,77.75,34.49,49.83
32,13.12,78.15,34.9,49.9
32,13.22,78.56,35.31,50.03
32,13.32,78.97,35.72,49.95
32,13.42,79.37,36.13,49.98
32,13.52,79.77,36.54,49.89
32,13.62,80.17,36.96,50.02
32,13.72,80.57,37.37,50.15
32,13.82,80.97,37.79,50.03
32,13.92,81.37,38.21,50.1
32,14.02,81.76,38.63,50.09
32,14.12,82.15,39.05,49.96
32,14.22,82.55,39.47,49.98
32,14.32,82.94,39.89,50.15
32,14.42,83.32,40.32,50.07
32,14.52,83.71,40.74,50.1
32,14.62,84.1,41.17,50.02
32,14.72,84.48,41.59,49.96
32,14.82,84.86,42.02,49.97
32,14.92,85.24,42.45,50.14
32,15.03,85.62,42.88,50.0
32,15.13,86.0,43.31,50.12
32,15.23,86.38,43.75,50.14
32,15.33,86.75,44.18,50.09
32,15.43,87.13,44.62,50.08
32,15.53,87.5,45.05,50.17
32,15.63,87.87,45.49,49.92
32,15.73,88.24,45.93,49.96
32,15.83,88.61,46.36,49.87
32,15.93,88.98,46.8,49.85
32,16.03,89.35,47.24,50.0
32,16.13,89.71,47.69,50.03
32,16.23,90.08,48.13,50.05
32,16.33,90.44,48.57,49.93
32,16.43,90.8,49.02,49.96
32,16.53,91.16,49.46,50.08
32,16.63,91.52,49.91,49.85
32,16.73,91.88,50.36,50.0
32,16.83,92.23,50.8,50.13
32,16.93,92.59,51.25,49.97
32,17.03,92.94,51.7,49.96
32,17.13,93.29,52.15,50.12
32,17.23,93.65,52.61,49.86
32,17.33,94.0,53.06,49.92
32,17.43,94.35,53.51,49.92
32,17.53,94.69,53.97,50.07
32,17.63,95.04,54.42,49.84
32,17.73,95.39,54.88,50.12
32,17.83,95.73,55.33,50.0
32,17.93,96.07,55.79,50.1
32,18.03,96.42,56.25,50.12
32,18.13,96.76,56.71,49.92
32,18.23,97.1,57.17,50.0
32,18.33,97.44,57.63,49.98
32,18.43,97.78,58.09,49.99
32,18.53,98.11,58.56,49.94
32,18.63,98.45,59.02,50.11
32,18.73,98.78,59.48,49.98
32,18.83,99.12,59.95,49.97
32,18.93,99.45,60.42,50.11
32,19.03,99.78,60.88,50.08
32,19.13,100.11,61.35,50.03
32,19.23,100.44,61.82,49.96
32,19.33,100.77,62.29,50.15
32,19.43,101.1,62.76,49.89
32,19.53,101.43,63.23,50.11
32,19.63,101.75,63.7,50.06
32,19.73,102.08,64.17,49.87
32,19.83,102.4,64.64,50.01
32,19.93,102.72,65.12,49.87
32,20.03,103.05,65.59,49.97
32,20.13,103.37,66.07,50.03
32,20.23,103.69,66.54,49.9
32,20.33,104.01,67.02,49.77
32,20.43,104.32,67.5,49.99
32,20.53,104.64,67.97,50.02
32,20.63,104.96,68.45,49.96
32,20.73,105.27,68.93,50.0
32,20.83,105.59,69.41,49.98
32,20.93,105.9,69.89,49.9
32,21.04,106.21,70.37,50.19
32,21.14,106.53,70.85,50.03
32,21.24,106.84,71.34,49.96
32,21.34,107.15,71.82,49.92
32,21.44,107.46,72.3,49.96
32,21.54,107.76,72.79,49.96
32,21.64,108.07,73.27,50.0
32,21.74,108.38,73.76,50.11
32,21.84,108.68,74.25,49.92
32,21.94,108.99,74.73,50.02
32,22.04,109.29,75.22,50.08
32,22.14,109.6,75.71,49.93
32,22.24,109.9,76.2,49.93
32,22.34,110.2,76.69,49.85
32,22.44,110.5,77.18,50.17
32,22.54,110.8,77.67,50.05
32,22.64,111.1,78.16,49.94
32,22.74,111.4,78.65,49.94
32,22.84,111.69,79.15,49.9
32,22.94,111.99,79.64,50.02
32,23.04,112.29,80.13,49.97
32,23.14,112.58,80.63,49.91
32,23.24,112.88,81.12,49.92
32,23.34,113.17,81.62,50.07
32,23.44,113.46,82.12,49.96
32,23.54,113.75,82.61,49.88
32,23.64,114.05,83.11,50.01
32,23.74,114.34,83.61,49.93
32,23.84,114.63,84.11,50.06
32,23.94,114.92,84.61,50.15
32,24.04,115.2,85.11,49.81
32,24.14,115.49,85.61,49.93
32,24.24,115.78,86.11,50.01
32,24.34,116.06,86.61,49.99
32,24.44,116.35,87.11,50.13
32,24.54,116.63,87.61,50.0
32,24.64,116.92,88.11,50.02
32,24.74,117.2,88.62,50.04
32,24.84,117.48,89.12,49.93
32,24.94,117.77,89.63,50.05
32,25.04,118.05,90.13,50.04
32,25.14,118.33,90.64,50.01
32,25.24,118.61,91.14,49.81
32,25.34,118.89,91.65,49.92
32,25.44,119.16,92.16,50.02
32,25.54,119.44,92.67,49.99
32,25.64,119.72,93.17,50.07
32,25.74,120.0,93.68,50.08
32,25.84,120.27,94.19,50.03
32,25.94,120.55,94.7,50.08
32,26.04,120.82,95.21,50.05
32,26.14,121.09,95.72,49.95
32,26.24,121.37,96.23,50.0
32,26.34,121.64,96.75,49.89
32,26.44,121.91,97.26,50.15
32,26.54,122.18,97.77,49.87
32,26.64,122.45,98.28,49.79
32,26.74,122.72,98.8,50.21
32,26.84,122.99,99.31,49.99
32,26.94,123.26,99.83,50.09
32,27.05,123.53,100.34,50.07
32,27.15,123.8,100.86,50.1
32,27.25,124.06,101.37,50.06
32,27.35,124.33,101.89,50.06
32,27.45,124.59,102.41,49.77
32,27.55,124.86,102.92,49.9
32,27.65,125.12,103.44,49.74
32,27.75,125.39,103.96,49.92
32,27.85,125.65,104.48,49.95
32,27.95,125.91,105.0,49.99
32,28.05,126.18,105.52,49.91
32,28.15,126.44,106.04,49.96
32,28.25,126.7,106.56,49.95
32,28.35,126.96,107.08,50.03
32,28.45,127.22,107.6,50.08
32,28.55,127.48,108.12,50.02
32,28.65,127.73,108.64,50.06
32,28.75,127.99,109.17,50.02
32,28.85,128.25,109.69,50.12
32,28.95,128.51,110.21,50.19
32,29.05,128.76,110.74,49.76
32,29.15,129.02,111.26,50.11
32,29.25,129.27,111.79,49.87
32,29.35,129.53,112.31,50.02
32,29.45,129.78,112.84,50.03
32,29.55,130.04,113.36,50.06
32,29.65,130.29,113.89,49.99
32,29.75,130.54,114.42,50.0
32,29.85,130.79,114.94,50.03
32,29.95,131.04,115.47,49.97
32,30.05,131.3,116.0,49.81
32,30.15,131.55,116.53,50.0
32,30.25,131.8,117.06,49.93
32,30.35,132.04,117.59,49.92
32,30.45,132.29,118.12,49.91
32,30.55,132.54,118.65,49.8
32,30.65,132.79,119.18,49.96
32,30.75,133.04,119.71,50.0
32,30.85,133.28,120.24,50.08
32,30.95,133.53,120.77,49.94
32,31.05,133.78,121.3,50.16
32,31.15,134.02,121.83,50.06
32,31.25,134.27,122.37,49.89
32,31.35,134.51,122.9,49.95
32,31.45,134.75,123.43,50.2
32,31.55,135.0,123.97,50.08
32,31.65,135.24,124.5,49.95
32,31.75,135.48,125.04,50.09
32,31.85,135.72,125.57,49.87
32,31.95,135.96,126.11,49.94
32,32.05,136.2,126.64,49.77
32,32.15,136.45,127.18,50.06
32,32.25,136.69,127.71,49.88
32,32.35,136.92,128.25,49.99
32,32.45,137.16,128.79,49.85
32,32.55,137.4,129.32,50.02
32,32.65,137.64,129.86,49.99
32,32.75,137.88,130.4,49.85
32,32.85,138.11,130.94,49.95
32,32.95,138.35,131.48,50.01
32,33.06,138.59,132.02,50.04
32,33.16,138.82,132.56,50.16
32,33.26,139.06,133.1,50.12
32,33.36,139.29,133.64,49.93
32,33.46,139.53,134.18,49.93
32,33.56,139.76,134.72,49.86
32,33.66,139.99,135.26,49.9
32,33.76,140.23,135.8,50.09
32,33.86,140.46,136.34,49.84
32,33.96,140.69,136.88,49.98
32,34.06,140.92,137.43,49.97
32,34.16,141.15,137.97,49.92
32,34.26,141.39,138.51,49.87
32,34.36,141.62,139.06,49.81
32,34.46,141.85,139.6,49.87
32,34.56,142.08,140.14,49.99
32,34.66,142.3,140.69,50.06
32,34.76,142.53,141.23,50.16
32,34.86,142.76,141.78,50.03
32,34.96,142.99,142.32,50.06
32,35.06,143.22,142.87,50.16
32,35.16,143.44,143.42,50.03
32,35.26,143.67,143.96,50.1
32,35.36,143.9,144.51,49.96
32,35.46,144.12,145.06,50.07
32,35.56,144.35,145.6,50.02
32,35.66,144.57,146.15,49.98
32,35.76,144.8,146.7,50.15
32,35.86,145.02,147.25,49.88
32,35.96,145.25,147.8,49.91
32,36.06,145.47,148.34,50.12
32,36.16,145.69,148.89,50.1
32,36.26,145.91,149.44,50.0
32,36.36,146.14,149.99,50.03
32,36.46,146.36,150.54,50.05
32,36.56,146.58,151.09,50.04
32,36.66,146.8,151.64,50.02
32,36.76,147.02,152.19,49.92
32,36.86,147.24,152.75,50.12
32,36.96,147.46,153.3,49.98
32,37.06,147.68,153.85,49.9
32,37.16,147.9,154.4,50.01
32,37.26,148.12,154.95,50.03
32,37.36,148.34,155.51,50.04
32,37.46,148.56,156.06,50.1
32,37.56,148.77,156.61,49.96
32,37.66,148.99,157.17,49.99
32,37.76,149.21,157.72,49.92
32,37.86,149.42,158.27,50.02
32,37.96,149.64,158.83,49.91
32,38.06,149.86,159.38,49.94
32,38.16,150.07,159.94,50.1
32,38.26,150.29,160.49,50.01
32,38.36,150.5,161.05,50.14
32,38.46,150.72,161.6,50.12
32,38.56,150.93,162.16,50.02
32,38.66,151.14,162.71,50.04
32,38.76,151.36,163.27,49.98
32,38.86,151.57,163.83,50.1
32,38.96,151.78,164.39,50.04
32,39.07,151.99,164.94,50.09
32,39.17,152.21,165.5,49.94
32,39.27,152.42,166.06,49.86
32,39.37,152.63,166.62,50.05
32,39.47,152.84,167.17,50.07
32,39.57,153.05,167.73,50.01
32,39.67,153.26,168.29,50.06
32,39.77,153.47,168.85,49.91
32,39.87,153.68,169.41,50.09
32,39.97,153.89,169.97,50.12
32,40.07,154.1,170.53,50.1
32,40.17,154.31,171.09,50.01
32,40.27,154.51,171.65,50.12
32,40.37,154.72,172.21,49.89
32,40.47,154.93,172.77,50.06
32,40.57,155.14,173.33,50.07
32,40.67,155.34,173.89,50.05
32,40.77,155.55,174.45,49.91
32,40.87,155.76,175.02,50.02
32,40.97,155.96,175.58,49.97
32,41.07,156.17,176.14,49.8
32,41.17,156.37,176.7,49.88
32,41.27,156.58,177.27,50.12
32,41.37,156.78,177.83,49.96
32,41.47,156.99,178.39,50.11
32,41.57,157.19,178.96,50.11
32,41.67,157.39,179.52,50.05
32,41.77,157.6,180.08,49.94
32,41.87,157.8,180.65,50.09
32,41.97,158.0,181.21,50.02
32,42.07,158.21,181.78,50.0
32,42.17,158.41,182.34,49.91
32,42.27,158.61,182.91,49.95
32,42.37,158.81,183.47,49.91
32,42.47,159.01,184.04,50.1
32,42.57,159.21,184.6,50.15
32,42.67,159.41,185.17,50.09
32,42.77,159.61,185.74,50.02
32,42.87,159.81,186.3,49.97
32,42.97,160.01,186.87,50.05
32,43.07,160.21,187.44,49.96
32,43.17,160.41,188.0,50.0
32,43.27,160.61,188.57,49.92
32,43.37,160.81,189.14,50.07
32,43.47,161.01,189.71,50.07
32,43.57,161.21,190.27,50.09
32,43.67,161.4,190.84,50.06
32,43.77,161.6,191.41,50.05
32,43.87,161.8,191.98,49.9
32,43.97,162.0,192.55,49.89
32,44.07,162.19,193.12,50.03
32,44.17,162.39,193.69,50.11
32,44.27,162.58,194.26,49.97
32,44.37,162.78,194.83,50.0
32,44.47,162.97,195.4,50.0
32,44.57,163.17,195.97,49.82
32,44.67,163.36,196.54,50.02
32,44.77,163.56,197.11,49.95
32,44.87,163.75,197.68,50.06
32,44.97,163.95,198.25,50.0
32,45.08,164.14,198.82,49.98
32,45.18,164.33,199.39,49.98
32,45.28,164.53,199.96,49.97
32,45.38,164.72,200.54,49.86
32,45.48,164.91,201.11,50.1
32,45.58,165.11,201.68,49.94
32,45.68,165.3,202.25,49.95
32,45.78,165.49,202.83,50.01
32,45.88,165.68,203.4,49.89
32,45.98,165.87,203.97,49.95
32,46.08,166.06,204.55,50.19
32,46.18,166.25,205.12,50.03
32,46.28,166.44,205.69,49.91
32,46.38,166.63,206.27,49.79
32,46.48,166.82,206.84,50.1
32,46.58,167.01,207.42,49.9
32,46.68,167.2,207.99,49.95
32,46.78,167.39,208.56,49.96
32,46.88,167.58,209.14,49.91
32,46.98,167.77,209.71,49.99
32,47.08,167.96,210.29,49.94
32,47.18,168.15,210.87,50.06
32,47.28,168.33,211.44,50.01
32,47.38,168.52,212.02,50.14
32,47.48,168.71,212.59,50.15
32,47.58,168.9,213.17,49.9
32,47.68,169.08,213.75,49.97
32,47.78,169.27,214.32,50.22
32,47.88,169.46,214.9,49.88
32,47.98,169.64,215.48,50.08
32,48.08,169.83,216.05,50.05
32,48.18,170.01,216.63,49.92
32,48.28,170.2,217.21,49.92
32,48.38,170.38,217.79,50.18
32,48.48,170.57,218.36,50.18
32,48.58,170.75,218.94,50.04
32,48.68,170.94,219.52,49.86
32,48.78,171.12,220.1,50.13
32,48.88,171.31,220.68,49.86
32,48.98,171.49,221.26,50.07
32,49.08,171.67,221.84,49.84
32,49.18,171.86,222.41,50.0
32,49.28,172.04,222.99,50.09
32,49.38,172.22,223.57,49.72
32,49.48,172.4,224.15,49.95
32,49.58,172.59,224.73,50.02
32,49.68,172.77,225.31,49.97
32,49.78,172.95,225.89,49.93
32,49.88,173.13,226.47,49.99
32,49.98,173.31,227.05,50.1
32,50.08,173.49,227.64,50.14
32,50.18,173.68,228.22,50.07
32,50.28,173.86,228.8,50.16
32,50.38,174.04,229.38,49.95
32,50.48,174.22,229.96,50.06
32,50.58,174.4,230.54,49.9
32,50.68,174.58,231.12,50.29
32,50.78,174.76,231.71,50.01
32,50.88,174.94,232.29,50.08
32,50.98,175.11,232.87,49.82
32,51.09,175.29,233.45,50.08
32,51.19,175.47,234.04,50.01
32,51.29,175.65,234.62,50.05
32,51.39,175.83,235.2,50.0
32,51.49,176.01,235.78,49.99
32,51.59,176.18,236.37,49.97
32,51.69,176.36,236.95,49.99
32,51.79,176.54,237.54,50.15
32,51.89,176.72,238.12,49.96
32,51.99,176.89,238.7,50.23
32,52.09,177.07,239.29,50.01
32,52.19,177.25,239.87,50.14
32,52.29,177.42,240.46,50.11
32,52.39,177.6,241.04,49.84
32,52.49,177.77,241.63,49.86
32,52.59,177.95,242.21,49.93
32,52.69,178.13,242.8,49.85
32,52.79,178.3,243.38,49.96
32,52.89,178.48,243.97,50.0
32,52.99,178.65,244.55,50.06
32,53.09,178.82,245.14,50.02
32,53.19,179.0,245.72,50.0
32,53.29,179.17,246.31,50.1
32,53.39,179.35,246.9,50.09
32,53.49,179.52,247.48,50.19
32,53.59,179.69,248.07,50.02
32,53.69,179.87,248.66,49.76
32,53.79,180.04,249.24,50.04
32,53.89,180.21,249.83,50.23
32,53.99,180.39,250.42,50.1
32,54.09,180.56,251.0,50.13
32,54.19,180.73,251.59,50.01
32,54.29,180.9,252.18,50.09
32,54.39,181.07,252.77,50.13
32,54.49,181.25,253.36,49.97
32,54.59,181.42,253.94,49.95
32,54.69,181.59,254.53,50.05
32,54.79,181.76,255.12,50.1
32,54.89,181.93,255.71,49.72
32,54.99,182.1,256.3,49.98
32,55.09,182.27,256.89,49.8
32,55.19,182.44,257.48,49.99
32,55.29,182.61,258.06,50.17
32,55.39,182.78,258.65,49.94
32,55.49,182.95,259.24,49.97
32,55.59,183.12,259.83,50.07
32,55.69,183.29,260.42,50.1
32,55.79,183.46,261.01,50.1
32,55.89,183.63,261.6,50.0
32,55.99,183.8,262.19,50.06
32,56.09,183.97,262.78,50.05
32,56.19,184.13,263.37,49.93
32,56.29,184.3,263.96,49.82
32,56.39,184.47,264.55,49.91
32,56.49,184.64,265.15,50.14
32,56.59,184.81,265.74,50.22
32,56.69,184.97,266.33,49.99
32,56.79,185.14,266.92,50.14
32,56.89,185.31,267.51,49.97
32,56.99,185.47,268.1,50.03
32,57.1,185.64,268.69,49.94
32,57.2,185.81,269.29,50.1
32,57.3,185.97,269.88,49.94
32,57.4,186.14,270.47,49.91
32,57.5,186.31,271.06,50.0
32,57.6,186.47,271.65,50.08
32,57.7,186.64,272.25,50.02
32,57.8,186.8,272.84,49.95
32,57.9,186.97,273.43,49.91
32,58.0,187.13,274.03,49.83
32,58.1,187.3,274.62,49.95
32,58.2,187.46,275.21,49.98
32,58.3,187.63,275.8,50.06
32,58.4,187.79,276.4,49.88
32,58.5,187.96,276.99,50.07
32,58.6,188.12,277.59,49.94
32,58.7,188.28,278.18,49.95
32,58.8,188.45,278.77,50.12
32,58.9,188.61,279.37,49.75
32,59.0,188.77,279.96,49.88
32,59.1,188.94,280.56,50.0
32,59.2,189.1,281.15,50.0
32,59.3,189.26,281.75,49.83
32,59.4,189.43,282.34,49.95
32,59.5,189.59,282.94,50.1
32,59.6,189.75,283.53,49.88
32,59.7,189.91,284.13,50.11
32,59.8,190.07,284.72,49.93
32,59.9,190.24,285.32,49.81
32,60.0,190.4,285.91,50.08
33,0.0,0.0,0.0,0.0
33,0.1,0.69,0.0,50.03
33,0.2,1.36,0.0,50.17
33,0.3,2.02,0.0,50.07
33,0.4,2.67,0.01,50.11
33,0.5,3.31,0.01,49.89
33,0.6,3.94,0.02,50.12
33,0.7,4.56,0.02,49.86
33,0.8,5.17,0.03,49.86
33,0.9,5.76,0.03,50.08
33,1.0,6.35,0.04,49.87
33,1.1,6.93,0.05,50.15
33,1.2,7.5,0.05,49.87
33,1.3,8.06,0.06,49.9
33,1.4,8.61,0.07,50.12
33,1.5,9.16,0.08,49.94
33,1.6,9.69,0.09,50.08
33,1.7,10.22,0.1,49.89
33,1.8,10.74,0.11,49.97
33,1.9,11.25,0.12,50.07
33,2.0,11.76,0.14,49.92
33,2.1,12.25,0.15,50.1
33,2.2,12.74,0.16,49.96
33,2.3,13.23,0.18,50.01
33,2.4,13.71,0.19,49.9
33,2.5,14.18,0.2,49.92
33,2.6,14.64,0.22,49.92
33,2.7,15.1,0.23,49.94
33,2.8,15.55,0.25,50.15
33,2.9,16.0,0.26,50.11
33,3.01,16.44,0.28,50.05
33,3.11,16.87,0.29,49.93
33,3.21,17.3,0.31,49.92
33,3.31,17.73,0.33,49.9
33,3.41,18.14,0.35,49.97
33,3.51,18.56,0.36,50.03
33,3.61,18.97,0.38,50.06
33,3.71,19.37,0.4,50.0
33,3.81,19.77,0.42,50.06
33,3.91,20.16,0.44,50.09
33,4.01,20.55,0.46,49.96
33,4.11,20.94,0.47,50.11
33,4.21,21.32,0.49,49.9
33,4.31,21.69,0.51,50.06
33,4.41,22.06,0.53,50.0
33,4.51,22.43,0.55,50.02
33,4.61,22.79,0.58,49.96
33,4.71,23.15,0.6,50.12
33,4.81,23.51,0.62,49.94
33,4.91,23.86,0.64,50.14
33,5.01,24.21,0.66,50.14
33,5.11,24.55,0.68,50.05
33,5.21,24.89,0.7,49.97
33,5.31,25.22,0.73,49.92
33,5.41,25.56,0.75,49.8
33,5.51,25.89,0.77,50.05
33,5.61,26.21,0.79,49.89
33,5.71,26.53,0.82,49.9
33,5.81,26.85,0.84,50.06
33,5.91,27.17,0.86,49.96
33,6.01,27.48,0.89,50.02
33,6.11,27.79,0.91,50.05
33,6.21,28.1,0.94,50.16
33,6.31,28.4,0.96,50.02
33,6.41,28.7,0.99,49.95
33,6.51,29.0,1.01,49.99
33,6.61,29.29,1.03,49.94
33,6.71,29.58,1.06,50.19
33,6.81,29.87,1.09,50.04
33,6.91,30.15,1.11,50.06
33,7.01,30.44,1.14,50.14
33,7.11,30.72,1.16,49.92
33,7.21,30.99,1.19,49.86
33,7.31,31.27,1.21,50.0
33,7.41,31.54,1.24,49.86
33,7.51,31.81,1.27,49.96
33,7.61,32.08,1.29,49.78
33,7.71,32.34,1.32,49.86
33,7.81,32.61,1.35,50.12
33,7.91,32.87,1.37,50.04
33,8.01,33.12,1.4,50.18
33,8.11,33.38,1.43,50.0
33,8.21,33.63,1.45,49.99
33,8.31,33.88,1.48,50.02
33,8.41,34.13,1.51,50.36
33,8.51,34.38,1.54,50.11
33,8.61,34.62,1.57,49.92
33,8.71,34.86,1.59,50.04
33,8.81,35.1,1.62,50.02
33,8.91,35.34,1.65,50.07
33,9.02,35.58,1.68,50.19
33,9.12,35.81,1.71,50.06
33,9.22,36.04,1.74,49.96
33,9.32,36.27,1.76,50.19
33,9.42,36.5,1.79,49.87
33,9.52,36.72,1.82,49.97
33,9.62,36.95,1.85,50.09
33,9.72,37.17,1.88,49.92
33,9.82,37.39,1.91,49.99
33,9.92,37.61,1.94,49.93
33,10.02,37.83,1.97,50.0
33,10.12,38.04,2.0,49.93
33,10.22,38.25,2.03,50.01
33,10.32,38.46,2.06,49.97
33,10.42,38.67,2.09,50.13
33,10.52,38.88,2.12,50.04
33,10.62,39.09,2.15,50.07
33,10.72,39.29,2.18,50.01
33,10.82,39.5,2.21,49.96
33,10.92,39.7,2.24,50.03
33,11.02,39.9,2.27,50.02
33,11.12,40.1,2.3,49.76
33,11.22,40.29,2.33,50.0
33,11.32,40.49,2.36,50.07
33,11.42,40.68,2.39,49.93
33,11.52,40.87,2.43,50.09
33,11.62,41.06,2.46,50.04
33,11.72,41.25,2.49,49.96
33,11.82,41.44,2.52,50.05
33,11.92,41.63,2.55,49.96
33,12.02,41.81,2.58,50.03
33,12.12,41.99,2.61,49.97
33,12.22,42.18,2.65,50.05
33,12.32,42.36,2.68,50.13
33,12.42,42.53,2.71,49.96
33,12.52,42.71,2.74,50.09
33,12.62,42.89,2.77,49.97
33,12.72,43.06,2.81,49.97
33,12.82,43.24,2.84,49.96
33,12.92,43.41,2.87,49.83
33,13.02,43.58,2.9,50.05
33,13.12,43.75,2.94,50.03
33,13.22,43.92,2.97,50.02
33,13.32,44.09,3.0,50.16
33,13.42,44.25,3.03,50.17
33,13.52,44.42,3.07,50.13
33,13.62,44.58,3.1,49.98
33,13.72,44.75,3.13,49.97
33,13.82,44.91,3.17,49.9
33,13.92,45.07,3.2,50.01
33,14.02,45.23,3.23,50.0
33,14.12,45.39,3.26,50.05
33,14.22,45.54,3.3,49.89
33,14.32,45.7,3.33,49.96
33,14.42,45.85,3.36,49.83
33,14.52,46.01,3.4,49.93
33,14.62,46.16,3.43,50.09
33,14.72,46.31,3.47,49.89
33,14.82,46.46,3.5,50.17
33,14.92,46.61,3.53,50.1
33,15.03,46.76,3.57,50.05
33,15.13,46.91,3.6,50.13
33,15.23,47.05,3.63,49.99
33,15.33,47.2,3.67,49.93
33,15.43,47.34,3.7,49.99
33,15.53,47.49,3.74,49.83
33,15.63,47.63,3.77,50.12
33,15.73,47.77,3.8,49.97
33,15.83,47.91,3.84,49.92
33,15.93,48.05,3.87,49.94
33,16.03,48.19,3.91,50.0
33,16.13,48.32,3.94,50.01
33,16.23,48.46,3.98,49.99
33,16.33,48.6,4.01,49.98
33,16.43,48.73,4.05,50.05
33,16.53,48.87,4.08,49.89
33,16.63,49.0,4.12,50.02
33,16.73,49.13,4.15,49.97
33,16.83,49.26,4.18,49.8
33,16.93,49.39,4.22,49.89
33,17.03,49.52,4.25,49.92
33,17.13,49.65,4.29,50.17
33,17.23,49.78,4.32,50.05
33,17.33,49.9,4.36,50.03
33,17.43,50.03,4.4,49.95
33,17.53,50.15,4.43,49.95
33,17.63,50.28,4.47,49.88
33,17.73,50.4,4.5,49.97
33,17.83,50.53,4.54,50.14
33,17.93,50.65,4.57,49.87
33,18.03,50.77,4.61,49.94
33,18.13,50.89,4.64,50.09
33,18.23,51.01,4.68,50.09
33,18.33,51.13,4.71,49.93
33,18.43,51.24,4.75,50.12
33,18.53,51.36,4.79,49.96
33,18.63,51.48,4.82,49.89
33,18.73,51.59,4.86,50.15
33,18.83,51.71,4.89,50.01
33,18.93,51.82,4.93,49.98
33,19.03,51.94,4.96,50.02
33,19.13,52.05,5.0,49.9
33,19.23,52.16,5.04,49.94
33,19.33,52.27,5.07,50.14
33,19.43,52.38,5.11,50.19
33,19.53,52.49,5.14,49.89
33,19.63,52.6,5.18,49.96
33,19.73,52.71,5.22,50.0
33,19.83,52.82,5.25,50.02
33,19.93,52.92,5.29,49.9
33,20.03,53.03,5.33,50.07
33,20.13,53.14,5.36,50.07
33,20.23,53.24,5.4,50.09
33,20.33,53.35,5.44,50.08
33,20.43,53.45,5.47,50.01
33,20.53,53.55,5.51,50.1
33,20.63,53.66,5.55,50.05
33,20.73,53.76,5.58,49.85
33,20.83,53.86,5.62,49.85
33,20.93,53.96,5.66,50.03
33,21.04,54.06,5.69,50.13
33,21.14,54.16,5.73,50.04
33,21.24,54.26,5.77,50.06
33,21.34,54.35,5.8,49.89
33,21.44,54.45,5.84,50.01
33,21.54,54.55,5.88,50.11
33,21.64,54.64,5.91,50.04
33,21.74,54.74,5.95,50.01
33,21.84,54.83,5.99,50.06
33,21.94,54.93,6.02,50.02
33,22.04,55.02,6.06,50.12
33,22.14,55.12,6.1,50.02
33,22.24,55.21,6.14,50.0
33,22.34,55.3,6.17,49.9
33,22.44,55.39,6.21,50.12
33,22.54,55.48,6.25,49.91
33,22.64,55.57,6.29,50.02
33,22.74,55.66,6.32,50.08
33,22.84,55.75,6.36,50.18
33,22.94,55.84,6.4,50.02
33,23.04,55.93,6.44,50.14
33,23.14,56.02,6.47,50.0
33,23.24,56.1,6.51,49.94
33,23.34,56.19,6.55,50.28
33,23.44,56.28,6.59,49.88
33,23.54,56.36,6.62,50.29
33,23.64,56.45,6.66,50.16
33,23.74,56.53,6.7,49.94
33,23.84,56.62,6.74,50.06
33,23.94,56.7,6.77,49.86
33,24.04,56.78,6.81,50.06
33,24.14,56.86,6.85,50.03
33,24.24,56.95,6.89,50.09
33,24.34,57.03,6.93,49.96
33,24.44,57.11,6.96,50.02
33,24.54,57.19,7.0,50.05
33,24.64,57.27,7.04,49.95
33,24.74,57.35,7.08,50.14
33,24.84,57.43,7.12,50.01
33,24.94,57.5,7.15,50.03
33,25.04,57.58,7.19,49.92
33,25.14,57.66,7.23,49.83
33,25.24,57.74,7.27,49.87
33,25.34,57.81,7.31,50.06
33,25.44,57.89,7.34,49.92
33,25.54,57.97,7.38,50.07
33,25.64,58.04,7.42,50.17
33,25.74,58.12,7.46,50.08
33,25.84,58.19,7.5,50.04
33,25.94,58.26,7.54,50.07
33,26.04,58.34,7.57,50.11
33,26.14,58.41,7.61,50.03
33,26.24,58.48,7.65,50.07
33,26.34,58.55,7.69,49.94
33,26.44,58.63,7.73,49.9
33,26.54,58.7,7.77,49.95
33,26.64,58.77,7.81,49.97
33,26.74,58.84,7.84,49.96
33,26.84,58.91,7.88,50.11
33,26.94,58.98,7.92,49.73
33,27.05,59.05,7.96,49.98
33,27.15,59.11,8.0,50.07
33,27.25,59.18,8.04,50.07
33,27.35,59.25,8.08,49.92
33,27.45,59.32,8.11,50.17
33,27.55,59.38,8.15,49.86
33,27.65,59.45,8.19,49.97
33,27.75,59.52,8.23,49.97
33,27.85,59.58,8.27,49.97
33,27.95,59.65,8.31,50.14
33,28.05,59.71,8.35,50.0
33,28.15,59.78,8.39,50.03
33,28.25,59.84,8.43,50.09
33,28.35,59.91,8.46,49.94
33,28.45,59.97,8.5,49.98
33,28.55,60.03,8.54,50.17
33,28.65,60.09,8.58,50.04
33,28.75,60.16,8.62,49.89
33,28.85,60.22,8.66,49.91
33,28.95,60.28,8.7,50.09
33,29.05,60.34,8.74,49.89
33,29.15,60.4,8.78,49.95
33,29.25,60.46,8.82,50.02
33,29.35,60.52,8.86,50.0
33,29.45,60.58,8.89,50.15
33,29.55,60.64,8.93,49.75
33,29.65,60.7,8.97,50.05
33,29.75,60.76,9.01,49.97
33,29.85,60.82,9.05,50.13
33,29.95,60.87,9.09,49.98
33,30.05,60.93,9.13,49.98
33,30.15,60.99,9.17,50.0
33,30.25,61.04,9.21,49.93
33,30.35,61.1,9.25,49.94
33,30.45,61.16,9.29,49.99
33,30.55,61.21,9.33,50.16
33,30.65,61.27,9.37,49.95
33,30.75,61.32,9.41,49.93
33,30.85,61.38,9.45,49.96
33,30.95,61.43,9.49,50.0
33,31.05,61.49,9.53,50.18
33,31.15,61.54,9.57,49.92
33,31.25,61.59,9.6,50.25
33,31.35,61.65,9.64,50.05
33,31.45,61.7,9.68,49.9
33,31.55,61.75,9.72,49.95
33,31.65,61.8,9.76,49.81
33,31.75,61.85,9.8,50.01
33,31.85,61.91,9.84,50.11
33,31.95,61.96,9.88,50.0
33,32.05,62.01,9.92,50.08
33,32.15,62.06,9.96,50.04
33,32.25,62.11,10.0,50.12
33,32.35,62.16,10.04,49.9
33,32.45,62.21,10.08,50.09
33,32.55,62.26,10.12,50.19
33,32.65,62.31,10.16,50.26
33,32.75,62.35,10.2,50.14
33,32.85,62.4,10.24,50.02
33,32.95,62.45,10.28,49.9
33,33.06,62.5,10.32,49.92
33,33.16,62.54,10.36,49.98
33,33.26,62.59,10.4,50.19
33,33.36,62.64,10.44,49.95
33,33.46,62.68,10.48,50.02
33,33.56,62.73,10.52,50.09
33,33.66,62.78,10.56,49.67
33,33.76,62.82,10.6,49.89
33,33.86,62.87,10.64,50.2
33,33.96,62.91,10.68,50.1
33,34.06,62.96,10.72,50.1
33,34.16,63.0,10.76,49.91
33,34.26,63.05,10.8,50.15
33,34.36,63.09,10.84,49.92
33,34.46,63.13,10.88,50.01
33,34.56,63.18,10.92,50.07
33,34.66,63.22,10.96,50.08
33,34.76,63.26,11.0,50.05
33,34.86,63.3,11.04,49.98
33,34.96,63.35,11.08,49.82
33,35.06,63.39,11.12,50.01
33,35.16,63.43,11.16,49.78
33,35.26,63.47,11.21,50.06
33,35.36,63.51,11.25,49.9
33,35.46,63.55,11.29,49.98
33,35.56,63.59,11.33,49.95
33,35.66,63.63,11.37,50.06
33,35.76,63.67,11.41,49.92
33,35.86,63.71,11.45,50.03
33,35.96,63.75,11.49,50.02
33,36.06,63.79,11.53,50.01
33,36.16,63.83,11.57,50.04
33,36.26,63.87,11.61,49.88
33,36.36,63.91,11.65,49.88
33,36.46,63.95,11.69,50.14
33,36.56,63.99,11.73,49.85
33,36.66,64.02,11.77,50.22
33,36.76,64.06,11.81,49.99
33,36.86,64.1,11.85,49.91
33,36.96,64.13,11.89,50.09
33,37.06,64.17,11.93,49.94
33,37.16,64.21,11.97,50.03
33,37.26,64.24,12.02,50.12
33,37.36,64.28,12.06,50.07
33,37.46,64.32,12.1,50.04
33,37.56,64.35,12.14,50.07
33,37.66,64.39,12.18,50.0
33,37.76,64.42,12.22,50.08
33,37.86,64.46,12.26,49.89
33,37.96,64.49,12.3,50.15
33,38.06,64.52,12.34,49.98
33,38.16,64.56,12.38,50.02
33,38.26,64.59,12.42,49.97
33,38.36,64.63,12.46,50.06
33,38.46,64.66,12.5,50.11
33,38.56,64.69,12.55,49.9
33,38.66,64.73,12.59,49.99
33,38.76,64.76,12.63,50.02
33,38.86,64.79,12.67,50.04
33,38.96,64.82,12.71,49.97
33,39.07,64.85,12.75,49.96
33,39.17,64.89,12.79,50.09
33,39.27,64.92,12.83,50.05
33,39.37,64.95,12.87,50.02
33,39.47,64.98,12.91,50.12
33,39.57,65.01,12.95,49.87
33,39.67,65.04,13.0,50.08
33,39.77,65.07,13.04,50.04
33,39.87,65.1,13.08,49.85
33,39.97,65.13,13.12,50.12
33,40.07,65.16,13.16,50.06
33,40.17,65.19,13.2,50.07
33,40.27,65.22,13.24,49.97
33,40.37,65.25,13.28,50.08
33,40.47,65.28,13.32,49.93
33,40.57,65.31,13.37,49.87
33,40.67,65.34,13.41,50.0
33,40.77,65.36,13.45,50.07
33,40.87,65.39,13.49,50.1
33,40.97,65.42,13.53,50.02
33,41.07,65.45,13.57,50.01
33,41.17,65.47,13.61,50.1
33,41.27,65.5,13.65,49.97
33,41.37,65.53,13.7,49.94
33,41.47,65.56,13.74,50.16
33,41.57,65.58,13.78,49.97
33,41.67,65.61,13.82,50.09
33,41.77,65.63,13.86,50.14
33,41.87,65.66,13.9,50.02
33,41.97,65.69,13.94,50.03
33,42.07,65.71,13.98,50.18
33,42.17,65.74,14.03,49.87
33,42.27,65.76,14.07,49.87
33,42.37,65.79,14.11,50.08
33,42.47,65.81,14.15,49.96
33,42.57,65.84,14.19,50.09
33,42.67,65.86,14.23,49.99
33,42.77,65.89,14.27,50.08
33,42.87,65.91,14.32,49.91
33,42.97,65.93,14.36,50.06
33,43.07,65.96,14.4,49.95
33,43.17,65.98,14.44,50.07
33,43.27,66.0,14.48,50.24
33,43.37,66.03,14.52,49.92
33,43.47,66.05,14.56,49.96
33,43.57,66.07,14.61,49.99
33,43.67,66.09,14.65,50.03
33,43.77,66.12,14.69,49.77
33,43.87,66.14,14.73,50.0
33,43.97,66.16,14.77,49.98
33,44.07,66.18,14.81,49.98
33,44.17,66.2,14.85,50.03
33,44.27,66.23,14.9,50.04
33,44.37,66.25,14.94,50.03
33,44.47,66.27,14.98,49.89
33,44.57,66.29,15.02,49.97
33,44.67,66.31,15.06,49.97
33,44.77,66.33,15.1,50.05
33,44.87,66.35,15.15,49.9
33,44.97,66.37,15.19,50.02
33,45.08,66.39,15.23,50.16
33,45.18,66.41,15.27,49.73
33,45.28,66.43,15.31,49.98
33,45.38,66.45,15.35,49.8
33,45.48,66.47,15.4,50.0
33,45.58,66.49,15.44,50.08
33,45.68,66.51,15.48,49.95
33,45.78,66.53,15.52,50.09
33,45.88,66.54,15.56,50.14
33,45.98,66.56,15.6,50.04
33,46.08,66.58,15.65,49.95
33,46.18,66.6,15.69,50.05
33,46.28,66.62,15.73,50.17
33,46.38,66.63,15.77,49.87
33,46.48,66.65,15.81,50.11
33,46.58,66.67,15.86,49.87
33,46.68,66.69,15.9,49.85
33,46.78,66.7,15.94,49.88
33,46.88,66.72,15.98,50.0
33,46.98,66.74,16.02,50.13
33,47.08,66.75,16.06,49.8
33,47.18,66.77,16.11,50.1
33,47.28,66.79,16.15,49.98
33,47.38,66.8,16.19,49.89
33,47.48,66.82,16.23,50.06
33,47.58,66.83,16.27,49.95
33,47.68,66.85,16.32,50.23
33,47.78,66.87,16.36,50.05
33,47.88,66.88,16.4,50.01
33,47.98,66.9,16.44,50.06
33,48.08,66.91,16.48,50.13
33,48.18,66.93,16.53,50.14
33,48.28,66.94,16.57,50.09
33,48.38,66.95,16.61,50.14
33,48.48,66.97,16.65,50.12
33,48.58,66.98,16.69,50.09
33,48.68,67.0,16.74,49.96
33,48.78,67.01,16.78,50.13
33,48.88,67.02,16.82,49.96
33,48.98,67.04,16.86,50.03
33,49.08,67.05,16.9,49.96
33,49.18,67.07,16.95,50.07
33,49.28,67.08,16.99,50.13
33,49.38,67.09,17.03,49.96
33,49.48,67.1,17.07,49.86
33,49.58,67.12,17.11,50.1
33,49.68,67.13,17.16,50.1
33,49.78,67.14,17.2,50.16
33,49.88,67.15,17.24,50.09
33,49.98,67.17,17.28,50.09
33,50.08,67.18,17.33,49.93
33,50.18,67.19,17.37,50.07
33,50.28,67.2,17.41,50.21
33,50.38,67.21,17.45,49.94
33,50.48,67.22,17.49,49.88
33,50.58,67.24,17.54,50.01
33,50.68,67.25,17.58,50.09
33,50.78,67.26,17.62,50.02
33,50.88,67.27,17.66,50.18
33,50.98,67.28,17.71,49.91
33,51.09,67.29,17.75,49.85
33,51.19,67.3,17.79,50.14
33,51.29,67.31,17.83,49.86
33,51.39,67.32,17.87,50.03
33,51.49,67.33,17.92,50.14
33,51.59,67.34,17.96,50.02
33,51.69,67.35,18.0,49.93
33,51.79,67.36,18.04,50.13
33,51.89,67.37,18.09,50.02
33,51.99,67.38,18.13,49.98
33,52.09,67.39,18.17,50.16
33,52.19,67.4,18.21,49.96
33,52.29,67.4,18.25,49.94
33,52.39,67.41,18.3,49.91
33,52.49,67.42,18.34,50.12
33,52.59,67.43,18.38,50.04
33,52.69,67.44,18.42,49.95
33,52.79,67.45,18.47,49.86
33,52.89,67.45,18.51,50.14
33,52.99,67.46,18.55,49.95
33,53.09,67.47,18.59,49.82
33,53.19,67.48,18.64,50.01
33,53.29,67.49,18.68,50.1
33,53.39,67.49,18.72,50.07
33,53.49,67.5,18.76,50.01
33,53.59,67.51,18.81,49.96
33,53.69,67.51,18.85,49.94
33,53.79,67.52,18.89,50.13
33,53.89,67.53,18.93,49.8
33,53.99,67.53,18.98,49.91
33,54.09,67.54,19.02,49.99
33,54.19,67.55,19.06,49.8
33,54.29,67.55,19.1,49.98
33,54.39,67.56,19.15,49.88
33,54.49,67.57,19.19,50.05
33,54.59,67.57,19.23,49.94
33,54.69,67.58,19.27,49.96
33,54.79,67.58,19.32,49.94
33,54.89,67.59,19.36,50.07
33,54.99,67.59,19.4,49.99
33,55.09,67.6,19.44,50.09
33,55.19,67.6,19.49,50.12
33,55.29,67.61,19.53,49.97
33,55.39,67.61,19.57,49.93
33,55.49,67.62,19.61,49.96
33,55.59,67.62,19.66,50.27
33,55.69,67.63,19.7,49.94
33,55.79,67.63,19.74,49.98
33,55.89,67.64,19.78,50.02
33,55.99,67.64,19.83,50.05
33,56.09,67.64,19.87,50.01
33,56.19,67.65,19.91,50.18
33,56.29,67.65,19.96,50.02
33,56.39,67.66,20.0,49.99
33,56.49,67.66,20.04,50.1
33,56.59,67.66,20.08,49.91
33,56.69,67.67,20.13,50.05
33,56.79,67.67,20.17,49.96
33,56.89,67.67,20.21,50.13
33,56.99,67.67,20.25,50.14
33,57.1,67.68,20.3,49.98
33,57.2,67.68,20.34,49.91
33,57.3,67.68,20.38,49.81
33,57.4,67.69,20.43,50.02
33,57.5,67.69,20.47,49.79
33,57.6,67.69,20.51,49.99
33,57.7,67.69,20.55,49.94
33,57.8,67.69,20.6,50.06
33,57.9,67.7,20.64,50.0
33,58.0,67.7,20.68,49.94
33,58.1,67.7,20.72,50.08
33,58.2,67.7,20.77,49.89
33,58.3,67.7,20.81,50.06
33,58.4,67.7,20.85,50.21
33,58.5,67.71,20.9,50.1
33,58.6,67.71,20.94,49.96
33,58.7,67.71,20.98,49.9
33,58.8,67.71,21.02,50.09
33,58.9,67.71,21.07,49.88
33,59.0,67.71,21.11,50.0
33,59.1,67.71,21.15,50.07
33,59.2,67.71,21.2,49.9
33,59.3,67.71,21.24,49.89
33,59.4,67.71,21.28,49.87
33,59.5,67.71,21.32,50.16
33,59.6,67.71,21.37,50.17
33,59.7,67.71,21.41,50.17
33,59.8,67.71,21.45,50.18
33,59.9,67.71,21.5,49.94
33,60.0,67.71,21.54,49.82
34,0.0,0.0,0.0,0.0
34,0.1,1.08,0.01,50.01
34,0.2,2.15,0.02,50.02
34,0.3,3.21,0.04,49.99
34,0.4,4.26,0.07,49.91
34,0.5,5.3,0.11,49.81
34,0.6,6.32,0.15,49.92
34,0.7,7.34,0.2,49.71
34,0.8,8.34,0.26,49.96
34,0.9,9.34,0.32,49.94
34,1.0,10.32,0.38,49.88
34,1.1,11.29,0.46,50.04
34,1.2,12.26,0.54,49.97
34,1.3,13.21,0.62,49.97
34,1.4,14.16,0.71,50.14
34,1.5,15.09,0.81,49.97
34,1.6,16.02,0.91,50.05
34,1.7,16.94,1.02,49.89
34,1.8,17.85,1.13,50.03
34,1.9,18.75,1.25,49.99
34,2.0,19.64,1.37,50.01
34,2.1,20.52,1.5,49.88
34,2.2,21.4,1.64,49.89
34,2.3,22.27,1.77,49.97
34,2.4,23.13,1.92,50.13
34,2.5,23.98,2.06,49.86
34,2.6,24.83,2.21,50.17
34,2.7,25.66,2.37,49.93
34,2.8,26.5,2.53,50.01
34,2.9,27.32,2.69,50.1
34,3.01,28.14,2.86,49.96
34,3.11,28.95,3.04,49.98
34,3.21,29.75,3.21,50.14
34,3.31,30.54,3.4,50.11
34,3.41,31.33,3.58,50.07
34,3.51,32.12,3.77,49.99
34,3.61,32.89,3.96,49.99
34,3.71,33.67,4.16,49.89
34,3.81,34.43,4.36,49.97
34,3.91,35.19,4.56,50.01
34,4.01,35.94,4.77,50.0
34,4.11,36.69,4.98,50.03
34,4.21,37.43,5.2,50.11
34,4.31,38.16,5.42,49.85
34,4.41,38.89,5.64,49.94
34,4.51,39.62,5.86,50.11
34,4.61,40.34,6.09,50.25
34,4.71,41.05,6.32,49.89
34,4.81,41.76,6.56,49.94
34,4.91,42.46,6.8,49.87
34,5.01,43.16,7.04,49.8
34,5.11,43.85,7.28,50.03
34,5.21,44.54,7.53,50.06
34,5.31,45.22,7.78,49.97
34,5.41,45.9,8.03,49.97
34,5.51,46.57,8.29,49.99
34,5.61,47.24,8.55,49.94
34,5.71,47.91,8.81,50.0
34,5.81,48.56,9.07,50.14
34,5.91,49.22,9.34,49.92
34,6.01,49.87,9.61,49.97
34,6.11,50.52,9.88,49.99
34,6.21,51.16,10.16,49.94
34,6.31,51.79,10.44,50.01
34,6.41,52.43,10.72,49.75
34,6.51,53.06,11.0,50.06
34,6.61,53.68,11.28,49.9
34,6.71,54.3,11.57,49.92
34,6.81,54.92,11.86,49.98
34,6.91,55.53,12.16,49.86
34,7.01,56.14,12.45,50.13
34,7.11,56.74,12.75,49.92
34,7.21,57.34,13.05,50.26
34,7.31,57.94,13.35,50.06
34,7.41,58.54,13.65,49.94
34,7.51,59.13,13.96,49.97
34,7.61,59.71,14.27,50.01
34,7.71,60.29,14.58,50.17
34,7.81,60.87,14.89,50.1
34,7.91,61.45,15.21,50.09
34,8.01,62.02,15.53,49.97
34,8.11,62.59,15.84,49.94
34,8.21,63.15,16.17,50.06
34,8.31,63.72,16.49,50.13
34,8.41,64.28,16.82,49.99
34,8.51,64.83,17.14,49.93
34,8.61,65.38,17.47,49.9
34,8.71,65.93,17.8,49.83
34,8.81,66.48,18.14,49.96
34,8.91,67.02,18.47,49.97
34,9.02,67.56,18.81,50.0
34,9.12,68.1,19.15,50.05
34,9.22,68.63,19.49,49.95
34,9.32,69.16,19.83,50.18
34,9.42,69.69,20.18,49.89
34,9.52,70.21,20.52,50.07
34,9.62,70.73,20.87,49.88
34,9.72,71.25,21.22,49.91
34,9.82,71.77,21.57,50.03
34,9.92,72.28,21.92,50.1
34,10.02,72.79,22.28,49.97
34,10.12,73.3,22.63,50.01
34,10.22,73.81,22.99,50.13
34,10.32,74.31,23.35,49.88
34,10.42,74.81,23.71,50.08
34,10.52,75.3,24.08,49.93
34,10.62,75.8,24.44,50.02
34,10.72,76.29,24.81,50.05
34,10.82,76.78,25.17,49.88
34,10.92,77.27,25.54,49.93
34,11.02,77.75,25.91,50.07
34,11.12,78.23,26.28,49.97
34,11.22,78.71,26.66,49.93
34,11.32,79.19,27.03,50.02
34,11.42,79.66,27.41,49.89
34,11.52,80.14,27.79,49.88
34,11.62,80.61,28.17,49.76
34,11.72,81.07,28.55,50.04
34,11.82,81.54,28.93,50.0
34,11.92,82.0,29.31,50.05
34,12.02,82.46,29.7,50.12
34,12.12,82.92,30.08,49.98
34,12.22,83.38,30.47,49.99
34,12.32,83.83,30.86,50.03
34,12.42,84.28,31.25,49.94
34,12.52,84.73,31.64,49.85
34,12.62,85.18,32.04,49.88
34,12.72,85.62,32.43,50.0
34,12.82,86.07,32.83,50.1
34,12.92,86.51,33.22,50.16
34,13.02,86.95,33.62,49.97
34,13.12,87.38,34.02,50.02
34,13.22,87.82,34.42,50.19
34,13.32,88.25,34.82,50.05
34,13.42,88.68,35.22,50.01
34,13.52,89.11,35.63,50.02
34,13.62,89.54,36.03,50.06
34,13.72,89.96,36.44,49.88
34,13.82,90.39,36.85,50.08
34,13.92,90.81,37.26,50.04
34,14.02,91.23,37.67,50.11
34,14.12,91.65,38.08,50.05
34,14.22,92.06,38.49,50.1
34,14.32,92.48,38.9,49.91
34,14.42,92.89,39.32,49.94
34,14.52,93.3,39.73,50.02
34,14.62,93.71,40.15,49.92
34,14.72,94.11,40.57,50.09
34,14.82,94.52,40.99,49.86
34,14.92,94.92,41.41,49.98
34,15.03,95.32,41.83,49.94
34,15.13,95.72,42.25,49.93
34,15.23,96.12,42.67,49.86
34,15.33,96.52,43.09,50.0
34,15.43,96.91,43.52,49.99
34,15.53,97.3,43.95,50.19
34,15.63,97.7,44.37,50.25
34,15.73,98.08,44.8,49.89
34,15.83,98.47,45.23,49.81
34,15.93,98.86,45.66,49.88
34,16.03,99.24,46.09,49.99
34,16.13,99.63,46.52,50.11
34,16.23,100.01,46.95,49.95
34,16.33,100.39,47.39,50.06
34,16.43,100.77,47.82,49.92
34,16.53,101.14,48.26,49.95
34,16.63,101.52,48.7,50.02
34,16.73,101.89,49.13,50.0
34,16.83,102.27,49.57,50.0
34,16.93,102.64,50.01,49.89
34,17.03,103.01,50.45,50.12
34,17.13,103.38,50.89,50.12
34,17.23,103.74,51.33,50.12
34,17.33,104.11,51.78,49.93
34,17.43,104.47,52.22,50.01
34,17.53,104.83,52.66,49.95
34,17.63,105.19,53.11,49.9
34,17.73,105.55,53.56,50.03
34,17.83,105.91,54.0,49.79
34,17.93,106.27,54.45,50.08
34,18.03,106.62,54.9,49.88
34,18.13,106.98,55.35,49.97
34,18.23,107.33,55.8,49.77
34,18.33,107.68,56.25,50.18
34,18.43,108.03,56.7,50.07
34,18.53,108.38,57.16,50.01
34,18.63,108.73,57.61,49.93
34,18.73,109.07,58.06,49.89
34,18.83,109.42,58.52,49.98
34,18.93,109.76,58.97,50.03
34,19.03,110.1,59.43,49.98
34,19.13,110.45,59.89,50.05
34,19.23,110.79,60.35,50.19
34,19.33,111.12,60.81,49.89
34,19.43,111.46,61.27,50.02
34,19.53,111.8,61.73,50.17
34,19.63,112.13,62.19,49.97
34,19.73,112.47,62.65,49.99
34,19.83,112.8,63.11,50.05
34,19.93,113.13,63.58,50.07
34,20.03,113.46,64.04,50.1
34,20.13,113.79,64.5,50.01
34,20.23,114.12,64.97,49.92
34,20.33,114.44,65.44,50.06
34,20.43,114.77,65.9,49.9
34,20.53,115.09,66.37,50.03
34,20.63,115.41,66.84,50.01
34,20.73,115.74,67.31,50.01
34,20.83,116.06,67.78,49.99
34,20.93,116.38,68.25,50.1
34,21.04,116.7,68.72,50.06
34,21.14,117.01,69.19,50.07
34,21.24,117.33,69.66,49.95
34,21.34,117.64,70.14,49.84
34,21.44,117.96,70.61,49.96
34,21.54,118.27,71.08,50.04
34,21.64,118.58,71.56,50.0
34,21.74,118.89,72.03,49.96
34,21.84,119.2,72.51,50.02
34,21.94,119.51,72.99,49.97
34,22.04,119.82,73.47,50.0
34,22.14,120.13,73.94,49.8
34,22.24,120.43,74.42,50.08
34,22.34,120.74,74.9,50.06
34,22.44,121.04,75.38,50.21
34,22.54,121.35,75.86,49.93
34,22.64,121.65,76.34,49.95
34,22.74,121.95,76.83,50.02
34,22.84,122.25,77.31,50.0
34,22.94,122.55,77.79,50.16
34,23.04,122.84,78.27,49.96
34,23.14,123.14,78.76,49.98
34,23.24,123.44,79.24,49.94
34,23.34,123.73,79.73,50.15
34,23.44,124.03,80.21,50.05
34,23.54,124.32,80.7,50.16
34,23.64,124.61,81.19,50.29
34,23.74,124.9,81.68,49.92
34,23.84,125.19,82.16,50.11
34,23.94,125.48,82.65,49.97
34,24.04,125.77,83.14,49.93
34,24.14,126.06,83.63,49.85
34,24.24,126.34,84.12,50.21
34,24.34,126.63,84.61,50.1
34,24.44,126.92,85.1,49.98
34,24.54,127.2,85.6,50.06
34,24.64,127.48,86.09,49.82
34,24.74,127.76,86.58,49.99
34,24.84,128.05,87.08,49.92
34,24.94,128.33,87.57,50.14
34,25.04,128.61,88.07,50.15
34,25.14,128.88,88.56,50.09
34,25.24,129.16,89.06,50.09
34,25.34,129.44,89.55,49.94
34,25.44,129.72,90.05,50.07
34,25.54,129.99,90.55,49.86
34,25.64,130.27,91.04,49.85
34,25.74,130.54,91.54,49.99
34,25.84,130.81,92.04,50.05
34,25.94,131.08,92.54,50.06
34,26.04,131.36,93.04,49.87
34,26.14,131.63,93.54,49.84
34,26.24,131.9,94.04,49.95
34,26.34,132.16,94.54,49.91
34,26.44,132.43,95.04,50.06
34,26.54,132.7,95.55,49.9
34,26.64,132.97,96.05,50.19
34,26.74,133.23,96.55,50.04
34,26.84,133.5,97.06,49.99
34,26.94,133.76,97.56,49.89
34,27.05,134.02,98.06,49.87
34,27.15,134.29,98.57,49.97
34,27.25,134.55,99.07,49.94
34,27.35,134.81,99.58,49.83
34,27.45,135.07,100.09,50.14
34,27.55,135.33,100.59,49.89
34,27.65,135.59,101.1,50.04
34,27.75,135.85,101.61,50.04
34,27.85,136.1,102.12,49.84
34,27.95,136.36,102.63,49.96
34,28.05,136.62,103.13,49.86
34,28.15,136.87,103.64,50.04
34,28.25,137.13,104.15,50.01
34,28.35,137.38,104.66,49.99
34,28.45,137.63,105.18,49.92
34,28.55,137.88,105.69,50.12
34,28.65,138.14,106.2,49.96
34,28.75,138.39,106.71,49.85
34,28.85,138.64,107.22,49.91
34,28.95,138.89,107.74,49.8
34,29.05,139.14,108.25,49.93
34,29.15,139.38,108.76,49.91
34,29.25,139.63,109.28,50.07
34,29.35,139.88,109.79,50.06
34,29.45,140.12,110.31,50.02
34,29.55,140.37,110.82,50.09
34,29.65,140.61,111.34,49.88
34,29.75,140.86,111.85,50.03
34,29.85,141.1,112.37,49.86
34,29.95,141.34,112.89,49.95
34,30.05,141.59,113.4,50.03
34,30.15,141.83,113.92,49.95
34,30.25,142.07,114.44,50.16
34,30.35,142.31,114.96,49.97
34,30.45,142.55,115.48,50.08
34,30.55,142.79,116.0,49.97
34,30.65,143.03,116.52,50.01
34,30.75,143.26,117.04,49.96
34,30.85,143.5,117.56,50.02
34,30.95,143.74,118.08,50.17
34,31.05,143.97,118.6,50.15
34,31.15,144.21,119.12,49.95
34,31.25,144.44,119.64,49.98
34,31.35,144.68,120.17,50.01
34,31.45,144.91,120.69,50.06
34,31.55,145.14,121.21,50.19
34,31.65,145.37,121.74,50.13
34,31.75,145.61,122.26,49.97
34,31.85,145.84,122.78,50.04
34,31.95,146.07,123.31,50.02
34,32.05,146.3,123.83,49.94
34,32.15,146.53,124.36,50.1
34,32.25,146.75,124.88,49.75
34,32.35,146.98,125.41,50.1
34,32.45,147.21,125.94,50.04
34,32.55,147.44,126.46,49.82
34,32.65,147.66,126.99,49.9
34,32.75,147.89,127.52,49.79
34,32.85,148.11,128.05,50.17
34,32.95,148.34,128.57,49.9
34,33.06,148.56,129.1,50.09
34,33.16,148.78,129.63,50.09
34,33.26,149.01,130.16,49.99
34,33.36,149.23,130.69,49.93
34,33.46,149.45,131.22,50.05
34,33.56,149.67,131.75,50.02
34,33.66,149.89,132.28,50.09
34,33.76,150.11,132.81,49.88
34,33.86,150.33,133.34,50.1
34,33.96,150.55,133.87,50.13
34,34.06,150.77,134.41,49.97
34,34.16,150.99,134.94,49.9
34,34.26,151.2,135.47,49.95
34,34.36,151.42,136.0,49.94
34,34.46,151.64,136.54,49.98
34,34.56,151.85,137.07,49.93
34,34.66,152.07,137.6,50.05
34,34.76,152.28,138.14,50.06
34,34.86,152.5,138.67,49.96
34,34.96,152.71,139.21,49.8
34,35.06,152.92,139.74,50.04
34,35.16,153.14,140.28,49.85
34,35.26,153.35,140.81,50.02
34,35.36,153.56,141.35,50.01
34,35.46,153.77,141.88,49.97
34,35.56,153.98,142.42,50.06
34,35.66,154.19,142.96,50.04
34,35.76,154.4,143.49,50.04
34,35.86,154.61,144.03,50.08
34,35.96,154.82,144.57,49.96
34,36.06,155.03,145.11,49.96
34,36.16,155.24,145.65,50.11
34,36.26,155.44,146.18,50.06
34,36.36,155.65,146.72,49.95
34,36.46,155.86,147.26,49.8
34,36.56,156.06,147.8,50.04
34,36.66,156.27,148.34,50.05
34,36.76,156.47,148.88,49.88
34,36.86,156.68,149.42,49.92
34,36.96,156.88,149.96,49.96
34,37.06,157.08,150.5,50.05
34,37.16,157.29,151.05,50.25
34,37.26,157.49,151.59,50.11
34,37.36,157.69,152.13,49.85
34,37.46,157.89,152.67,49.96
34,37.56,158.09,153.21,49.99
34,37.66,158.29,153.76,50.05
34,37.76,158.49,154.3,49.92
34,37.86,158.69,154.84,50.06
34,37.96,158.89,155.39,49.95
34,38.06,159.09,155.93,50.06
34,38.16,159.29,156.47,50.01
34,38.26,159.49,157.02,50.2
34,38.36,159.68,157.56,50.1
34,38.46,159.88,158.11,50.13
34,38.56,160.08,158.65,49.89
34,38.66,160.27,159.2,49.95
34,38.76,160.47,159.74,50.03
34,38.86,160.66,160.29,49.88
34,38.96,160.86,160.83,50.1
34,39.07,161.05,161.38,50.01
34,39.17,161.25,161.93,50.11
34,39.27,161.44,162.47,50.05
34,39.37,161.63,163.02,50.0
34,39.47,161.83,163.57,49.99
34,39.57,162.02,164.12,49.92
34,39.67,162.21,164.66,49.92
34,39.77,162.4,165.21,50.09
34,39.87,162.59,165.76,50.07
34,39.97,162.78,166.31,50.12
34,40.07,162.97,166.86,49.95
34,40.17,163.16,167.41,50.11
34,40.27,163.35,167.96,49.98
34,40.37,163.54,168.51,50.06
34,40.47,163.73,169.06,50.13
34,40.57,163.92,169.61,50.21
34,40.67,164.1,170.16,50.11
34,40.77,164.29,170.71,50.02
34,40.87,164.48,171.26,50.06
34,40.97,164.67,171.81,50.12
34,41.07,164.85,172.36,50.07
34,41.17,165.04,172.91,49.96
34,41.27,165.22,173.47,50.06
34,41.37,165.41,174.02,50.13
34,41.47,165.59,174.57,50.18
34,41.57,165.78,175.12,50.01
34,41.67,165.96,175.68,49.89
34,41.77,166.14,176.23,49.82
34,41.87,166.33,176.78,50.08
34,41.97,166.51,177.34,49.85
34,42.07,166.69,177.89,50.03
34,42.17,166.87,178.44,50.11
34,42.27,167.05,179.0,49.98
34,42.37,167.23,179.55,49.85
34,42.47,167.41,180.11,49.87
34,42.57,167.59,180.66,49.91
34,42.67,167.77,181.22,49.99
34,42.77,167.95,181.77,50.12
34,42.87,168.13,182.33,50.0
34,42.97,168.31,182.88,50.22
34,43.07,168.49,183.44,50.1
34,43.17,168.67,184.0,50.03
34,43.27,168.85,184.55,49.99
34,43.37,169.02,185.11,49.95
34,43.47,169.2,185.67,50.01
34,43.57,169.38,186.22,50.05
34,43.67,169.55,186.78,50.03
34,43.77,169.73,187.34,49.95
34,43.87,169.9,187.9,49.9
34,43.97,170.08,188.45,50.19
34,44.07,170.25,189.01,50.06
34,44.17,170.43,189.57,50.04
34,44.27,170.6,190.13,50.05
34,44.37,170.78,190.69,50.11
34,44.47,170.95,191.25,49.95
34,44.57,171.12,191.81,49.99
34,44.67,171.3,192.37,49.92
34,44.77,171.47,192.93,50.0
34,44.87,171.64,193.49,49.93
34,44.97,171.81,194.05,49.9
34,45.08,171.98,194.61,49.84
34,45.18,172.15,195.17,50.17
34,45.28,172.32,195.73,49.97
34,45.38,172.49,196.29,50.05
34,45.48,172.66,196.85,50.01
34,45.58,172.83,197.41,50.05
34,45.68,173.0,197.97,49.8
34,45.78,173.17,198.54,49.95
34,45.88,173.34,199.1,50.12
34,45.98,173.51,199.66,50.19
34,46.08,173.68,200.22,49.96
34,46.18,173.84,200.78,49.98
34,46.28,174.01,201.35,50.11
34,46.38,174.18,201.91,50.04
34,46.48,174.35,202.47,50.0
34,46.58,174.51,203.04,49.99
34,46.68,174.68,203.6,49.94
34,46.78,174.84,204.16,49.94
34,46.88,175.01,204.73,50.01
34,46.98,175.17,205.29,50.03
34,47.08,175.34,205.86,50.04
34,47.18,175.5,206.42,49.93
34,47.28,175.67,206.99,50.13
34,47.38,175.83,207.55,49.84
34,47.48,175.99,208.12,50.05
34,47.58,176.16,208.68,49.95
34,47.68,176.32,209.25,49.91
34,47.78,176.48,209.81,49.97
34,47.88,176.64,210.38,49.84
34,47.98,176.81,210.94,50.04
34,48.08,176.97,211.51,50.16
34,48.18,177.13,212.08,49.94
34,48.28,177.29,212.64,50.24
34,48.38,177.45,213.21,49.91
34,48.48,177.61,213.78,49.96
34,48.58,177.77,214.34,50.14
34,48.68,177.93,214.91,49.88
34,48.78,178.09,215.48,49.98
34,48.88,178.25,216.05,50.17
34,48.98,178.41,216.62,49.88
34,49.08,178.57,217.18,50.06
34,49.18,178.73,217.75,50.05
34,49.28,178.88,218.32,49.81
34,49.38,179.04,218.89,49.94
34,49.48,179.2,219.46,50.24
34,49.58,179.36,220.03,50.02
34,49.68,179.51,220.6,50.04
34,49.78,179.67,221.16,50.02
34,49.88,179.83,221.73,50.2
34,49.98,179.98,222.3,49.9
34,50.08,180.14,222.87,49.93
34,50.18,180.29,223.44,49.99
34,50.28,180.45,224.01,50.06
34,50.38,180.6,224.58,50.02
34,50.48,180.76,225.15,50.02
34,50.58,180.91,225.73,49.94
34,50.68,181.07,226.3,50.06
34,50.78,181.22,226.87,49.81
34,50.88,181.37,227.44,49.95
34,50.98,181.53,228.01,49.92
34,51.09,181.68,228.58,49.89
34,51.19,181.83,229.15,49.82
34,51.29,181.98,229.72,50.02
34,51.39,182.14,230.3,50.04
34,51.49,182.29,230.87,50.04
34,51.59,182.44,231.44,50.09
34,51.69,182.59,232.01,50.11
34,51.79,182.74,232.59,49.8
34,51.89,182.89,233.16,50.06
34,51.99,183.04,233.73,50.02
34,52.09,183.19,234.31,50.02
34,52.19,183.34,234.88,49.99
34,52.29,183.49,235.45,49.94
34,52.39,183.64,236.03,50.05
34,52.49,183.79,236.6,49.9
34,52.59,183.94,237.17,50.11
34,52.69,184.09,237.75,49.95
34,52.79,184.24,238.32,49.8
34,52.89,184.38,238.9,50.01
34,52.99,184.53,239.47,49.88
34,53.09,184.68,240.05,49.88
34,53.19,184.83,240.62,50.07
34,53.29,184.97,241.2,50.09
34,53.39,185.12,241.77,49.99
34,53.49,185.27,242.35,49.8
34,53.59,185.41,242.92,50.05
34,53.69,185.56,243.5,49.97
34,53.79,185.71,244.07,50.14
34,53.89,185.85,244.65,50.2
34,53.99,186.0,245.23,49.85
34,54.09,186.14,245.8,50.25
34,54.19,186.29,246.38,49.84
34,54.29,186.43,246.96,49.95
34,54.39,186.57,247.53,50.1
34,54.49,186.72,248.11,49.93
34,54.59,186.86,248.69,49.92
34,54.69,187.01,249.26,49.83
34,54.79,187.15,249.84,49.87
34,54.89,187.29,250.42,49.92
34,54.99,187.43,251.0,50.08
34,55.09,187.58,251.57,50.17
34,55.19,187.72,252.15,49.92
34,55.29,187.86,252.73,49.96
34,55.39,188.0,253.31,49.9
34,55.49,188.14,253.89,49.85
34,55.59,188.29,254.47,49.85
34,55.69,188.43,255.04,49.87
34,55.79,188.57,255.62,49.99
34,55.89,188.71,256.2,49.94
34,55.99,188.85,256.78,49.96
34,56.09,188.99,257.36,50.04
34,56.19,189.13,257.94,49.99
34,56.29,189.27,258.52,49.88
34,56.39,189.41,259.1,50.1
34,56.49,189.55,259.68,49.8
34,56.59,189.69,260.26,49.92
34,56.69,189.82,260.84,50.17
34,56.79,189.96,261.42,50.03
34,56.89,190.1,262.0,49.82
34,56.99,190.24,262.58,49.84
34,57.1,190.38,263.16,49.97
34,57.2,190.51,263.74,49.95
34,57.3,190.65,264.32,50.07
34,57.4,190.79,264.9,50.11
34,57.5,190.93,265.48,49.95
34,57.6,191.06,266.07,49.99
34,57.7,191.2,266.65,49.9
34,57.8,191.34,267.23,49.98
34,57.9,191.47,267.81,49.9
34,58.0,191.61,268.39,50.0
34,58.1,191.74,268.97,49.94
34,58.2,191.88,269.56,50.06
34,58.3,192.01,270.14,50.1
34,58.4,192.15,270.72,50.13
34,58.5,192.28,271.3,50.0
34,58.6,192.42,271.89,50.06
34,58.7,192.55,272.47,49.95
34,58.8,192.69,273.05,49.92
34,58.9,192.82,273.64,49.86
34,59.0,192.95,274.22,50.04
34,59.1,193.09,274.8,49.79
34,59.2,193.22,275.39,50.09
34,59.3,193.35,275.97,49.96
34,59.4,193.49,276.55,49.97
34,59.5,193.62,277.14,50.07
34,59.6,193.75,277.72,49.82
34,59.7,193.88,278.31,49.98
34,59.8,194.01,278.89,50.16
34,59.9,194.15,279.47,49.97
34,60.0,194.28,280.06,49.87
35,0.0,0.0,0.0,0.0
35,0.1,0.81,0.01,49.97
35,0.2,1.57,0.03,49.86
35,0.3,2.29,0.07,49.77
35,0.4,2.96,0.11,50.08
35,0.5,3.6,0.16,50.1
35,0.6,4.2,0.21,50.04
35,0.7,4.77,0.28,50.09
35,0.8,5.3,0.35,49.96
35,0.9,5.8,0.44,50.14
35,1.0,6.27,0.52,49.94
35,1.1,6.71,0.62,50.0
35,1.2,7.13,0.72,49.92
35,1.3,7.52,0.82,49.86
35,1.4,7.89,0.93,49.94
35,1.5,8.23,1.05,50.22
35,1.6,8.55,1.17,50.15
35,1.7,8.86,1.29,50.08
35,1.8,9.14,1.42,49.96
35,1.9,9.4,1.56,49.95
35,2.0,9.64,1.7,50.17
35,2.1,9.86,1.84,50.0
35,2.2,10.07,1.99,50.08
35,2.3,10.26,2.14,49.94
35,2.4,10.44,2.29,49.97
35,2.5,10.6,2.45,50.08
35,2.6,10.74,2.61,49.93
35,2.7,10.87,2.77,50.03
35,2.8,10.99,2.94,49.93
35,2.9,11.1,3.11,50.05
35,3.01,11.19,3.28,49.93
35,3.11,11.27,3.46,50.18
35,3.21,11.33,3.63,49.99
35,3.31,11.39,3.82,50.08
35,3.41,11.43,4.0,50.0
35,3.51,11.46,4.18,49.95
35,3.61,11.49,4.37,50.06
35,3.71,11.5,4.56,50.12
35,3.81,11.5,4.76,49.86
35,3.91,11.49,4.95,50.01
35,4.01,11.48,5.15,49.99
35,4.11,11.45,5.35,50.02
35,4.21,11.42,5.55,50.14
35,4.31,11.37,5.75,50.08
35,4.41,11.32,5.95,50.12
35,4.51,11.26,6.16,50.03
35,4.61,11.2,6.37,49.96
35,4.71,11.12,6.58,49.76
35,4.81,11.04,6.79,50.14
35,4.91,10.95,7.0,49.75
35,5.01,10.85,7.22,50.16
35,5.11,10.75,7.44,50.07
35,5.21,10.64,7.65,50.2
35,5.31,10.52,7.87,50.03
35,5.41,10.4,8.09,50.05
35,5.51,10.27,8.32,49.98
35,5.61,10.13,8.54,50.01
35,5.71,9.99,8.77,49.93
35,5.81,9.84,8.99,49.99
35,5.91,9.68,9.22,49.92
35,6.01,9.52,9.45,50.0
35,6.11,9.36,9.68,50.0
35,6.21,9.19,9.91,50.0
35,6.31,9.01,10.14,49.99
35,6.41,8.83,10.38,49.94
35,6.51,8.65,10.61,50.06
35,6.61,8.45,10.85,50.03
35,6.71,8.26,11.09,50.03
35,6.81,8.06,11.32,49.91
35,6.91,7.85,11.56,50.07
35,7.01,7.64,11.8,49.92
35,7.11,7.43,12.05,49.95
35,7.21,7.21,12.29,50.01
35,7.31,6.99,12.53,50.12
35,7.41,6.76,12.78,49.88
35,7.51,6.53,13.02,49.9
35,7.61,6.29,13.27,49.8
35,7.71,6.06,13.51,50.05
35,7.81,5.81,13.76,49.97
35,7.91,5.57,14.01,50.04
35,8.01,5.31,14.26,50.03
35,8.11,5.06,14.51,50.08
35,8.21,4.8,14.76,50.0
35,8.31,4.54,15.01,49.93
35,8.41,4.28,15.27,50.02
35,8.51,4.01,15.52,50.04
35,8.61,3.74,15.77,49.97
35,8.71,3.46,16.03,50.01
35,8.81,3.18,16.28,49.87
35,8.91,2.9,16.54,49.87
35,9.02,2.62,16.8,49.83
35,9.12,2.33,17.06,50.03
35,9.22,2.04,17.31,50.07
35,9.32,1.74,17.57,49.86
35,9.42,1.45,17.83,50.02
35,9.52,1.15,18.09,50.04
35,9.62,0.84,18.35,49.96
35,9.72,0.54,18.62,50.16
35,9.82,0.23,18.88,49.85
35,9.92,-0.08,19.14,49.96
35,10.02,-0.39,19.41,49.71
35,10.12,-0.71,19.67,50.03
35,10.22,-1.03,19.93,49.93
35,10.32,-1.35,20.2,49.8
35,10.42,-1.67,20.47,50.06
35,10.52,-2.0,20.73,49.98
35,10.62,-2.33,21.0,49.97
35,10.72,-2.66,21.27,50.11
35,10.82,-2.99,21.54,49.92
35,10.92,-3.33,21.8,50.06
35,11.02,-3.67,22.07,50.08
35,11.12,-4.01,22.34,49.94
35,11.22,-4.35,22.61,50.0
35,11.32,-4.7,22.88,50.17
35,11.42,-5.04,23.16,49.9
35,11.52,-5.39,23.43,50.06
35,11.62,-5.74,23.7,50.01
35,11.72,-6.1,23.97,50.13
35,11.82,-6.45,24.24,50.0
35,11.92,-6.81,24.52,50.07
35,12.02,-7.17,24.79,49.84
35,12.12,-7.53,25.07,49.79
35,12.22,-7.9,25.34,49.9
35,12.32,-8.26,25.62,49.96
35,12.42,-8.63,25.89,49.96
35,12.52,-9.0,26.17,50.11
35,12.62,-9.37,26.45,49.96
35,12.72,-9.74,26.72,50.0
35,12.82,-10.12,27.0,50.01
35,12.92,-10.49,27.28,49.94
35,13.02,-10.87,27.56,50.0
35,13.12,-11.25,27.83,50.11
35,13.22,-11.63,28.11,50.03
35,13.32,-12.02,28.39,50.06
35,13.42,-12.4,28.67,50.03
35,13.52,-12.79,28.95,50.16
35,13.62,-13.18,29.23,49.89
35,13.72,-13.57,29.51,50.25
35,13.82,-13.96,29.8,50.1
35,13.92,-14.35,30.08,50.12
35,14.02,-14.75,30.36,50.13
35,14.12,-15.15,30.64,50.1
35,14.22,-15.54,30.92,49.87
35,14.32,-15.94,31.21,49.89
35,14.42,-16.34,31.49,50.07
35,14.52,-16.75,31.77,50.06
35,14.62,-17.15,32.06,50.09
35,14.72,-17.56,32.34,50.0
35,14.82,-17.96,32.63,49.87
35,14.92,-18.37,32.91,49.99
35,15.03,-18.78,33.2,50.07
35,15.13,-19.19,33.48,49.97
35,15.23,-19.61,33.77,50.0
35,15.33,-20.02,34.06,50.0
35,15.43,-20.43,34.34,49.95
35,15.53,-20.85,34.63,49.92
35,15.63,-21.27,34.92,50.21
35,15.73,-21.69,35.2,50.16
35,15.83,-22.11,35.49,50.11
35,15.93,-22.53,35.78,50.04
35,16.03,-22.95,36.07,49.9
35,16.13,-23.38,36.36,50.09
35,16.23,-23.8,36.64,50.11
35,16.33,-24.23,36.93,49.97
35,16.43,-24.66,37.22,49.89
35,16.53,-25.09,37.51,50.04
35,16.63,-25.52,37.8,50.11
35,16.73,-25.95,38.09,49.94
35,16.83,-26.38,38.38,50.05
35,16.93,-26.81,38.67,49.91
35,17.03,-27.25,38.96,49.89
35,17.13,-27.68,39.25,50.02
35,17.23,-28.12,39.55,49.92
35,17.33,-28.56,39.84,50.04
35,17.43,-29.0,40.13,49.84
35,17.53,-29.44,40.42,49.91
35,17.63,-29.88,40.71,50.1
35,17.73,-30.32,41.01,50.07
35,17.83,-30.76,41.3,50.04
35,17.93,-31.21,41.59,49.96
35,18.03,-31.65,41.89,50.0
35,18.13,-32.1,42.18,49.98
35,18.23,-32.55,42.47,50.23
35,18.33,-33.0,42.77,50.03
35,18.43,-33.45,43.06,49.92
35,18.53,-33.9,43.36,49.99
35,18.63,-34.35,43.65,49.83
35,18.73,-34.8,43.95,49.81
35,18.83,-35.25,44.24,50.15
35,18.93,-35.71,44.54,50.03
35,19.03,-36.16,44.83,49.95
35,19.13,-36.62,45.13,50.0
35,19.23,-37.08,45.42,49.99
35,19.33,-37.53,45.72,50.01
35,19.43,-37.99,46.02,50.11
35,19.53,-38.45,46.31,50.05
35,19.63,-38.91,46.61,49.96
35,19.73,-39.38,46.91,49.83
35,19.83,-39.84,47.2,49.9
35,19.93,-40.3,47.5,50.08
35,20.03,-40.77,47.8,50.16
35,20.13,-41.23,48.09,49.91
35,20.23,-41.7,48.39,49.9
35,20.33,-42.16,48.69,49.96
35,20.43,-42.63,48.99,50.18
35,20.53,-43.1,49.29,50.01
35,20.63,-43.57,49.59,49.92
35,20.73,-44.04,49.89,49.96
35,20.83,-44.51,50.18,49.95
35,20.93,-44.98,50.48,50.07
35,21.04,-45.45,50.78,50.2
35,21.14,-45.92,51.08,50.01
35,21.24,-46.4,51.38,50.11
35,21.34,-46.87,51.68,49.87
35,21.44,-47.35,51.98,50.23
35,21.54,-47.82,52.28,49.87
35,21.64,-48.3,52.58,50.12
35,21.74,-48.78,52.88,50.03
35,21.84,-49.26,53.18,49.87
35,21.94,-49.74,53.48,50.08
35,22.04,-50.22,53.79,50.0
35,22.14,-50.7,54.09,49.91
35,22.24,-51.18,54.39,50.0
35,22.34,-51.66,54.69,49.84
35,22.44,-52.14,54.99,49.95
35,22.54,-52.63,55.29,49.9
35,22.64,-53.11,55.59,49.98
35,22.74,-53.59,55.9,49.83
35,22.84,-54.08,56.2,49.82
35,22.94,-54.57,56.5,49.92
35,23.04,-55.05,56.8,50.0
35,23.14,-55.54,57.11,49.9
35,23.24,-56.03,57.41,50.05
35,23.34,-56.52,57.71,50.07
35,23.44,-57.01,58.02,49.92
35,23.54,-57.5,58.32,50.14
35,23.64,-57.99,58.62,49.97
35,23.74,-58.48,58.93,50.18
35,23.84,-58.97,59.23,49.97
35,23.94,-59.46,59.53,49.89
35,24.04,-59.96,59.84,50.12
35,24.14,-60.45,60.14,49.9
35,24.24,-60.94,60.45,50.11
35,24.34,-61.44,60.75,50.01
35,24.44,-61.94,61.06,49.94
35,24.54,-62.43,61.36,49.92
35,24.64,-62.93,61.66,49.99
35,24.74,-63.43,61.97,50.07
35,24.84,-63.92,62.27,50.0
35,24.94,-64.42,62.58,50.15
35,25.04,-64.92,62.89,49.88
35,25.14,-65.42,63.19,49.99
35,25.24,-65.92,63.5,50.11
35,25.34,-66.42,63.8,49.88
35,25.44,-66.92,64.11,50.1
35,25.54,-67.43,64.41,50.0
35,25.64,-67.93,64.72,50.01
35,25.74,-68.43,65.03,49.97
35,25.84,-68.93,65.33,49.88
35,25.94,-69.44,65.64,49.99
35,26.04,-69.94,65.95,49.94
35,26.14,-70.45,66.25,50.15
35,26.24,-70.95,66.56,50.05
35,26.34,-71.46,66.87,50.0
35,26.44,-71.97,67.17,50.13
35,26.54,-72.48,67.48,49.99
35,26.64,-72.98,67.79,50.07
35,26.74,-73.49,68.1,50.12
35,26.84,-74.0,68.4,49.97
35,26.94,-74.51,68.71,50.04
35,27.05,-75.02,69.02,49.96
35,27.15,-75.53,69.33,50.11
35,27.25,-76.04,69.63,50.0
35,27.35,-76.55,69.94,50.14
35,27.45,-77.06,70.25,50.02
35,27.55,-77.58,70.56,50.25
35,27.65,-78.09,70.87,49.93
35,27.75,-78.6,71.18,50.09
35,27.85,-79.12,71.49,50.0
35,27.95,-79.63,71.79,49.98
35,28.05,-80.15,72.1,49.81
35,28.15,-80.66,72.41,50.01
35,28.25,-81.18,72.72,49.9
35,28.35,-81.69,73.03,49.97
35,28.45,-82.21,73.34,49.91
35,28.55,-82.73,73.65,49.92
35,28.65,-83.24,73.96,49.89
35,28.75,-83.76,74.27,49.89
35,28.85,-84.28,74.58,49.84
35,28.95,-84.8,74.89,50.04
35,29.05,-85.32,75.2,50.0
35,29.15,-85.84,75.51,50.07
35,29.25,-86.36,75.82,49.96
35,29.35,-86.88,76.13,49.93
35,29.45,-87.4,76.44,49.99
35,29.55,-87.92,76.75,50.07
35,29.65,-88.44,77.06,50.03
35,29.75,-88.97,77.37,50.0
35,29.85,-89.49,77.68,50.07
35,29.95,-90.01,77.99,50.0
35,30.05,-90.53,78.3,49.94
35,30.15,-91.06,78.61,50.09
35,30.25,-91.58,78.92,49.88
35,30.35,-92.11,79.23,49.86
35,30.45,-92.63,79.55,50.0
35,30.55,-93.16,79.86,50.01
35,30.65,-93.68,80.17,50.02
35,30.75,-94.21,80.48,49.97
35,30.85,-94.74,80.79,50.14
35,30.95,-95.27,81.1,49.85
35,31.05,-95.79,81.42,50.01
35,31.15,-96.32,81.73,50.08
35,31.25,-96.85,82.04,50.14
35,31.35,-97.38,82.35,50.13
35,31.45,-97.91,82.66,49.89
35,31.55,-98.44,82.98,50.04
35,31.65,-98.97,83.29,49.98
35,31.75,-99.5,83.6,50.0
35,31.85,-100.03,83.91,50.11
35,31.95,-100.56,84.22,50.19
35,32.05,-101.09,84.54,50.03
35,32.15,-101.62,84.85,49.8
35,32.25,-102.15,85.16,49.83
35,32.35,-102.69,85.48,50.0
35,32.45,-103.22,85.79,50.1
35,32.55,-103.75,86.1,49.92
35,32.65,-104.29,86.41,49.98
35,32.75,-104.82,86.73,50.16
35,32.85,-105.35,87.04,49.96
35,32.95,-105.89,87.35,50.18
35,33.06,-106.42,87.67,49.96
35,33.16,-106.96,87.98,50.09
35,33.26,-107.5,88.3,50.01
35,33.36,-108.03,88.61,50.08
35,33.46,-108.57,88.92,50.2
35,33.56,-109.1,89.24,50.04
35,33.66,-109.64,89.55,50.13
35,33.76,-110.18,89.86,49.91
35,33.86,-110.72,90.18,49.91
35,33.96,-111.25,90.49,49.84
35,34.06,-111.79,90.81,49.89
35,34.16,-112.33,91.12,50.15
35,34.26,-112.87,91.44,50.03
35,34.36,-113.41,91.75,49.97
35,34.46,-113.95,92.06,50.02
35,34.56,-114.49,92.38,50.07
35,34.66,-115.03,92.69,50.08
35,34.76,-115.57,93.01,50.02
35,34.86,-116.11,93.32,50.14
35,34.96,-116.65,93.64,49.9
35,35.06,-117.19,93.95,49.96
35,35.16,-117.74,94.27,50.12
35,35.26,-118.28,94.58,50.1
35,35.36,-118.82,94.9,50.04
35,35.46,-119.36,95.21,49.95
35,35.56,-119.91,95.53,50.08
35,35.66,-120.45,95.84,49.91
35,35.76,-120.99,96.16,50.12
35,35.86,-121.54,96.47,50.15
35,35.96,-122.08,96.79,49.94
35,36.06,-122.63,97.11,50.26
35,36.16,-123.17,97.42,49.9
35,36.26,-123.72,97.74,49.98
35,36.36,-124.26,98.05,49.98
35,36.46,-124.81,98.37,49.99
35,36.56,-125.35,98.68,50.14
35,36.66,-125.9,99.0,50.04
35,36.76,-126.45,99.32,49.92
35,36.86,-127.0,99.63,50.01
35,36.96,-127.54,99.95,50.07
35,37.06,-128.09,100.26,50.05
35,37.16,-128.64,100.58,50.12
35,37.26,-129.19,100.9,50.01
35,37.36,-129.73,101.21,50.08
35,37.46,-130.28,101.53,49.99
35,37.56,-130.83,101.85,49.94
35,37.66,-131.38,102.16,49.89
35,37.76,-131.93,102.48,50.16
35,37.86,-132.48,102.8,49.85
35,37.96,-133.03,103.11,50.03
35,38.06,-133.58,103.43,50.04
35,38.16,-134.13,103.75,49.9
35,38.26,-134.68,104.06,50.09
35,38.36,-135.23,104.38,49.86
35,38.46,-135.78,104.7,49.94
35,38.56,-136.34,105.02,50.1
35,38.66,-136.89,105.33,49.87
35,38.76,-137.44,105.65,50.08
35,38.86,-137.99,105.97,50.11
35,38.96,-138.55,106.29,50.11
35,39.07,-139.1,106.6,50.04
35,39.17,-139.65,106.92,49.92
35,39.27,-140.2,107.24,49.9
35,39.37,-140.76,107.56,49.95
35,39.47,-141.31,107.87,49.69
35,39.57,-141.87,108.19,50.0
35,39.67,-142.42,108.51,49.99
35,39.77,-142.98,108.83,50.01
35,39.87,-143.53,109.14,49.98
35,39.97,-144.09,109.46,50.02
35,40.07,-144.64,109.78,50.01
35,40.17,-145.2,110.1,49.85
35,40.27,-145.75,110.42,50.03
35,40.37,-146.31,110.73,50.0
35,40.47,-146.87,111.05,49.83
35,40.57,-147.42,111.37,50.09
35,40.67,-147.98,111.69,49.97
35,40.77,-148.54,112.01,50.06
35,40.87,-149.09,112.33,50.0
35,40.97,-149.65,112.65,49.82
35,41.07,-150.21,112.96,50.03
35,41.17,-150.77,113.28,50.05
35,41.27,-151.33,113.6,50.12
35,41.37,-151.88,113.92,50.09
35,41.47,-152.44,114.24,50.12
35,41.57,-153.0,114.56,50.07
35,41.67,-153.56,114.88,49.95
35,41.77,-154.12,115.2,49.95
35,41.87,-154.68,115.51,50.1
35,41.97,-155.24,115.83,49.96
35,42.07,-155.8,116.15,50.05
35,42.17,-156.36,116.47,50.17
35,42.27,-156.92,116.79,49.94
35,42.37,-157.48,117.11,50.07
35,42.47,-158.04,117.43,49.92
35,42.57,-158.6,117.75,50.06
35,42.67,-159.17,118.07,50.16
35,42.77,-159.73,118.39,50.13
35,42.87,-160.29,118.71,49.96
35,42.97,-160.85,119.03,50.16
35,43.07,-161.41,119.35,49.98
35,43.17,-161.98,119.67,50.23
35,43.27,-162.54,119.98,50.0
35,43.37,-163.1,120.3,50.07
35,43.47,-163.66,120.62,50.06
35,43.57,-164.23,120.94,49.89
35,43.67,-164.79,121.26,50.14
35,43.77,-165.36,121.58,50.02
35,43.87,-165.92,121.9,49.94
35,43.97,-166.48,122.22,49.92
35,44.07,-167.05,122.54,49.94
35,44.17,-167.61,122.86,49.99
35,44.27,-168.18,123.18,49.89
35,44.37,-168.74,123.5,49.92
35,44.47,-169.31,123.82,49.83
35,44.57,-169.87,124.14,49.92
35,44.67,-170.44,124.46,50.14
35,44.77,-171.0,124.79,50.12
35,44.87,-171.57,125.11,50.03
35,44.97,-172.14,125.43,50.21
35,45.08,-172.7,125.75,50.12
35,45.18,-173.27,126.07,50.04
35,45.28,-173.84,126.39,50.05
35,45.38,-174.4,126.71,50.01
35,45.48,-174.97,127.03,49.87
35,45.58,-175.54,127.35,49.97
35,45.68,-176.11,127.67,49.74
35,45.78,-176.67,127.99,49.89
35,45.88,-177.24,128.31,50.14
35,45.98,-177.81,128.63,50.01
35,46.08,-178.38,128.95,49.89
35,46.18,-178.95,129.27,50.05
35,46.28,-179.52,129.6,50.06
35,46.38,-180.08,129.92,50.15
35,46.48,-180.65,130.24,50.18
35,46.58,-181.22,130.56,50.08
35,46.68,-181.79,130.88,49.85
35,46.78,-182.36,131.2,50.23
35,46.88,-182.93,131.52,50.14
35,46.98,-183.5,131.84,50.08
35,47.08,-184.07,132.17,50.0
35,47.18,-184.64,132.49,49.85
35,47.28,-185.21,132.81,49.94
35,47.38,-185.78,133.13,49.99
35,47.48,-186.35,133.45,49.96
35,47.58,-186.93,133.77,50.11
35,47.68,-187.5,134.09,49.99
35,47.78,-188.07,134.42,49.92
35,47.88,-188.64,134.74,50.05
35,47.98,-189.21,135.06,49.92
35,48.08,-189.78,135.38,49.84
35,48.18,-190.36,135.7,50.05
35,48.28,-190.93,136.02,49.99
35,48.38,-191.5,136.35,50.02
35,48.48,-192.07,136.67,50.14
35,48.58,-192.65,136.99,50.03
35,48.68,-193.22,137.31,50.06
35,48.78,-193.79,137.63,50.0
35,48.88,-194.36,137.96,50.08
35,48.98,-194.94,138.28,49.79
35,49.08,-195.51,138.6,49.92
35,49.18,-196.09,138.92,49.96
35,49.28,-196.66,139.24,49.95
35,49.38,-197.23,139.57,49.92
35,49.48,-197.81,139.89,49.99
35,49.58,-198.38,140.21,49.99
35,49.68,-198.96,140.53,49.99
35,49.78,-199.53,140.86,50.02
35,49.88,-200.11,141.18,50.05
35,49.98,-200.68,141.5,49.92
35,50.08,-201.26,141.82,49.95
35,50.18,-201.83,142.15,50.09
35,50.28,-202.41,142.47,49.91
35,50.38,-202.98,142.79,49.92
35,50.48,-203.56,143.11,49.92
35,50.58,-204.14,143.44,49.98
35,50.68,-204.71,143.76,50.1
35,50.78,-205.29,144.08,50.05
35,50.88,-205.87,144.4,49.91
35,50.98,-206.44,144.73,50.18
35,51.09,-207.02,145.05,49.93
35,51.19,-207.6,145.37,49.84
35,51.29,-208.17,145.7,50.18
35,51.39,-208.75,146.02,49.92
35,51.49,-209.33,146.34,49.99
35,51.59,-209.91,146.67,49.99
35,51.69,-210.48,146.99,50.06
35,51.79,-211.06,147.31,49.82
35,51.89,-211.64,147.63,49.97
35,51.99,-212.22,147.96,49.96
35,52.09,-212.8,148.28,50.14
35,52.19,-213.38,148.6,49.95
35,52.29,-213.95,148.93,49.97
35,52.39,-214.53,149.25,50.08
35,52.49,-215.11,149.57,50.05
35,52.59,-215.69,149.9,49.93
35,52.69,-216.27,150.22,50.04
35,52.79,-216.85,150.54,49.93
35,52.89,-217.43,150.87,50.08
35,52.99,-218.01,151.19,49.98
35,53.09,-218.59,151.51,49.87
35,53.19,-219.17,151.84,49.79
35,53.29,-219.75,152.16,49.96
35,53.39,-220.33,152.49,49.92
35,53.49,-220.91,152.81,49.98
35,53.59,-221.49,153.13,50.0
35,53.69,-222.07,153.46,49.81
35,53.79,-222.65,153.78,49.93
35,53.89,-223.23,154.1,49.99
35,53.99,-223.81,154.43,50.01
35,54.09,-224.4,154.75,50.08
35,54.19,-224.98,155.08,50.1
35,54.29,-225.56,155.4,49.98
35,54.39,-226.14,155.72,49.99
35,54.49,-226.72,156.05,49.95
35,54.59,-227.3,156.37,50.07
35,54.69,-227.89,156.69,49.96
35,54.79,-228.47,157.02,49.9
35,54.89,-229.05,157.34,49.83
35,54.99,-229.63,157.67,49.91
35,55.09,-230.22,157.99,49.97
35,55.19,-230.8,158.32,50.1
35,55.29,-231.38,158.64,50.0
35,55.39,-231.97,158.96,50.01
35,55.49,-232.55,159.29,50.0
35,55.59,-233.13,159.61,50.13
35,55.69,-233.72,159.94,50.05
35,55.79,-234.3,160.26,50.0
35,55.89,-234.88,160.59,49.94
35,55.99,-235.47,160.91,49.87
35,56.09,-236.05,161.23,50.17
35,56.19,-236.63,161.56,50.08
35,56.29,-237.22,161.88,49.98
35,56.39,-237.8,162.21,50.18
35,56.49,-238.39,162.53,50.0
35,56.59,-238.97,162.86,49.92
35,56.69,-239.56,163.18,50.12
35,56.79,-240.14,163.51,49.87
35,56.89,-240.73,163.83,49.96
35,56.99,-241.31,164.16,49.88
35,57.1,-241.9,164.48,49.92
35,57.2,-242.48,164.81,50.02
35,57.3,-243.07,165.13,50.03
35,57.4,-243.65,165.45,49.89
35,57.5,-244.24,165.78,50.18
35,57.6,-244.83,166.1,49.79
35,57.7,-245.41,166.43,50.01
35,57.8,-246.0,166.75,50.02
35,57.9,-246.58,167.08,50.03
35,58.0,-247.17,167.4,50.09
35,58.1,-247.76,167.73,49.7
35,58.2,-248.34,168.05,49.92
35,58.3,-248.93,168.38,50.02
35,58.4,-249.52,168.7,50.17
35,58.5,-250.1,169.03,49.94
35,58.6,-250.69,169.35,49.98
35,58.7,-251.28,169.68,50.07
35,58.8,-251.87,170.01,49.88
35,58.9,-252.45,170.33,50.0
35,59.0,-253.04,170.66,49.99
35,59.1,-253.63,170.98,49.94
35,59.2,-254.22,171.31,50.05
35,59.3,-254.81,171.63,50.22
35,59.4,-255.39,171.96,50.02
35,59.5,-255.98,172.28,49.78
35,59.6,-256.57,172.61,49.91
35,59.7,-257.16,172.93,50.15
35,59.8,-257.75,173.26,49.98
35,59.9,-258.34,173.58,49.88
35,60.0,-258.92,173.91,50.08
36,0.0,0.0,0.0,0.0
36,0.1,0.99,0.0,50.0
36,0.2,1.96,0.0,49.99
36,0.3,2.89,0.01,50.04
36,0.4,3.8,0.01,50.02
36,0.5,4.69,0.01,49.9
36,0.6,5.55,0.02,50.17
36,0.7,6.38,0.03,49.98
36,0.8,7.2,0.03,49.86
36,0.9,7.99,0.04,49.78
36,1.0,8.77,0.05,50.01
36,1.1,9.52,0.06,49.91
36,1.2,10.26,0.07,50.06
36,1.3,10.98,0.08,50.0
36,1.4,11.69,0.09,50.39
36,1.5,12.38,0.1,49.87
36,1.6,13.05,0.11,50.11
36,1.7,13.71,0.12,49.89
36,1.8,14.36,0.13,50.08
36,1.9,14.99,0.14,50.14
36,2.0,15.61,0.16,49.97
36,2.1,16.22,0.17,49.93
36,2.2,16.81,0.18,49.98
36,2.3,17.4,0.2,49.93
36,2.4,17.97,0.21,50.16
36,2.5,18.53,0.23,49.98
36,2.6,19.09,0.24,50.04
36,2.7,19.63,0.26,50.05
36,2.8,20.16,0.27,50.09
36,2.9,20.69,0.29,49.95
36,3.01,21.2,0.31,50.08
36,3.11,21.71,0.32,50.13
36,3.21,22.21,0.34,49.98
36,3.31,22.7,0.36,49.87
36,3.41,23.18,0.37,50.14
36,3.51,23.66,0.39,50.02
36,3.61,24.12,0.41,50.0
36,3.71,24.58,0.43,50.07
36,3.81,25.04,0.45,50.14
36,3.91,25.48,0.46,49.98
36,4.01,25.92,0.48,50.13
36,4.11,26.36,0.5,50.01
36,4.21,26.78,0.52,50.06
36,4.31,27.2,0.54,49.94
36,4.41,27.62,0.56,49.97
36,4.51,28.03,0.58,50.11
36,4.61,28.43,0.6,49.8
36,4.71,28.83,0.62,50.07
36,4.81,29.22,0.64,50.04
36,4.91,29.61,0.66,50.17
36,5.01,29.99,0.68,50.1
36,5.11,30.37,0.7,50.02
36,5.21,30.74,0.72,49.87
36,5.31,31.11,0.74,49.94
36,5.41,31.47,0.76,49.98
36,5.51,31.83,0.79,50.15
36,5.61,32.18,0.81,50.08
36,5.71,32.53,0.83,49.92
36,5.81,32.88,0.85,50.04
36,5.91,33.22,0.87,49.95
36,6.01,33.56,0.89,49.94
36,6.11,33.89,0.92,50.06
36,6.21,34.22,0.94,49.99
36,6.31,34.55,0.96,49.88
36,6.41,34.87,0.98,50.08
36,6.51,35.19,1.01,50.02
36,6.61,35.5,1.03,49.96
36,6.71,35.81,1.05,50.15
36,6.81,36.12,1.07,50.11
36,6.91,36.43,1.1,50.01
36,7.01,36.73,1.12,49.83
36,7.11,37.03,1.14,50.11
36,7.21,37.32,1.17,49.95
36,7.31,37.61,1.19,49.98
36,7.41,37.9,1.21,49.97
36,7.51,38.19,1.24,49.87
36,7.61,38.47,1.26,50.05
36,7.71,38.75,1.29,49.92
36,7.81,39.03,1.31,50.04
36,7.91,39.3,1.33,49.91
36,8.01,39.57,1.36,49.95
36,8.11,39.84,1.38,50.04
36,8.21,40.11,1.41,50.01
36,8.31,40.37,1.43,50.06
36,8.41,40.63,1.45,50.07
36,8.51,40.89,1.48,50.13
36,8.61,41.15,1.5,50.0
36,8.71,41.4,1.53,50.12
36,8.81,41.65,1.55,49.97
36,8.91,41.9,1.58,50.08
36,9.02,42.15,1.6,50.11
36,9.12,42.39,1.63,50.11
36,9.22,42.63,1.65,49.85
36,9.32,42.87,1.68,49.69
36,9.42,43.11,1.7,50.06
36,9.52,43.34,1.73,50.0
36,9.62,43.58,1.75,50.03
36,9.72,43.81,1.78,50.01
36,9.82,44.04,1.8,49.97
36,9.92,44.27,1.83,50.06
36,10.02,44.49,1.86,50.03
36,10.12,44.72,1.88,49.99
36,10.22,44.94,1.91,50.0
36,10.32,45.16,1.93,50.06
36,10.42,45.37,1.96,49.94
36,10.52,45.59,1.98,49.89
36,10.62,45.8,2.01,49.89
36,10.72,46.02,2.04,49.95
36,10.82,46.23,2.06,50.15
36,10.92,46.44,2.09,50.01
36,11.02,46.64,2.11,49.93
36,11.12,46.85,2.14,50.02
36,11.22,47.05,2.17,49.9
36,11.32,47.25,2.19,49.98
36,11.42,47.46,2.22,49.96
36,11.52,47.65,2.25,49.87
36,11.62,47.85,2.27,50.11
36,11.72,48.05,2.3,49.96
36,11.82,48.24,2.32,50.0
36,11.92,48.43,2.35,50.07
36,12.02,48.63,2.38,50.04
36,12.12,48.82,2.4,50.01
36,12.22,49.0,2.43,49.98
36,12.32,49.19,2.46,50.07
36,12.42,49.38,2.49,50.0
36,12.52,49.56,2.51,50.01
36,12.62,49.74,2.54,50.11
36,12.72,49.93,2.57,50.12
36,12.82,50.11,2.59,50.03
36,12.92,50.28,2.62,50.01
36,13.02,50.46,2.65,50.07
36,13.12,50.64,2.67,49.97
36,13.22,50.81,2.7,49.98
36,13.32,50.99,2.73,49.99
36,13.42,51.16,2.76,49.9
36,13.52,51.33,2.78,50.24
36,13.62,51.5,2.81,49.96
36,13.72,51.67,2.84,50.05
36,13.82,51.84,2.87,50.0
36,13.92,52.0,2.89,50.07
36,14.02,52.17,2.92,49.96
36,14.12,52.33,2.95,50.02
36,14.22,52.49,2.98,49.91
36,14.32,52.66,3.0,50.12
36,14.42,52.82,3.03,50.07
36,14.52,52.98,3.06,49.86
36,14.62,53.13,3.09,50.0
36,14.72,53.29,3.11,49.86
36,14.82,53.45,3.14,49.92
36,14.92,53.6,3.17,50.09
36,15.03,53.76,3.2,49.75
36,15.13,53.91,3.22,50.1
36,15.23,54.06,3.25,50.04
36,15.33,54.21,3.28,49.99
36,15.43,54.36,3.31,50.09
36,15.53,54.51,3.34,50.27
36,15.63,54.66,3.36,49.87
36,15.73,54.81,3.39,50.17
36,15.83,54.96,3.42,50.1
36,15.93,55.1,3.45,49.93
36,16.03,55.25,3.48,50.05
36,16.13,55.39,3.51,49.89
36,16.23,55.53,3.53,49.95
36,16.33,55.67,3.56,49.79
36,16.43,55.81,3.59,49.87
36,16.53,55.95,3.62,50.04
36,16.63,56.09,3.65,50.05
36,16.73,56.23,3.67,50.05
36,16.83,56.37,3.7,50.06
36,16.93,56.51,3.73,50.01
36,17.03,56.64,3.76,50.07
36,17.13,56.78,3.79,50.11
36,17.23,56.91,3.82,50.02
36,17.33,57.04,3.85,49.96
36,17.43,57.17,3.87,49.99
36,17.53,57.31,3.9,49.92
36,17.63,57.44,3.93,50.09
36,17.73,57.57,3.96,49.84
36,17.83,57.7,3.99,49.98
36,17.93,57.82,4.02,50.06
36,18.03,57.95,4.05,49.9
36,18.13,58.08,4.07,49.86
36,18.23,58.2,4.1,49.77
36,18.33,58.33,4.13,49.97
36,18.43,58.45,4.16,49.89
36,18.53,58.58,4.19,50.09
36,18.63,58.7,4.22,49.84
36,18.73,58.82,4.25,50.05
36,18.83,58.95,4.28,49.87
36,18.93,59.07,4.3,49.85
36,19.03,59.19,4.33,49.88
36,19.13,59.31,4.36,50.11
36,19.23,59.43,4.39,49.88
36,19.33,59.54,4.42,50.11
36,19.43,59.66,4.45,50.02
36,19.53,59.78,4.48,49.95
36,19.63,59.89,4.51,49.89
36,19.73,60.01,4.54,50.19
36,19.83,60.12,4.57,49.94
36,19.93,60.24,4.59,49.94
36,20.03,60.35,4.62,50.15
36,20.13,60.47,4.65,50.16
36,20.23,60.58,4.68,49.99
36,20.33,60.69,4.71,50.12
36,20.43,60.8,4.74,49.94
36,20.53,60.91,4.77,50.22
36,20.63,61.02,4.8,49.87
36,20.73,61.13,4.83,49.91
36,20.83,61.24,4.86,50.13
36,20.93,61.35,4.89,49.97
36,21.04,61.45,4.92,50.14
36,21.14,61.56,4.95,49.95
36,21.24,61.67,4.97,50.07
36,21.34,61.77,5.0,49.93
36,21.44,61.88,5.03,49.99
36,21.54,61.98,5.06,49.87
36,21.64,62.09,5.09,50.0
36,21.74,62.19,5.12,49.91
36,21.84,62.29,5.15,50.21
36,21.94,62.4,5.18,49.97
36,22.04,62.5,5.21,49.88
36,22.14,62.6,5.24,50.07
36,22.24,62.7,5.27,49.88
36,22.34,62.8,5.3,50.09
36,22.44,62.9,5.33,49.94
36,22.54,63.0,5.36,50.0
36,22.64,63.1,5.39,49.98
36,22.74,63.2,5.42,49.97
36,22.84,63.29,5.45,50.01
36,22.94,63.39,5.48,49.93
36,23.04,63.49,5.51,49.89
36,23.14,63.58,5.54,50.0
36,23.24,63.68,5.57,49.96
36,23.34,63.77,5.6,49.87
36,23.44,63.87,5.62,50.06
36,23.54,63.96,5.65,50.0
36,23.64,64.06,5.68,49.89
36,23.74,64.15,5.71,49.98
36,23.84,64.24,5.74,49.99
36,23.94,64.33,5.77,49.9
36,24.04,64.43,5.8,50.32
36,24.14,64.52,5.83,50.0
36,24.24,64.61,5.86,49.98
36,24.34,64.7,5.89,50.24
36,24.44,64.79,5.92,50.05
36,24.54,64.88,5.95,50.12
36,24.64,64.97,5.98,50.01
36,24.74,65.06,6.01,50.01
36,24.84,65.14,6.04,49.91
36,24.94,65.23,6.07,50.07
36,25.04,65.32,6.1,50.18
36,25.14,65.41,6.13,50.16
36,25.24,65.49,6.16,49.88
36,25.34,65.58,6.19,50.19
36,25.44,65.66,6.22,49.92
36,25.54,65.75,6.25,49.91
36,25.64,65.83,6.28,49.91
36,25.74,65.92,6.31,49.96
36,25.84,66.0,6.34,49.81
36,25.94,66.09,6.37,50.01
36,26.04,66.17,6.4,49.97
36,26.14,66.25,6.43,50.0
36,26.24,66.33,6.46,49.95
36,26.34,66.42,6.49,49.84
36,26.44,66.5,6.52,49.97
36,26.54,66.58,6.55,50.12
36,26.64,66.66,6.58,49.9
36,26.74,66.74,6.61,49.91
36,26.84,66.82,6.64,50.05
36,26.94,66.9,6.67,49.88
36,27.05,66.98,6.7,50.02
36,27.15,67.06,6.73,50.04
36,27.25,67.13,6.77,49.94
36,27.35,67.21,6.8,49.93
36,27.45,67.29,6.83,49.86
36,27.55,67.37,6.86,49.92
36,27.65,67.44,6.89,50.06
36,27.75,67.52,6.92,50.08
36,27.85,67.6,6.95,50.01
36,27.95,67.67,6.98,49.94
36,28.05,67.75,7.01,50.01
36,28.15,67.82,7.04,49.92
36,28.25,67.9,7.07,50.02
36,28.35,67.97,7.1,50.07
36,28.45,68.05,7.13,49.95
36,28.55,68.12,7.16,49.92
36,28.65,68.19,7.19,49.95
36,28.75,68.27,7.22,50.11
36,28.85,68.34,7.25,50.28
36,28.95,68.41,7.28,50.06
36,29.05,68.49,7.31,49.99
36,29.15,68.56,7.34,49.9
36,29.25,68.63,7.37,49.9
36,29.35,68.7,7.4,50.04
36,29.45,68.77,7.43,49.92
36,29.55,68.84,7.46,50.1
36,29.65,68.91,7.49,49.94
36,29.75,68.98,7.52,50.14
36,29.85,69.05,7.56,49.96
36,29.95,69.12,7.59,50.11
36,30.05,69.19,7.62,50.07
36,30.15,69.26,7.65,50.08
36,30.25,69.33,7.68,49.99
36,30.35,69.39,7.71,49.93
36,30.45,69.46,7.74,50.1
36,30.55,69.53,7.77,50.18
36,30.65,69.59,7.8,49.9
36,30.75,69.66,7.83,50.05
36,30.85,69.73,7.86,50.05
36,30.95,69.79,7.89,50.02
36,31.05,69.86,7.92,50.14
36,31.15,69.93,7.95,49.92
36,31.25,69.99,7.98,50.11
36,31.35,70.06,8.01,49.97
36,31.45,70.12,8.05,49.77
36,31.55,70.18,8.08,49.85
36,31.65,70.25,8.11,50.0
36,31.75,70.31,8.14,50.12
36,31.85,70.38,8.17,50.11
36,31.95,70.44,8.2,50.01
36,32.05,70.5,8.23,49.89
36,32.15,70.56,8.26,49.88
36,32.25,70.63,8.29,50.04
36,32.35,70.69,8.32,50.0
36,32.45,70.75,8.35,50.1
36,32.55,70.81,8.38,49.97
36,32.65,70.87,8.41,49.92
36,32.75,70.94,8.44,49.97
36,32.85,71.0,8.48,50.0
36,32.95,71.06,8.51,49.8
36,33.06,71.12,8.54,50.05
36,33.16,71.18,8.57,50.01
36,33.26,71.24,8.6,50.09
36,33.36,71.3,8.63,50.08
36,33.46,71.36,8.66,50.11
36,33.56,71.41,8.69,50.17
36,33.66,71.47,8.72,50.01
36,33.76,71.53,8.75,49.78
36,33.86,71.59,8.78,50.09
36,33.96,71.65,8.82,50.12
36,34.06,71.7,8.85,49.98
36,34.16,71.76,8.88,49.8
36,34.26,71.82,8.91,50.1
36,34.36,71.88,8.94,50.0
36,34.46,71.93,8.97,49.87
36,34.56,71.99,9.0,49.97
36,34.66,72.05,9.03,50.0
36,34.76,72.1,9.06,49.97
36,34.86,72.16,9.09,49.95
36,34.96,72.21,9.12,50.1
36,35.06,72.27,9.16,50.14
36,35.16,72.32,9.19,50.19
36,35.26,72.38,9.22,49.9
36,35.36,72.43,9.25,50.13
36,35.46,72.49,9.28,50.02
36,35.56,72.54,9.31,50.04
36,35.66,72.59,9.34,50.12
36,35.76,72.65,9.37,50.0
36,35.86,72.7,9.4,49.98
36,35.96,72.75,9.43,49.93
36,36.06,72.81,9.47,49.88
36,36.16,72.86,9.5,49.94
36,36.26,72.91,9.53,50.02
36,36.36,72.97,9.56,49.99
36,36.46,73.02,9.59,49.96
36,36.56,73.07,9.62,49.97
36,36.66,73.12,9.65,50.11
36,36.76,73.17,9.68,50.02
36,36.86,73.22,9.71,49.9
36,36.96,73.27,9.75,50.01
36,37.06,73.32,9.78,50.06
36,37.16,73.38,9.81,50.1
36,37.26,73.43,9.84,50.06
36,37.36,73.48,9.87,50.08
36,37.46,73.53,9.9,50.05
36,37.56,73.58,9.93,49.8
36,37.66,73.62,9.96,49.98
36,37.76,73.67,9.99,49.99
36,37.86,73.72,10.03,50.2
36,37.96,73.77,10.06,50.08
36,38.06,73.82,10.09,49.97
36,38.16,73.87,10.12,49.92
36,38.26,73.92,10.15,49.97
36,38.36,73.97,10.18,49.92
36,38.46,74.01,10.21,50.22
36,38.56,74.06,10.24,50.0
36,38.66,74.11,10.28,50.08
36,38.76,74.16,10.31,50.05
36,38.86,74.2,10.34,50.07
36,38.96,74.25,10.37,49.91
36,39.07,74.3,10.4,50.13
36,39.17,74.34,10.43,49.99
36,39.27,74.39,10.46,50.15
36,39.37,74.43,10.49,50.04
36,39.47,74.48,10.53,50.18
36,39.57,74.53,10.56,50.06
36,39.67,74.57,10.59,49.98
36,39.77,74.62,10.62,50.14
36,39.87,74.66,10.65,50.01
36,39.97,74.71,10.68,50.05
36,40.07,74.75,10.71,50.01
36,40.17,74.8,10.74,49.95
36,40.27,74.84,10.78,49.98
36,40.37,74.89,10.81,50.07
36,40.47,74.93,10.84,50.1
36,40.57,74.97,10.87,49.8
36,40.67,75.02,10.9,50.03
36,40.77,75.06,10.93,49.99
36,40.87,75.1,10.96,49.86
36,40.97,75.15,11.0,50.09
36,41.07,75.19,11.03,50.18
36,41.17,75.23,11.06,50.15
36,41.27,75.27,11.09,49.77
36,41.37,75.32,11.12,50.03
36,41.47,75.36,11.15,49.94
36,41.57,75.4,11.18,49.96
36,41.67,75.44,11.22,49.97
36,41.77,75.49,11.25,49.78
36,41.87,75.53,11.28,49.79
36,41.97,75.57,11.31,50.01
36,42.07,75.61,11.34,50.02
36,42.17,75.65,11.37,49.98
36,42.27,75.69,11.4,49.88
36,42.37,75.73,11.44,49.96
36,42.47,75.77,11.47,50.14
36,42.57,75.81,11.5,49.96
36,42.67,75.85,11.53,49.95
36,42.77,75.89,11.56,50.12
36,42.87,75.93,11.59,49.98
36,42.97,75.97,11.62,50.07
36,43.07,76.01,11.66,50.05
36,43.17,76.05,11.69,49.91
36,43.27,76.09,11.72,49.9
36,43.37,76.13,11.75,49.87
36,43.47,76.17,11.78,49.9
36,43.57,76.21,11.81,50.08
36,43.67,76.25,11.84,49.92
36,43.77,76.28,11.88,49.99
36,43.87,76.32,11.91,49.97
36,43.97,76.36,11.94,50.04
36,44.07,76.4,11.97,49.86
36,44.17,76.44,12.0,50.11
36,44.27,76.47,12.03,50.14
36,44.37,76.51,12.07,50.0
36,44.47,76.55,12.1,49.78
36,44.57,76.59,12.13,49.91
36,44.67,76.62,12.16,50.03
36,44.77,76.66,12.19,50.04
36,44.87,76.7,12.22,49.97
36,44.97,76.73,12.25,50.11
36,45.08,76.77,12.29,49.94
36,45.18,76.81,12.32,50.1
36,45.28,76.84,12.35,50.0
36,45.38,76.88,12.38,49.94
36,45.48,76.91,12.41,50.07
36,45.58,76.95,12.44,50.0
36,45.68,76.99,12.48,50.09
36,45.78,77.02,12.51,50.29
36,45.88,77.06,12.54,49.91
36,45.98,77.09,12.57,50.09
36,46.08,77.13,12.6,50.06
36,46.18,77.16,12.63,50.18
36,46.28,77.2,12.67,50.09
36,46.38,77.23,12.7,50.16
36,46.48,77.26,12.73,49.9
36,46.58,77.3,12.76,49.87
36,46.68,77.33,12.79,49.91
36,46.78,77.37,12.82,49.98
36,46.88,77.4,12.86,50.14
36,46.98,77.43,12.89,50.16
36,47.08,77.47,12.92,49.96
36,47.18,77.5,12.95,49.99
36,47.28,77.53,12.98,49.88
36,47.38,77.57,13.01,50.01
36,47.48,77.6,13.05,49.98
36,47.58,77.63,13.08,49.98
36,47.68,77.67,13.11,50.12
36,47.78,77.7,13.14,50.04
36,47.88,77.73,13.17,49.87
36,47.98,77.76,13.2,49.74
36,48.08,77.8,13.24,50.06
36,48.18,77.83,13.27,50.02
36,48.28,77.86,13.3,50.04
36,48.38,77.89,13.33,50.02
36,48.48,77.92,13.36,49.89
36,48.58,77.96,13.39,49.98
36,48.68,77.99,13.43,49.97
36,48.78,78.02,13.46,49.99
36,48.88,78.05,13.49,50.09
36,48.98,78.08,13.52,49.94
36,49.08,78.11,13.55,49.88
36,49.18,78.14,13.59,50.13
36,49.28,78.17,13.62,49.93
36,49.38,78.2,13.65,50.12
36,49.48,78.23,13.68,50.22
36,49.58,78.26,13.71,50.15
36,49.68,78.29,13.74,50.07
36,49.78,78.32,13.78,49.98
36,49.88,78.35,13.81,50.09
36,49.98,78.38,13.84,50.0
36,50.08,78.41,13.87,50.14
36,50.18,78.44,13.9,50.06
36,50.28,78.47,13.93,50.04
36,50.38,78.5,13.97,50.0
36,50.48,78.53,14.0,49.95
36,50.58,78.56,14.03,50.0
36,50.68,78.59,14.06,50.03
36,50.78,78.62,14.09,49.97
36,50.88,78.65,14.13,50.03
36,50.98,78.68,14.16,50.1
36,51.09,78.7,14.19,50.03
36,51.19,78.73,14.22,49.95
36,51.29,78.76,14.25,49.72
36,51.39,78.79,14.29,50.12
36,51.49,78.82,14.32,49.99
36,51.59,78.84,14.35,50.02
36,51.69,78.87,14.38,50.05
36,51.79,78.9,14.41,50.05
36,51.89,78.93,14.44,50.08
36,51.99,78.95,14.48,50.1
36,52.09,78.98,14.51,50.08
36,52.19,79.01,14.54,49.69
36,52.29,79.04,14.57,50.04
36,52.39,79.06,14.6,50.03
36,52.49,79.09,14.64,49.97
36,52.59,79.12,14.67,50.05
36,52.69,79.14,14.7,50.0
36,52.79,79.17,14.73,49.94
36,52.89,79.2,14.76,50.12
36,52.99,79.22,14.8,50.03
36,53.09,79.25,14.83,50.02
36,53.19,79.27,14.86,49.79
36,53.29,79.3,14.89,50.21
36,53.39,79.33,14.92,49.81
36,53.49,79.35,14.95,50.05
36,53.59,79.38,14.99,50.07
36,53.69,79.4,15.02,50.16
36,53.79,79.43,15.05,49.9
36,53.89,79.45,15.08,49.92
36,53.99,79.48,15.11,50.08
36,54.09,79.5,15.15,50.07
36,54.19,79.53,15.18,50.17
36,54.29,79.55,15.21,50.11
36,54.39,79.58,15.24,49.97
36,54.49,79.6,15.27,49.99
36,54.59,79.63,15.31,50.05
36,54.69,79.65,15.34,49.85
36,54.79,79.68,15.37,50.06
36,54.89,79.7,15.4,50.06
36,54.99,79.73,15.43,49.92
36,55.09,79.75,15.47,49.98
36,55.19,79.77,15.5,49.8
36,55.29,79.8,15.53,50.09
36,55.39,79.82,15.56,50.04
36,55.49,79.85,15.59,49.87
36,55.59,79.87,15.63,49.89
36,55.69,79.89,15.66,49.96
36,55.79,79.92,15.69,50.08
36,55.89,79.94,15.72,50.05
36,55.99,79.96,15.75,49.92
36,56.09,79.99,15.79,49.94
36,56.19,80.01,15.82,50.01
36,56.29,80.03,15.85,49.92
36,56.39,80.05,15.88,49.95
36,56.49,80.08,15.91,50.07
36,56.59,80.1,15.95,49.88
36,56.69,80.12,15.98,49.99
36,56.79,80.14,16.01,49.98
36,56.89,80.17,16.04,50.0
36,56.99,80.19,16.07,50.03
36,57.1,80.21,16.11,50.06
36,57.2,80.23,16.14,50.08
36,57.3,80.25,16.17,49.97
36,57.4,80.28,16.2,49.98
36,57.5,80.3,16.23,50.04
36,57.6,80.32,16.27,50.02
36,57.7,80.34,16.3,50.06
36,57.8,80.36,16.33,50.04
36,57.9,80.38,16.36,49.92
36,58.0,80.4,16.39,50.19
36,58.1,80.43,16.43,50.0
36,58.2,80.45,16.46,50.07
36,58.3,80.47,16.49,50.06
36,58.4,80.49,16.52,50.03
36,58.5,80.51,16.56,50.03
36,58.6,80.53,16.59,50.09
36,58.7,80.55,16.62,49.98
36,58.8,80.57,16.65,50.08
36,58.9,80.59,16.68,50.05
36,59.0,80.61,16.72,50.12
36,59.1,80.63,16.75,49.95
36,59.2,80.65,16.78,50.01
36,59.3,80.67,16.81,49.91
36,59.4,80.69,16.84,50.11
36,59.5,80.71,16.88,49.93
36,59.6,80.73,16.91,50.03
36,59.7,80.75,16.94,49.95
36,59.8,80.77,16.97,50.11
36,59.9,80.79,17.0,49.99
36,60.0,80.81,17.04,50.07
37,0.0,0.0,0.0,0.0
37,0.1,1.28,-0.0,49.89
37,0.2,2.55,-0.0,50.13
37,0.3,3.81,-0.01,50.05
37,0.4,5.06,-0.01,50.24
37,0.5,6.3,-0.02,50.08
37,0.6,7.54,-0.03,50.0
37,0.7,8.76,-0.04,49.97
37,0.8,9.98,-0.05,50.18
37,0.9,11.19,-0.06,50.08
37,1.0,12.39,-0.08,49.95
37,1.1,13.58,-0.09,49.93
37,1.2,14.77,-0.11,49.93
37,1.3,15.95,-0.12,50.05
37,1.4,17.12,-0.14,49.85
37,1.5,18.28,-0.16,49.95
37,1.6,19.43,-0.18,50.03
37,1.7,20.58,-0.2,50.0
37,1.8,21.72,-0.23,49.95
37,1.9,22.85,-0.25,50.07
37,2.0,23.98,-0.27,50.07
37,2.1,25.09,-0.3,49.98
37,2.2,26.21,-0.33,49.95
37,2.3,27.31,-0.36,50.09
37,2.4,28.41,-0.38,49.98
37,2.5,29.5,-0.41,50.0
37,2.6,30.58,-0.45,50.08
37,2.7,31.66,-0.48,49.89
37,2.8,32.73,-0.51,49.95
37,2.9,33.8,-0.55,49.97
37,3.01,34.86,-0.58,50.19
37,3.11,35.91,-0.62,49.87
37,3.21,36.96,-0.65,50.0
37,3.31,38.0,-0.69,49.91
37,3.41,39.04,-0.73,50.23
37,3.51,40.07,-0.77,50.03
37,3.61,41.09,-0.81,49.9
37,3.71,42.11,-0.85,49.84
37,3.81,43.12,-0.89,50.06
37,3.91,44.13,-0.94,50.02
37,4.01,45.13,-0.98,50.06
37,4.11,46.12,-1.03,49.9
37,4.21,47.11,-1.07,50.19
37,4.31,48.1,-1.12,50.01
37,4.41,49.08,-1.17,50.04
37,4.51,50.05,-1.21,50.06
37,4.61,51.02,-1.26,50.01
37,4.71,51.99,-1.31,50.13
37,4.81,52.95,-1.36,49.95
37,4.91,53.9,-1.41,50.1
37,5.01,54.85,-1.46,50.13
37,5.11,55.8,-1.52,50.1
37,5.21,56.74,-1.57,50.14
37,5.31,57.67,-1.62,49.93
37,5.41,58.6,-1.68,50.05
37,5.51,59.53,-1.73,50.04
37,5.61,60.45,-1.79,50.01
37,5.71,61.37,-1.85,50.06
37,5.81,62.28,-1.91,50.12
37,5.91,63.19,-1.96,49.93
37,6.01,64.09,-2.02,49.88
37,6.11,64.99,-2.08,49.98
37,6.21,65.89,-2.14,49.75
37,6.31,66.78,-2.2,49.99
37,6.41,67.67,-2.26,50.14
37,6.51,68.55,-2.33,49.86
37,6.61,69.43,-2.39,49.96
37,6.71,70.3,-2.45,49.89
37,6.81,71.17,-2.52,50.04
37,6.91,72.04,-2.58,50.06
37,7.01,72.9,-2.65,50.0
37,7.11,73.76,-2.71,49.93
37,7.21,74.61,-2.78,50.02
37,7.31,75.46,-2.85,50.12
37,7.41,76.31,-2.91,50.09
37,7.51,77.15,-2.98,49.96
37,7.61,77.99,-3.05,49.97
37,7.71,78.83,-3.12,49.96
37,7.81,79.66,-3.19,50.05
37,7.91,80.49,-3.26,49.86
37,8.01,81.32,-3.33,50.05
37,8.11,82.14,-3.4,49.95
37,8.21,82.96,-3.48,49.97
37,8.31,83.77,-3.55,49.93
37,8.41,84.58,-3.62,50.07
37,8.51,85.39,-3.69,49.94
37,8.61,86.19,-3.77,49.9
37,8.71,86.99,-3.84,49.94
37,8.81,87.79,-3.92,49.89
37,8.91,88.59,-3.99,50.09
37,9.02,89.38,-4.07,49.89
37,9.12,90.17,-4.15,50.0
37,9.22,90.95,-4.22,49.93
37,9.32,91.73,-4.3,50.16
37,9.42,92.51,-4.38,50.04
37,9.52,93.29,-4.46,49.94
37,9.62,94.06,-4.54,50.02
37,9.72,94.83,-4.62,49.91
37,9.82,95.59,-4.7,50.07
37,9.92,96.36,-4.78,50.02
37,10.02,97.12,-4.86,50.04
37,10.12,97.87,-4.94,49.9
37,10.22,98.63,-5.02,49.86
37,10.32,99.38,-5.1,49.83
37,10.42,100.13,-5.19,49.84
37,10.52,100.87,-5.27,50.0
37,10.62,101.62,-5.35,50.19
37,10.72,102.36,-5.44,49.96
37,10.82,103.09,-5.52,49.94
37,10.92,103.83,-5.61,49.99
37,11.02,104.56,-5.69,49.92
37,11.12,105.29,-5.78,49.87
37,11.22,106.02,-5.86,49.93
37,11.32,106.74,-5.95,49.98
37,11.42,107.46,-6.04,50.19
37,11.52,108.18,-6.12,49.95
37,11.62,108.89,-6.21,50.02
37,11.72,109.61,-6.3,49.86
37,11.82,110.32,-6.39,50.07
37,11.92,111.03,-6.48,49.93
37,12.02,111.73,-6.57,49.89
37,12.12,112.44,-6.66,49.9
37,12.22,113.14,-6.75,49.94
37,12.32,113.83,-6.84,49.88
37,12.42,114.53,-6.93,50.03
37,12.52,115.22,-7.02,49.89
37,12.62,115.92,-7.11,50.06
37,12.72,116.6,-7.2,49.95
37,12.82,117.29,-7.29,49.91
37,12.92,117.97,-7.39,49.93
37,13.02,118.66,-7.48,49.9
37,13.12,119.34,-7.57,50.0
37,13.22,120.01,-7.67,49.95
37,13.32,120.69,-7.76,50.11
37,13.42,121.36,-7.85,49.77
37,13.52,122.03,-7.95,50.12
37,13.62,122.7,-8.04,49.93
37,13.72,123.36,-8.14,50.16
37,13.82,124.03,-8.24,50.01
37,13.92,124.69,-8.33,50.12
37,14.02,125.35,-8.43,49.99
37,14.12,126.01,-8.52,49.99
37,14.22,126.66,-8.62,49.91
37,14.32,127.31,-8.72,49.99
37,14.42,127.97,-8.82,49.9
37,14.52,128.61,-8.91,50.02
37,14.62,129.26,-9.01,50.02
37,14.72,129.91,-9.11,49.99
37,14.82,130.55,-9.21,50.12
37,14.92,131.19,-9.31,50.05
37,15.03,131.83,-9.41,49.91
37,15.13,132.47,-9.51,50.06
37,15.23,133.1,-9.61,50.1
37,15.33,133.73,-9.71,49.76
37,15.43,134.36,-9.81,49.89
37,15.53,134.99,-9.91,49.95
37,15.63,135.62,-10.01,49.92
37,15.73,136.24,-10.11,50.06
37,15.83,136.87,-10.22,49.91
37,15.93,137.49,-10.32,49.9
37,16.03,138.11,-10.42,50.02
37,16.13,138.73,-10.52,49.98
37,16.23,139.34,-10.63,50.11
37,16.33,139.96,-10.73,50.04
37,16.43,140.57,-10.83,50.34
37,16.53,141.18,-10.94,49.89
37,16.63,141.79,-11.04,49.85
37,16.73,142.4,-11.15,50.14
37,16.83,143.0,-11.25,50.31
37,16.93,143.6,-11.35,49.98
37,17.03,144.21,-11.46,49.97
37,17.13,144.81,-11.57,50.01
37,17.23,145.4,-11.67,49.91
37,17.33,146.0,-11.78,49.81
37,17.43,146.59,-11.88,50.02
37,17.53,147.19,-11.99,50.0
37,17.63,147.78,-12.1,49.86
37,17.73,148.37,-12.2,49.94
37,17.83,148.96,-12.31,49.86
37,17.93,149.54,-12.42,50.04
37,18.03,150.13,-12.53,50.0
37,18.13,150.71,-12.63,50.02
37,18.23,151.29,-12.74,50.05
37,18.33,151.87,-12.85,50.11
37,18.43,152.45,-12.96,50.02
37,18.53,153.03,-13.07,50.06
37,18.63,153.6,-13.18,50.18
37,18.73,154.18,-13.29,50.1
37,18.83,154.75,-13.4,50.02
37,18.93,155.32,-13.51,50.02
37,19.03,155.89,-13.62,49.92
37,19.13,156.46,-13.73,49.94
37,19.23,157.02,-13.84,49.99
37,19.33,157.59,-13.95,49.96
37,19.43,158.15,-14.06,50.19
37,19.53,158.71,-14.17,50.04
37,19.63,159.27,-14.28,50.03
37,19.73,159.83,-14.39,50.12
37,19.83,160.39,-14.51,50.02
37,19.93,160.95,-14.62,49.97
37,20.03,161.5,-14.73,50.03
37,20.13,162.05,-14.84,50.04
37,20.23,162.6,-14.96,50.14
37,20.33,163.15,-15.07,49.86
37,20.43,163.7,-15.18,49.93
37,20.53,164.25,-15.3,49.99
37,20.63,164.8,-15.41,50.09
37,20.73,165.34,-15.52,50.08
37,20.83,165.88,-15.64,50.01
37,20.93,166.43,-15.75,50.1
37,21.04,166.97,-15.87,49.93
37,21.14,167.51,-15.98,50.19
37,21.24,168.04,-16.1,49.92
37,21.34,168.58,-16.21,49.83
37,21.44,169.12,-16.33,50.06
37,21.54,169.65,-16.44,49.86
37,21.64,170.18,-16.56,49.95
37,21.74,170.71,-16.68,49.99
37,21.84,171.24,-16.79,50.04
37,21.94,171.77,-16.91,50.1
37,22.04,172.3,-17.02,49.87
37,22.14,172.83,-17.14,49.89
37,22.24,173.35,-17.26,50.34
37,22.34,173.87,-17.38,49.98
37,22.44,174.4,-17.49,49.84
37,22.54,174.92,-17.61,49.9
37,22.64,175.44,-17.73,49.95
37,22.74,175.96,-17.85,50.0
37,22.84,176.47,-17.96,50.12
37,22.94,176.99,-18.08,50.16
37,23.04,177.51,-18.2,49.92
37,23.14,178.02,-18.32,49.94
37,23.24,178.53,-18.44,50.01
37,23.34,179.04,-18.56,49.93
37,23.44,179.55,-18.68,50.12
37,23.54,180.06,-18.8,50.25
37,23.64,180.57,-18.92,50.0
37,23.74,181.08,-19.03,50.03
37,23.84,181.58,-19.15,49.94
37,23.94,182.09,-19.27,50.03
37,24.04,182.59,-19.4,49.89
37,24.14,183.09,-19.52,49.91
37,24.24,183.59,-19.64,49.82
37,24.34,184.09,-19.76,50.08
37,24.44,184.59,-19.88,50.14
37,24.54,185.09,-20.0,50.1
37,24.64,185.59,-20.12,50.01
37,24.74,186.08,-20.24,49.97
37,24.84,186.58,-20.36,49.99
37,24.94,187.07,-20.48,49.9
37,25.04,187.56,-20.61,50.09
37,25.14,188.06,-20.73,50.1
37,25.24,188.55,-20.85,49.89
37,25.34,189.03,-20.97,49.91
37,25.44,189.52,-21.1,49.87
37,25.54,190.01,-21.22,49.97
37,25.64,190.5,-21.34,50.0
37,25.74,190.98,-21.47,50.01
37,25.84,191.46,-21.59,49.87
37,25.94,191.95,-21.71,49.93
37,26.04,192.43,-21.84,49.93
37,26.14,192.91,-21.96,50.07
37,26.24,193.39,-22.08,49.9
37,26.34,193.87,-22.21,50.01
37,26.44,194.35,-22.33,49.93
37,26.54,194.82,-22.46,49.98
37,26.64,195.3,-22.58,50.09
37,26.74,195.77,-22.7,49.88
37,26.84,196.25,-22.83,49.74
37,26.94,196.72,-22.95,49.87
37,27.05,197.19,-23.08,50.04
37,27.15,197.66,-23.2,49.88
37,27.25,198.13,-23.33,49.93
37,27.35,198.6,-23.46,50.05
37,27.45,199.07,-23.58,50.08
37,27.55,199.54,-23.71,50.1
37,27.65,200.0,-23.83,50.06
37,27.75,200.47,-23.96,49.89
37,27.85,200.93,-24.09,50.16
37,27.95,201.4,-24.21,49.91
37,28.05,201.86,-24.34,49.94
37,28.15,202.32,-24.46,50.0
37,28.25,202.78,-24.59,50.03
37,28.35,203.24,-24.72,50.14
37,28.45,203.7,-24.85,49.94
37,28.55,204.16,-24.97,50.04
37,28.65,204.61,-25.1,49.94
37,28.75,205.07,-25.23,50.16
37,28.85,205.53,-25.36,50.04
37,28.95,205.98,-25.48,50.13
37,29.05,206.43,-25.61,49.88
37,29.15,206.89,-25.74,49.94
37,29.25,207.34,-25.87,50.02
37,29.35,207.79,-26.0,50.13
37,29.45,208.24,-26.12,50.1
37,29.55,208.69,-26.25,50.15
37,29.65,209.14,-26.38,50.13
37,29.75,209.58,-26.51,50.08
37,29.85,210.03,-26.64,50.02
37,29.95,210.47,-26.77,49.89
37,30.05,210.92,-26.9,49.79
37,30.15,211.36,-27.03,50.01
37,30.25,211.81,-27.16,50.08
37,30.35,212.25,-27.29,49.73
37,30.45,212.69,-27.42,49.88
37,30.55,213.13,-27.55,49.9
37,30.65,213.57,-27.68,49.98
37,30.75,214.01,-27.81,50.01
37,30.85,214.45,-27.94,50.11
37,30.95,214.89,-28.07,49.87
37,31.05,215.32,-28.2,50.03
37,31.15,215.76,-28.33,49.86
37,31.25,216.19,-28.46,50.08
37,31.35,216.63,-28.59,49.95
37,31.45,217.06,-28.72,49.88
37,31.55,217.49,-28.85,49.93
37,31.65,217.92,-28.98,49.89
37,31.75,218.36,-29.11,50.01
37,31.85,218.79,-29.24,50.06
37,31.95,219.22,-29.38,50.1
37,32.05,219.64,-29.51,49.95
37,32.15,220.07,-29.64,50.14
37,32.25,220.5,-29.77,50.0
37,32.35,220.93,-29.9,50.13
37,32.45,221.35,-30.04,49.98
37,32.55,221.78,-30.17,49.98
37,32.65,222.2,-30.3,50.06
37,32.75,222.62,-30.43,50.03
37,32.85,223.05,-30.57,49.94
37,32.95,223.47,-30.7,50.12
37,33.06,223.89,-30.83,49.9
37,33.16,224.31,-30.96,50.06
37,33.26,224.73,-31.1,50.05
37,33.36,225.15,-31.23,50.11
37,33.46,225.57,-31.36,50.11
37,33.56,225.99,-31.5,49.98
37,33.66,226.4,-31.63,50.0
37,33.76,226.82,-31.76,50.0
37,33.86,227.23,-31.9,50.17
37,33.96,227.65,-32.03,50.07
37,34.06,228.06,-32.17,50.1
37,34.16,228.48,-32.3,49.97
37,34.26,228.89,-32.43,49.89
37,34.36,229.3,-32.57,49.91
37,34.46,229.71,-32.7,50.1
37,34.56,230.12,-32.84,49.93
37,34.66,230.53,-32.97,50.32
37,34.76,230.94,-33.11,49.96
37,34.86,231.35,-33.24,50.04
37,34.96,231.76,-33.38,50.03
37,35.06,232.16,-33.51,50.02
37,35.16,232.57,-33.65,49.88
37,35.26,232.98,-33.78,50.02
37,35.36,233.38,-33.92,50.02
37,35.46,233.79,-34.05,49.97
37,35.56,234.19,-34.19,50.19
37,35.66,234.59,-34.32,49.83
37,35.76,235.0,-34.46,49.85
37,35.86,235.4,-34.59,50.08
37,35.96,235.8,-34.73,49.99
37,36.06,236.2,-34.87,49.91
37,36.16,236.6,-35.0,50.02
37,36.26,237.0,-35.14,50.1
37,36.36,237.4,-35.28,49.84
37,36.46,237.8,-35.41,50.07
37,36.56,238.19,-35.55,50.03
37,36.66,238.59,-35.68,49.98
37,36.76,238.99,-35.82,50.02
37,36.86,239.38,-35.96,50.03
37,36.96,239.78,-36.09,50.05
37,37.06,240.17,-36.23,49.9
37,37.16,240.56,-36.37,50.11
37,37.26,240.96,-36.51,50.1
37,37.36,241.35,-36.64,50.1
37,37.46,241.74,-36.78,49.83
37,37.56,242.13,-36.92,50.11
37,37.66,242.52,-37.06,49.96
37,37.76,242.91,-37.19,50.05
37,37.86,243.3,-37.33,49.8
37,37.96,243.69,-37.47,49.93
37,38.06,244.08,-37.61,50.08
37,38.16,244.47,-37.74,50.05
37,38.26,244.85,-37.88,49.89
37,38.36,245.24,-38.02,50.07
37,38.46,245.63,-38.16,49.92
37,38.56,246.01,-38.3,49.97
37,38.66,246.4,-38.44,49.88
37,38.76,246.78,-38.57,50.03
37,38.86,247.16,-38.71,50.11
37,38.96,247.55,-38.85,50.09
37,39.07,247.93,-38.99,49.91
37,39.17,248.31,-39.13,50.0
37,39.27,248.69,-39.27,49.84
37,39.37,249.07,-39.41,50.14
37,39.47,249.45,-39.55,50.0
37,39.57,249.83,-39.69,50.06
37,39.67,250.21,-39.83,50.02
37,39.77,250.59,-39.96,49.94
37,39.87,250.97,-40.1,49.94
37,39.97,251.34,-40.24,50.05
37,40.07,251.72,-40.38,50.16
37,40.17,252.1,-40.52,49.97
37,40.27,252.47,-40.66,50.12
37,40.37,252.85,-40.8,50.09
37,40.47,253.22,-40.94,49.97
37,40.57,253.59,-41.08,50.11
37,40.67,253.97,-41.22,50.1
37,40.77,254.34,-41.36,49.79
37,40.87,254.71,-41.5,50.07
37,40.97,255.09,-41.64,50.13
37,41.07,255.46,-41.78,49.88
37,41.17,255.83,-41.93,49.87
37,41.27,256.2,-42.07,50.02
37,41.37,256.57,-42.21,50.16
37,41.47,256.94,-42.35,49.89
37,41.57,257.3,-42.49,49.84
37,41.67,257.67,-42.63,49.95
37,41.77,258.04,-42.77,49.94
37,41.87,258.41,-42.91,49.83
37,41.97,258.77,-43.05,49.94
37,42.07,259.14,-43.19,50.03
37,42.17,259.51,-43.34,50.19
37,42.27,259.87,-43.48,50.06
37,42.37,260.23,-43.62,50.08
37,42.47,260.6,-43.76,49.89
37,42.57,260.96,-43.9,49.99
37,42.67,261.33,-44.04,49.98
37,42.77,261.69,-44.19,50.03
37,42.87,262.05,-44.33,50.06
37,42.97,262.41,-44.47,50.1
37,43.07,262.77,-44.61,50.0
37,43.17,263.13,-44.75,49.95
37,43.27,263.49,-44.9,50.12
37,43.37,263.85,-45.04,50.07
37,43.47,264.21,-45.18,50.06
37,43.57,264.57,-45.32,50.0
37,43.67,264.93,-45.47,50.12
37,43.77,265.29,-45.61,49.87
37,43.87,265.64,-45.75,50.09
37,43.97,266.0,-45.89,50.09
37,44.07,266.35,-46.04,49.91
37,44.17,266.71,-46.18,49.93
37,44.27,267.07,-46.32,49.87
37,44.37,267.42,-46.47,50.05
37,44.47,267.77,-46.61,49.74
37,44.57,268.13,-46.75,50.02
37,44.67,268.48,-46.89,49.92
37,44.77,268.83,-47.04,49.9
37,44.87,269.19,-47.18,49.81
37,44.97,269.54,-47.32,49.91
37,45.08,269.89,-47.47,50.14
37,45.18,270.24,-47.61,49.93
37,45.28,270.59,-47.76,50.04
37,45.38,270.94,-47.9,49.89
37,45.48,271.29,-48.04,50.1
37,45.58,271.64,-48.19,50.06
37,45.68,271.99,-48.33,49.98
37,45.78,272.34,-48.48,50.02
37,45.88,272.69,-48.62,50.03
37,45.98,273.03,-48.76,49.9
37,46.08,273.38,-48.91,49.92
37,46.18,273.73,-49.05,50.09
37,46.28,274.07,-49.2,50.15
37,46.38,274.42,-49.34,50.01
37,46.48,274.76,-49.49,50.07
37,46.58,275.11,-49.63,50.12
37,46.68,275.45,-49.77,49.97
37,46.78,275.8,-49.92,49.99
37,46.88,276.14,-50.06,50.07
37,46.98,276.48,-50.21,50.22
37,47.08,276.82,-50.35,50.07
37,47.18,277.17,-50.5,50.03
37,47.28,277.51,-50.64,49.94
37,47.38,277.85,-50.79,49.99
37,47.48,278.19,-50.93,50.07
37,47.58,278.53,-51.08,50.06
37,47.68,278.87,-51.22,49.94
37,47.78,279.21,-51.37,50.13
37,47.88,279.55,-51.52,50.13
37,47.98,279.89,-51.66,49.99
37,48.08,280.23,-51.81,50.03
37,48.18,280.56,-51.95,49.94
37,48.28,280.9,-52.1,49.92
37,48.38,281.24,-52.24,50.03
37,48.48,281.57,-52.39,49.92
37,48.58,281.91,-52.53,50.06
37,48.68,282.25,-52.68,49.96
37,48.78,282.58,-52.83,50.11
37,48.88,282.92,-52.97,49.99
37,48.98,283.25,-53.12,49.81
37,49.08,283.59,-53.27,49.96
37,49.18,283.92,-53.41,50.01
37,49.28,284.25,-53.56,49.83
37,49.38,284.59,-53.7,49.84
37,49.48,284.92,-53.85,49.98
37,49.58,285.25,-54.0,50.1
37,49.68,285.58,-54.14,50.06
37,49.78,285.91,-54.29,50.0
37,49.88,286.24,-54.44,49.91
37,49.98,286.58,-54.58,49.91
37,50.08,286.91,-54.73,50.06
37,50.18,287.24,-54.88,50.02
37,50.28,287.56,-55.02,50.09
37,50.38,287.89,-55.17,50.12
37,50.48,288.22,-55.32,49.95
37,50.58,288.55,-55.46,50.04
37,50.68,288.88,-55.61,50.06
37,50.78,289.21,-55.76,49.93
37,50.88,289.53,-55.91,49.94
37,50.98,289.86,-56.05,50.07
37,51.09,290.19,-56.2,50.0
37,51.19,290.51,-56.35,49.91
37,51.29,290.84,-56.5,49.92
37,51.39,291.16,-56.64,49.87
37,51.49,291.49,-56.79,49.96
37,51.59,291.81,-56.94,49.9
37,51.69,292.14,-57.09,50.01
37,51.79,292.46,-57.23,50.23
37,51.89,292.78,-57.38,50.05
37,51.99,293.11,-57.53,50.11
37,52.09,293.43,-57.68,50.04
37,52.19,293.75,-57.83,49.84
37,52.29,294.07,-57.97,50.01
37,52.39,294.4,-58.12,49.93
37,52.49,294.72,-58.27,49.92
37,52.59,295.04,-58.42,49.98
37,52.69,295.36,-58.57,50.06
37,52.79,295.68,-58.72,49.97
37,52.89,296.0,-58.86,50.09
37,52.99,296.32,-59.01,50.02
37,53.09,296.64,-59.16,50.03
37,53.19,296.95,-59.31,49.99
37,53.29,297.27,-59.46,50.13
37,53.39,297.59,-59.61,49.93
37,53.49,297.91,-59.76,49.94
37,53.59,298.23,-59.9,49.97
37,53.69,298.54,-60.05,50.05
37,53.79,298.86,-60.2,50.06
37,53.89,299.18,-60.35,49.94
37,53.99,299.49,-60.5,50.09
37,54.09,299.81,-60.65,49.9
37,54.19,300.12,-60.8,50.07
37,54.29,300.44,-60.95,50.04
37,54.39,300.75,-61.1,50.0
37,54.49,301.07,-61.25,50.05
37,54.59,301.38,-61.39,49.99
37,54.69,301.69,-61.54,50.03
37,54.79,302.01,-61.69,50.24
37,54.89,302.32,-61.84,50.09
37,54.99,302.63,-61.99,49.95
37,55.09,302.94,-62.14,49.97
37,55.19,303.25,-62.29,50.12
37,55.29,303.57,-62.44,49.96
37,55.39,303.88,-62.59,50.17
37,55.49,304.19,-62.74,50.08
37,55.59,304.5,-62.89,49.86
37,55.69,304.81,-63.04,50.09
37,55.79,305.12,-63.19,49.78
37,55.89,305.43,-63.34,49.97
37,55.99,305.74,-63.49,50.09
37,56.09,306.05,-63.64,49.81
37,56.19,306.35,-63.79,50.2
37,56.29,306.66,-63.94,50.1
37,56.39,306.97,-64.09,49.9
37,56.49,307.28,-64.24,50.15
37,56.59,307.58,-64.39,49.81
37,56.69,307.89,-64.54,49.9
37,56.79,308.2,-64.69,49.86
37,56.89,308.5,-64.84,49.8
37,56.99,308.81,-64.99,49.97
37,57.1,309.12,-65.14,50.02
37,57.2,309.42,-65.29,50.02
37,57.3,309.73,-65.44,50.01
37,57.4,310.03,-65.6,50.01
37,57.5,310.34,-65.75,49.88
37,57.6,310.64,-65.9,49.95
37,57.7,310.94,-66.05,49.72
37,57.8,311.25,-66.2,50.11
37,57.9,311.55,-66.35,50.01
37,58.0,311.85,-66.5,50.01
37,58.1,312.15,-66.65,50.08
37,58.2,312.46,-66.8,50.09
37,58.3,312.76,-66.95,49.96
37,58.4,313.06,-67.1,49.99
37,58.5,313.36,-67.26,50.16
37,58.6,313.66,-67.41,49.94
37,58.7,313.96,-67.56,50.16
37,58.8,314.26,-67.71,49.96
37,58.9,314.56,-67.86,49.81
37,59.0,314.86,-68.01,50.01
37,59.1,315.16,-68.16,49.96
37,59.2,315.46,-68.32,49.87
37,59.3,315.76,-68.47,49.99
37,59.4,316.06,-68.62,49.95
37,59.5,316.36,-68.77,50.19
37,59.6,316.66,-68.92,50.1
37,59.7,316.95,-69.07,49.9
37,59.8,317.25,-69.23,49.93
37,59.9,317.55,-69.38,50.1
37,60.0,317.84,-69.53,50.12
38,0.0,0.0,0.0,0.0
38,0.1,0.62,-0.0,50.07
38,0.2,1.24,-0.0,50.08
38,0.3,1.85,-0.0,49.89
38,0.4,2.47,-0.01,49.96
38,0.5,3.08,-0.01,49.79
38,0.6,3.68,-0.01,50.0
38,0.7,4.29,-0.02,49.86
38,0.8,4.89,-0.02,49.93
38,0.9,5.49,-0.03,50.11
38,1.0,6.08,-0.03,50.04
38,1.1,6.68,-0.04,50.03
38,1.2,7.27,-0.04,50.0
38,1.3,7.86,-0.05,50.14
38,1.4,8.44,-0.06,49.94
38,1.5,9.03,-0.06,50.02
38,1.6,9.61,-0.07,50.01
38,1.7,10.19,-0.08,49.97
38,1.8,10.77,-0.09,50.21
38,1.9,11.34,-0.1,49.88
38,2.0,11.91,-0.11,49.82
38,2.1,12.48,-0.12,50.01
38,2.2,13.05,-0.13,49.94
38,2.3,13.62,-0.14,49.77
38,2.4,14.18,-0.16,50.04
38,2.5,14.74,-0.17,50.02
38,2.6,15.3,-0.18,50.11
38,2.7,15.86,-0.19,49.94
38,2.8,16.42,-0.21,49.81
38,2.9,16.97,-0.22,49.91
38,3.01,17.52,-0.24,49.81
38,3.11,18.07,-0.25,50.15
38,3.21,18.62,-0.27,50.1
38,3.31,19.16,-0.28,50.13
38,3.41,19.71,-0.3,50.07
38,3.51,20.25,-0.31,49.86
38,3.61,20.79,-0.33,49.96
38,3.71,21.33,-0.35,50.08
38,3.81,21.87,-0.36,49.83
38,3.91,22.4,-0.38,50.04
38,4.01,22.93,-0.4,50.08
38,4.11,23.46,-0.42,50.23
38,4.21,23.99,-0.44,50.1
38,4.31,24.52,-0.45,50.05
38,4.41,25.05,-0.47,50.0
38,4.51,25.57,-0.49,50.05
38,4.61,26.1,-0.51,50.06
38,4.71,26.62,-0.53,49.79
38,4.81,27.14,-0.55,50.02
38,4.91,27.65,-0.58,49.74
38,5.01,28.17,-0.6,49.77
38,5.11,28.69,-0.62,50.0
38,5.21,29.2,-0.64,50.05
38,5.31,29.71,-0.66,49.87
38,5.41,30.22,-0.68,50.11
38,5.51,30.73,-0.71,50.15
38,5.61,31.24,-0.73,50.08
38,5.71,31.74,-0.75,50.0
38,5.81,32.25,-0.78,50.03
38,5.91,32.75,-0.8,50.01
38,6.01,33.25,-0.83,50.02
38,6.11,33.75,-0.85,49.9
38,6.21,34.25,-0.87,49.96
38,6.31,34.75,-0.9,50.01
38,6.41,35.24,-0.92,50.03
38,6.51,35.74,-0.95,50.06
38,6.61,36.23,-0.98,49.9
38,6.71,36.72,-1.0,49.98
38,6.81,37.22,-1.03,49.97
38,6.91,37.71,-1.05,50.2
38,7.01,38.19,-1.08,50.02
38,7.11,38.68,-1.11,50.07
38,7.21,39.17,-1.14,50.1
38,7.31,39.65,-1.16,50.09
38,7.41,40.13,-1.19,49.8
38,7.51,40.62,-1.22,49.98
38,7.61,41.1,-1.25,50.07
38,7.71,41.58,-1.28,50.01
38,7.81,42.05,-1.3,49.83
38,7.91,42.53,-1.33,49.9
38,8.01,43.01,-1.36,49.91
38,8.11,43.48,-1.39,50.03
38,8.21,43.96,-1.42,50.02
38,8.31,44.43,-1.45,50.15
38,8.41,44.9,-1.48,50.0
38,8.51,45.37,-1.51,50.02
38,8.61,45.84,-1.54,49.87
38,8.71,46.31,-1.57,49.98
38,8.81,46.77,-1.6,50.23
38,8.91,47.24,-1.64,50.03
38,9.02,47.71,-1.67,49.94
38,9.12,48.17,-1.7,50.04
38,9.22,48.63,-1.73,50.1
38,9.32,49.09,-1.76,50.05
38,9.42,49.56,-1.8,50.08
38,9.52,50.02,-1.83,50.1
38,9.62,50.47,-1.86,50.02
38,9.72,50.93,-1.89,50.03
38,9.82,51.39,-1.93,49.94
38,9.92,51.84,-1.96,49.94
38,10.02,52.3,-1.99,49.99
38,10.12,52.75,-2.03,49.87
38,10.22,53.21,-2.06,50.04
38,10.32,53.66,-2.09,49.92
38,10.42,54.11,-2.13,50.02
38,10.52,54.56,-2.16,50.05
38,10.62,55.01,-2.2,49.87
38,10.72,55.46,-2.23,50.04
38,10.82,55.9,-2.27,49.79
38,10.92,56.35,-2.3,50.06
38,11.02,56.8,-2.34,50.06
38,11.12,57.24,-2.37,50.07
38,11.22,57.68,-2.41,50.03
38,11.32,58.13,-2.44,49.95
38,11.42,58.57,-2.48,49.95
38,11.52,59.01,-2.52,49.94
38,11.62,59.45,-2.55,50.1
38,11.72,59.89,-2.59,50.17
38,11.82,60.33,-2.63,50.01
38,11.92,60.77,-2.66,49.9
38,12.02,61.2,-2.7,49.97
38,12.12,61.64,-2.74,50.1
38,12.22,62.07,-2.77,50.06
38,12.32,62.51,-2.81,50.0
38,12.42,62.94,-2.85,49.97
38,12.52,63.37,-2.89,49.83
38,12.62,63.81,-2.92,49.98
38,12.72,64.24,-2.96,49.96
38,12.82,64.67,-3.0,49.96
38,12.92,65.1,-3.04,50.03
38,13.02,65.53,-3.08,50.18
38,13.12,65.96,-3.12,50.0
38,13.22,66.38,-3.15,50.06
38,13.32,66.81,-3.19,49.99
38,13.42,67.24,-3.23,49.99
38,13.52,67.66,-3.27,50.11
38,13.62,68.09,-3.31,50.04
38,13.72,68.51,-3.35,50.08
38,13.82,68.93,-3.39,50.12
38,13.92,69.35,-3.43,50.04
38,14.02,69.78,-3.47,50.02
38,14.12,70.2,-3.51,50.07
38,14.22,70.62,-3.55,49.94
38,14.32,71.04,-3.59,49.94
38,14.42,71.46,-3.63,49.92
38,14.52,71.87,-3.67,49.95
38,14.62,72.29,-3.71,49.88
38,14.72,72.71,-3.75,49.83
38,14.82,73.12,-3.8,49.92
38,14.92,73.54,-3.84,49.76
38,15.03,73.95,-3.88,50.03
38,15.13,74.37,-3.92,50.01
38,15.23,74.78,-3.96,50.07
38,15.33,75.19,-4.0,49.91
38,15.43,75.61,-4.04,50.05
38,15.53,76.02,-4.09,49.92
38,15.63,76.43,-4.13,50.08
38,15.73,76.84,-4.17,49.82
38,15.83,77.25,-4.21,49.98
38,15.93,77.66,-4.26,49.96
38,16.03,78.07,-4.3,50.08
38,16.13,78.47,-4.34,50.08
38,16.23,78.88,-4.38,50.12
38,16.33,79.29,-4.43,49.8
38,16.43,79.69,-4.47,50.15
38,16.53,80.1,-4.51,49.91
38,16.63,80.5,-4.56,50.17
38,16.73,80.91,-4.6,50.22
38,16.83,81.31,-4.64,50.12
38,16.93,81.71,-4.69,49.91
38,17.03,82.12,-4.73,49.88
38,17.13,82.52,-4.78,49.93
38,17.23,82.92,-4.82,50.06
38,17.33,83.32,-4.86,49.89
38,17.43,83.72,-4.91,49.81
38,17.53,84.12,-4.95,50.11
38,17.63,84.52,-5.0,49.94
38,17.73,84.92,-5.04,50.09
38,17.83,85.32,-5.09,50.08
38,17.93,85.71,-5.13,50.02
38,18.03,86.11,-5.18,50.08
38,18.13,86.51,-5.22,50.15
38,18.23,86.9,-5.27,50.08
38,18.33,87.3,-5.31,50.08
38,18.43,87.69,-5.36,50.04
38,18.53,88.09,-5.4,49.96
38,18.63,88.48,-5.45,50.03
38,18.73,88.87,-5.49,50.02
38,18.83,89.27,-5.54,50.05
38,18.93,89.66,-5.58,50.03
38,19.03,90.05,-5.63,49.95
38,19.13,90.44,-5.68,50.11
38,19.23,90.83,-5.72,49.95
38,19.33,91.22,-5.77,50.04
38,19.43,91.61,-5.81,50.05
38,19.53,92.0,-5.86,49.9
38,19.63,92.39,-5.91,50.16
38,19.73,92.78,-5.95,50.0
38,19.83,93.16,-6.0,49.9
38,19.93,93.55,-6.05,50.0
38,20.03,93.94,-6.09,49.9
38,20.13,94.32,-6.14,49.94
38,20.23,94.71,-6.19,49.94
38,20.33,95.09,-6.24,49.99
38,20.43,95.48,-6.28,50.14
38,20.53,95.86,-6.33,50.01
38,20.63,96.25,-6.38,50.02
38,20.73,96.63,-6.43,49.95
38,20.83,97.01,-6.47,50.03
38,20.93,97.4,-6.52,50.0
38,21.04,97.78,-6.57,49.99
38,21.14,98.16,-6.62,50.07
38,21.24,98.54,-6.66,49.91
38,21.34,98.92,-6.71,50.13
38,21.44,99.3,-6.76,49.73
38,21.54,99.68,-6.81,49.99
38,21.64,100.06,-6.86,50.14
38,21.74,100.44,-6.91,50.12
38,21.84,100.82,-6.95,50.02
38,21.94,101.2,-7.0,49.92
38,22.04,101.57,-7.05,49.99
38,22.14,101.95,-7.1,50.26
38,22.24,102.33,-7.15,50.07
38,22.34,102.7,-7.2,49.83
38,22.44,103.08,-7.25,50.01
38,22.54,103.46,-7.3,49.94
38,22.64,103.83,-7.35,49.87
38,22.74,104.21,-7.39,50.05
38,22.84,104.58,-7.44,49.9
38,22.94,104.95,-7.49,50.15
38,23.04,105.33,-7.54,50.13
38,23.14,105.7,-7.59,49.93
38,23.24,106.07,-7.64,49.92
38,23.34,106.45,-7.69,50.07
38,23.44,106.82,-7.74,50.1
38,23.54,107.19,-7.79,49.97
38,23.64,107.56,-7.84,50.1
38,23.74,107.93,-7.89,50.17
38,23.84,108.3,-7.94,50.03
38,23.94,108.67,-7.99,49.9
38,24.04,109.04,-8.04,50.08
38,24.14,109.41,-8.09,50.01
38,24.24,109.78,-8.14,49.97
38,24.34,110.15,-8.19,50.08
38,24.44,110.51,-8.24,50.12
38,24.54,110.88,-8.29,50.02
38,24.64,111.25,-8.35,49.77
38,24.74,111.62,-8.4,50.01
38,24.84,111.98,-8.45,50.02
38,24.94,112.35,-8.5,50.26
38,25.04,112.72,-8.55,50.01
38,25.14,113.08,-8.6,49.98
38,25.24,113.45,-8.65,50.07
38,25.34,113.81,-8.7,49.97
38,25.44,114.17,-8.75,49.93
38,25.54,114.54,-8.81,49.84
38,25.64,114.9,-8.86,49.94
38,25.74,115.27,-8.91,49.81
38,25.84,115.63,-8.96,50.03
38,25.94,115.99,-9.01,50.02
38,26.04,116.35,-9.06,50.07
38,26.14,116.72,-9.12,49.9
38,26.24,117.08,-9.17,49.86
38,26.34,117.44,-9.22,50.21
38,26.44,117.8,-9.27,49.99
38,26.54,118.16,-9.32,50.07
38,26.64,118.52,-9.38,50.01
38,26.74,118.88,-9.43,50.07
38,26.84,119.24,-9.48,50.02
38,26.94,119.6,-9.53,49.92
38,27.05,119.96,-9.58,50.05
38,27.15,120.32,-9.64,50.03
38,27.25,120.67,-9.69,49.83
38,27.35,121.03,-9.74,50.03
38,27.45,121.39,-9.79,49.96
38,27.55,121.75,-9.85,49.93
38,27.65,122.1,-9.9,50.1
38,27.75,122.46,-9.95,49.99
38,27.85,122.82,-10.01,50.0
38,27.95,123.17,-10.06,50.01
38,28.05,123.53,-10.11,50.0
38,28.15,123.88,-10.16,49.99
38,28.25,124.24,-10.22,50.15
38,28.35,124.59,-10.27,49.93
38,28.45,124.95,-10.32,49.83
38,28.55,125.3,-10.38,50.0
38,28.65,125.66,-10.43,49.91
38,28.75,126.01,-10.48,49.89
38,28.85,126.36,-10.54,50.0
38,28.95,126.72,-10.59,50.03
38,29.05,127.07,-10.65,49.98
38,29.15,127.42,-10.7,49.95
38,29.25,127.77,-10.75,49.98
38,29.35,128.13,-10.81,49.99
38,29.45,128.48,-10.86,50.0
38,29.55,128.83,-10.91,49.82
38,29.65,129.18,-10.97,50.09
38,29.75,129.53,-11.02,49.85
38,29.85,129.88,-11.08,49.93
38,29.95,130.23,-11.13,49.84
38,30.05,130.58,-11.18,50.02
38,30.15,130.93,-11.24,49.93
38,30.25,131.28,-11.29,49.98
38,30.35,131.63,-11.35,49.93
38,30.45,131.98,-11.4,49.89
38,30.55,132.33,-11.46,49.75
38,30.65,132.67,-11.51,49.94
38,30.75,133.02,-11.57,49.88
38,30.85,133.37,-11.62,50.05
38,30.95,133.72,-11.67,50.21
38,31.05,134.06,-11.73,50.18
38,31.15,134.41,-11.78,49.99
38,31.25,134.76,-11.84,49.92
38,31.35,135.1,-11.89,49.81
38,31.45,135.45,-11.95,49.96
38,31.55,135.79,-12.0,49.91
38,31.65,136.14,-12.06,49.93
38,31.75,136.48,-12.11,49.84
38,31.85,136.83,-12.17,50.07
38,31.95,137.17,-12.22,50.05
38,32.05,137.52,-12.28,49.91
38,32.15,137.86,-12.34,50.09
38,32.25,138.21,-12.39,50.01
38,32.35,138.55,-12.45,50.05
38,32.45,138.89,-12.5,50.08
38,32.55,139.24,-12.56,50.04
38,32.65,139.58,-12.61,49.92
38,32.75,139.92,-12.67,50.1
38,32.85,140.26,-12.72,50.08
38,32.95,140.61,-12.78,50.08
38,33.06,140.95,-12.84,49.87
38,33.16,141.29,-12.89,49.85
38,33.26,141.63,-12.95,50.15
38,33.36,141.97,-13.0,49.94
38,33.46,142.31,-13.06,50.03
38,33.56,142.65,-13.11,50.12
38,33.66,142.99,-13.17,50.16
38,33.76,143.33,-13.23,50.06
38,33.86,143.67,-13.28,49.95
38,33.96,144.01,-13.34,49.97
38,34.06,144.35,-13.4,50.04
38,34.16,144.69,-13.45,50.02
38,34.26,145.03,-13.51,49.93
38,34.36,145.37,-13.56,49.73
38,34.46,145.71,-13.62,49.93
38,34.56,146.05,-13.68,49.98
38,34.66,146.38,-13.73,50.0
38,34.76,146.72,-13.79,50.17
38,34.86,147.06,-13.85,50.11
38,34.96,147.4,-13.9,49.95
38,35.06,147.73,-13.96,50.05
38,35.16,148.07,-14.02,49.73
38,35.26,148.41,-14.07,50.12
38,35.36,148.74,-14.13,49.95
38,35.46,149.08,-14.19,50.02
38,35.56,149.41,-14.25,50.0
38,35.66,149.75,-14.3,50.1
38,35.76,150.09,-14.36,49.97
38,35.86,150.42,-14.42,50.08
38,35.96,150.76,-14.47,50.04
38,36.06,151.09,-14.53,50.01
38,36.16,151.42,-14.59,49.99
38,36.26,151.76,-14.64,49.95
38,36.36,152.09,-14.7,49.98
38,36.46,152.43,-14.76,49.96
38,36.56,152.76,-14.82,50.04
38,36.66,153.09,-14.87,49.89
38,36.76,153.43,-14.93,50.01
38,36.86,153.76,-14.99,50.15
38,36.96,154.09,-15.05,49.96
38,37.06,154.43,-15.1,50.04
38,37.16,154.76,-15.16,49.77
38,37.26,155.09,-15.22,49.84
38,37.36,155.42,-15.28,49.99
38,37.46,155.75,-15.34,49.99
38,37.56,156.09,-15.39,50.0
38,37.66,156.42,-15.45,50.22
38,37.76,156.75,-15.51,49.94
38,37.86,157.08,-15.57,50.01
38,37.96,157.41,-15.62,49.93
38,38.06,157.74,-15.68,50.07
38,38.16,158.07,-15.74,49.88
38,38.26,158.4,-15.8,49.93
38,38.36,158.73,-15.86,49.91
38,38.46,159.06,-15.91,50.08
38,38.56,159.39,-15.97,50.01
38,38.66,159.72,-16.03,50.03
38,38.76,160.05,-16.09,49.98
38,38.86,160.38,-16.15,50.12
38,38.96,160.71,-16.21,49.98
38,39.07,161.04,-16.26,50.2
38,39.17,161.36,-16.32,50.13
38,39.27,161.69,-16.38,49.85
38,39.37,162.02,-16.44,50.06
38,39.47,162.35,-16.5,50.13
38,39.57,162.68,-16.56,49.96
38,39.67,163.0,-16.62,50.04
38,39.77,163.33,-16.67,49.85
38,39.87,163.66,-16.73,49.9
38,39.97,163.98,-16.79,49.97
38,40.07,164.31,-16.85,49.86
38,40.17,164.64,-16.91,50.01
38,40.27,164.96,-16.97,50.07
38,40.37,165.29,-17.03,49.91
38,40.47,165.62,-17.09,49.87
38,40.57,165.94,-17.15,49.84
38,40.67,166.27,-17.2,50.12
38,40.77,166.59,-17.26,49.83
38,40.87,166.92,-17.32,50.03
38,40.97,167.24,-17.38,50.13
38,41.07,167.57,-17.44,49.9
38,41.17,167.89,-17.5,49.92
38,41.27,168.22,-17.56,50.02
38,41.37,168.54,-17.62,50.02
38,41.47,168.86,-17.68,49.95
38,41.57,169.19,-17.74,49.97
38,41.67,169.51,-17.8,50.01
38,41.77,169.84,-17.86,49.96
38,41.87,170.16,-17.91,49.96
38,41.97,170.48,-17.97,50.19
38,42.07,170.81,-18.03,50.1
38,42.17,171.13,-18.09,50.11
38,42.27,171.45,-18.15,49.97
38,42.37,171.77,-18.21,49.83
38,42.47,172.1,-18.27,50.25
38,42.57,172.42,-18.33,49.94
38,42.67,172.74,-18.39,50.03
38,42.77,173.06,-18.45,50.08
38,42.87,173.38,-18.51,49.94
38,42.97,173.7,-18.57,50.09
38,43.07,174.03,-18.63,50.0
38,43.17,174.35,-18.69,49.97
38,43.27,174.67,-18.75,49.94
38,43.37,174.99,-18.81,49.9
38,43.47,175.31,-18.87,49.81
38,43.57,175.63,-18.93,50.28
38,43.67,175.95,-18.99,50.15
38,43.77,176.27,-19.05,50.01
38,43.87,176.59,-19.11,50.16
38,43.97,176.91,-19.17,50.14
38,44.07,177.23,-19.23,50.06
38,44.17,177.55,-19.29,49.97
38,44.27,177.87,-19.35,50.11
38,44.37,178.19,-19.41,50.09
38,44.47,178.51,-19.47,50.08
38,44.57,178.83,-19.53,49.97
38,44.67,179.14,-19.59,50.04
38,44.77,179.46,-19.65,50.03
38,44.87,179.78,-19.71,49.96
38,44.97,180.1,-19.77,50.04
38,45.08,180.42,-19.83,50.13
38,45.18,180.74,-19.89,50.15
38,45.28,181.05,-19.95,50.05
38,45.38,181.37,-20.02,49.98
38,45.48,181.69,-20.08,50.09
38,45.58,182.01,-20.14,49.91
38,45.68,182.32,-20.2,49.96
38,45.78,182.64,-20.26,50.13
38,45.88,182.96,-20.32,50.19
38,45.98,183.27,-20.38,50.11
38,46.08,183.59,-20.44,49.99
38,46.18,183.91,-20.5,49.78
38,46.28,184.22,-20.56,50.08
38,46.38,184.54,-20.62,50.05
38,46.48,184.85,-20.68,50.06
38,46.58,185.17,-20.74,49.86
38,46.68,185.49,-20.81,49.97
38,46.78,185.8,-20.87,50.19
38,46.88,186.12,-20.93,49.9
38,46.98,186.43,-20.99,50.06
38,47.08,186.75,-21.05,49.93
38,47.18,187.06,-21.11,50.05
38,47.28,187.38,-21.17,49.98
38,47.38,187.69,-21.23,50.12
38,47.48,188.0,-21.29,50.0
38,47.58,188.32,-21.36,50.1
38,47.68,188.63,-21.42,50.21
38,47.78,188.95,-21.48,50.1
38,47.88,189.26,-21.54,50.06
38,47.98,189.57,-21.6,50.12
38,48.08,189.89,-21.66,50.06
38,48.18,190.2,-21.72,49.94
38,48.28,190.51,-21.78,49.92
38,48.38,190.83,-21.85,50.07
38,48.48,191.14,-21.91,49.94
38,48.58,191.45,-21.97,49.93
38,48.68,191.77,-22.03,49.98
38,48.78,192.08,-22.09,49.83
38,48.88,192.39,-22.15,49.93
38,48.98,192.7,-22.22,49.93
38,49.08,193.02,-22.28,50.25
38,49.18,193.33,-22.34,50.08
38,49.28,193.64,-22.4,49.96
38,49.38,193.95,-22.46,49.92
38,49.48,194.26,-22.52,49.76
38,49.58,194.57,-22.59,49.85
38,49.68,194.89,-22.65,49.83
38,49.78,195.2,-22.71,49.9
38,49.88,195.51,-22.77,50.0
38,49.98,195.82,-22.83,49.98
38,50.08,196.13,-22.89,49.91
38,50.18,196.44,-22.96,49.99
38,50.28,196.75,-23.02,49.86
38,50.38,197.06,-23.08,50.04
38,50.48,197.37,-23.14,50.08
38,50.58,197.68,-23.2,50.05
38,50.68,197.99,-23.27,50.11
38,50.78,198.3,-23.33,49.85
38,50.88,198.61,-23.39,50.0
38,50.98,198.92,-23.45,49.9
38,51.09,199.23,-23.52,49.88
38,51.19,199.54,-23.58,49.86
38,51.29,199.85,-23.64,50.25
38,51.39,200.16,-23.7,50.09
38,51.49,200.47,-23.76,50.16
38,51.59,200.78,-23.83,50.04
38,51.69,201.09,-23.89,49.92
38,51.79,201.39,-23.95,50.07
38,51.89,201.7,-24.01,50.23
38,51.99,202.01,-24.08,50.05
38,52.09,202.32,-24.14,49.99
38,52.19,202.63,-24.2,50.03
38,52.29,202.93,-24.26,50.11
38,52.39,203.24,-24.33,50.0
38,52.49,203.55,-24.39,49.99
38,52.59,203.86,-24.45,49.93
38,52.69,204.17,-24.51,50.04
38,52.79,204.47,-24.58,49.87
38,52.89,204.78,-24.64,49.96
38,52.99,205.09,-24.7,49.99
38,53.09,205.39,-24.76,49.89
38,53.19,205.7,-24.83,50.0
38,53.29,206.01,-24.89,50.1
38,53.39,206.31,-24.95,50.15
38,53.49,206.62,-25.01,49.98
38,53.59,206.93,-25.08,49.95
38,53.69,207.23,-25.14,49.97
38,53.79,207.54,-25.2,50.06
38,53.89,207.85,-25.27,49.94
38,53.99,208.15,-25.33,49.94
38,54.09,208.46,-25.39,50.03
38,54.19,208.76,-25.45,50.05
38,54.29,209.07,-25.52,50.02
38,54.39,209.37,-25.58,50.01
38,54.49,209.68,-25.64,49.95
38,54.59,209.98,-25.71,50.0
38,54.69,210.29,-25.77,49.76
38,54.79,210.59,-25.83,50.15
38,54.89,210.9,-25.9,50.02
38,54.99,211.2,-25.96,50.21
38,55.09,211.51,-26.02,50.13
38,55.19,211.81,-26.09,49.92
38,55.29,212.12,-26.15,49.96
38,55.39,212.42,-26.21,49.89
38,55.49,212.73,-26.27,49.93
38,55.59,213.03,-26.34,49.84
38,55.69,213.33,-26.4,49.91
38,55.79,213.64,-26.46,49.9
38,55.89,213.94,-26.53,50.09
38,55.99,214.24,-26.59,49.84
38,56.09,214.55,-26.65,50.22
38,56.19,214.85,-26.72,49.97
38,56.29,215.15,-26.78,50.13
38,56.39,215.46,-26.84,49.9
38,56.49,215.76,-26.91,50.08
38,56.59,216.06,-26.97,49.85
38,56.69,216.37,-27.04,49.85
38,56.79,216.67,-27.1,50.11
38,56.89,216.97,-27.16,49.99
38,56.99,217.27,-27.23,49.98
38,57.1,217.58,-27.29,49.9
38,57.2,217.88,-27.35,49.91
38,57.3,218.18,-27.42,49.84
38,57.4,218.48,-27.48,49.95
38,57.5,218.79,-27.54,50.03
38,57.6,219.09,-27.61,50.01
38,57.7,219.39,-27.67,50.01
38,57.8,219.69,-27.74,49.79
38,57.9,219.99,-27.8,50.02
38,58.0,220.29,-27.86,49.97
38,58.1,220.59,-27.93,49.92
38,58.2,220.9,-27.99,49.88
38,58.3,221.2,-28.05,50.07
38,58.4,221.5,-28.12,49.79
38,58.5,221.8,-28.18,49.88
38,58.6,222.1,-28.25,50.01
38,58.7,222.4,-28.31,49.95
38,58.8,222.7,-28.37,50.04
38,58.9,223.0,-28.44,50.01
38,59.0,223.3,-28.5,49.93
38,59.1,223.6,-28.57,49.83
38,59.2,223.9,-28.63,50.08
38,59.3,224.2,-28.69,49.98
38,59.4,224.5,-28.76,49.87
38,59.5,224.8,-28.82,49.79
38,59.6,225.1,-28.89,50.03
38,59.7,225.4,-28.95,49.94
38,59.8,225.7,-29.01,49.89
38,59.9,226.0,-29.08,50.12
38,60.0,226.3,-29.14,49.81
39,0.0,0.0,0.0,0.0
39,0.1,1.22,-0.01,49.98
39,0.2,2.43,-0.03,49.87
39,0.3,3.63,-0.06,50.13
39,0.4,4.82,-0.1,50.14
39,0.5,6.0,-0.15,50.1
39,0.6,7.17,-0.21,49.91
39,0.7,8.33,-0.27,49.98
39,0.8,9.48,-0.35,50.13
39,0.9,10.62,-0.43,50.04
39,1.0,11.76,-0.52,49.94
39,1.1,12.88,-0.61,49.98
39,1.2,14.0,-0.72,49.85
39,1.3,15.11,-0.83,50.11
39,1.4,16.22,-0.94,49.99
39,1.5,17.32,-1.07,50.17
39,1.6,18.41,-1.19,49.82
39,1.7,19.49,-1.33,49.9
39,1.8,20.57,-1.47,49.99
39,1.9,21.64,-1.61,50.23
39,2.0,22.71,-1.76,50.01
39,2.1,23.77,-1.92,49.92
39,2.2,24.82,-2.08,50.0
39,2.3,25.87,-2.25,49.93
39,2.4,26.92,-2.42,50.09
39,2.5,27.96,-2.59,50.09
39,2.6,28.99,-2.77,50.16
39,2.7,30.02,-2.96,49.84
39,2.8,31.04,-3.15,49.82
39,2.9,32.06,-3.34,49.98
39,3.01,33.08,-3.53,50.08
39,3.11,34.09,-3.73,50.1
39,3.21,35.1,-3.94,50.02
39,3.31,36.1,-4.15,50.08
39,3.41,37.1,-4.36,50.15
39,3.51,38.09,-4.57,49.92
39,3.61,39.09,-4.79,50.15
39,3.71,40.07,-5.01,50.15
39,3.81,41.06,-5.24,49.94
39,3.91,42.04,-5.47,49.91
39,4.01,43.01,-5.7,50.08
39,4.11,43.99,-5.93,50.2
39,4.21,44.96,-6.17,49.92
39,4.31,45.93,-6.41,50.19
39,4.41,46.89,-6.65,49.9
39,4.51,47.85,-6.9,49.98
39,4.61,48.81,-7.15,49.89
39,4.71,49.76,-7.4,50.04
39,4.81,50.71,-7.65,50.01
39,4.91,51.66,-7.91,50.0
39,5.01,52.61,-8.17,49.94
39,5.11,53.55,-8.43,49.96
39,5.21,54.49,-8.7,49.99
39,5.31,55.43,-8.96,49.97
39,5.41,56.37,-9.23,50.0
39,5.51,57.3,-9.5,49.85
39,5.61,58.23,-9.77,49.78
39,5.71,59.16,-10.05,50.03
39,5.81,60.09,-10.33,50.04
39,5.91,61.01,-10.61,50.02
39,6.01,61.93,-10.89,50.05
39,6.11,62.85,-11.17,49.95
39,6.21,63.77,-11.46,49.96
39,6.31,64.68,-11.75,49.95
39,6.41,65.59,-12.04,49.82
39,6.51,66.51,-12.33,50.06
39,6.61,67.41,-12.62,50.08
39,6.71,68.32,-12.91,50.09
39,6.81,69.22,-13.21,49.97
39,6.91,70.13,-13.51,49.93
39,7.01,71.03,-13.81,49.95
39,7.11,71.93,-14.11,49.95
39,7.21,72.82,-14.42,49.8
39,7.31,73.72,-14.72,50.03
39,7.41,74.61,-15.03,50.08
39,7.51,75.5,-15.34,50.02
39,7.61,76.39,-15.65,50.0
39,7.71,77.28,-15.96,49.94
39,7.81,78.17,-16.27,50.08
39,7.91,79.05,-16.59,49.99
39,8.01,79.94,-16.9,49.88
39,8.11,80.82,-17.22,50.13
39,8.21,81.7,-17.54,50.06
39,8.31,82.58,-17.86,50.17
39,8.41,83.46,-18.18,50.12
39,8.51,84.33,-18.5,49.94
39,8.61,85.21,-18.83,49.97
39,8.71,86.08,-19.15,50.1
39,8.81,86.95,-19.48,49.88
39,8.91,87.82,-19.81,50.17
39,9.02,88.69,-20.14,50.03
39,9.12,89.55,-20.47,50.08
39,9.22,90.42,-20.8,50.03
39,9.32,91.28,-21.13,50.01
39,9.42,92.15,-21.47,49.97
39,9.52,93.01,-21.8,49.99
39,9.62,93.87,-22.14,49.73
39,9.72,94.73,-22.48,50.06
39,9.82,95.59,-22.82,50.22
39,9.92,96.44,-23.16,49.92
39,10.02,97.3,-23.5,49.85
39,10.12,98.16,-23.84,50.16
39,10.22,99.01,-24.18,50.04
39,10.32,99.86,-24.53,50.09
39,10.42,100.71,-24.87,50.05
39,10.52,101.56,-25.22,49.91
39,10.62,102.41,-25.57,50.09
39,10.72,103.26,-25.91,49.95
39,10.82,104.1,-26.26,49.92
39,10.92,104.95,-26.61,50.06
39,11.02,105.79,-26.96,50.02
39,11.12,106.64,-27.32,50.04
39,11.22,107.48,-27.67,50.04
39,11.32,108.32,-28.02,50.08
39,11.42,109.16,-28.38,50.13
39,11.52,110.0,-28.73,50.02
39,11.62,110.84,-29.09,50.14
39,11.72,111.68,-29.45,50.11
39,11.82,112.51,-29.81,50.07
39,11.92,113.35,-30.16,49.94
39,12.02,114.19,-30.52,50.1
39,12.12,115.02,-30.89,50.04
39,12.22,115.85,-31.25,49.87
39,12.32,116.68,-31.61,49.88
39,12.42,117.51,-31.97,49.88
39,12.52,118.35,-32.34,49.88
39,12.62,119.17,-32.7,49.89
39,12.72,120.0,-33.07,50.08
39,12.82,120.83,-33.43,50.01
39,12.92,121.66,-33.8,50.09
39,13.02,122.48,-34.17,49.89
39,13.12,123.31,-34.54,49.85
39,13.22,124.13,-34.91,49.91
39,13.32,124.96,-35.28,50.07
39,13.42,125.78,-35.65,50.07
39,13.52,126.6,-36.02,49.98
39,13.62,127.42,-36.39,50.03
39,13.72,128.24,-36.76,49.95
39,13.82,129.06,-37.14,49.93
39,13.92,129.88,-37.51,50.04
39,14.02,130.7,-37.89,50.07
39,14.12,131.52,-38.26,50.18
39,14.22,132.33,-38.64,49.9
39,14.32,133.15,-39.02,49.89
39,14.42,133.96,-39.39,49.95
39,14.52,134.78,-39.77,50.06
39,14.62,135.59,-40.15,50.2
39,14.72,136.41,-40.53,50.01
39,14.82,137.22,-40.91,49.91
39,14.92,138.03,-41.29,49.89
39,15.03,138.84,-41.67,49.94
39,15.13,139.65,-42.05,50.02
39,15.23,140.46,-42.44,50.07
39,15.33,141.27,-42.82,50.02
39,15.43,142.08,-43.2,49.93
39,15.53,142.89,-43.59,49.87
39,15.63,143.7,-43.97,50.07
39,15.73,144.5,-44.36,49.94
39,15.83,145.31,-44.74,49.95
39,15.93,146.11,-45.13,49.9
39,16.03,146.92,-45.52,49.84
39,16.13,147.72,-45.9,50.16
39,16.23,148.53,-46.29,49.93
39,16.33,149.33,-46.68,49.8
39,16.43,150.13,-47.07,50.02
39,16.53,150.93,-47.46,49.99
39,16.63,151.74,-47.85,49.81
39,16.73,152.54,-48.24,50.11
39,16.83,153.34,-48.63,50.07
39,16.93,154.14,-49.02,50.08
39,17.03,154.94,-49.41,50.03
39,17.13,155.73,-49.81,49.87
39,17.23,156.53,-50.2,49.99
39,17.33,157.33,-50.59,49.95
39,17.43,158.13,-50.99,49.93
39,17.53,158.92,-51.38,50.16
39,17.63,159.72,-51.78,49.9
39,17.73,160.51,-52.17,49.95
39,17.83,161.31,-52.57,50.0
39,17.93,162.1,-52.96,50.04
39,18.03,162.9,-53.36,50.17
39,18.13,163.69,-53.76,49.98
39,18.23,164.48,-54.16,50.03
39,18.33,165.28,-54.55,49.88
39,18.43,166.07,-54.95,50.06
39,18.53,166.86,-55.35,50.19
39,18.63,167.65,-55.75,49.96
39,18.73,168.44,-56.15,50.08
39,18.83,169.23,-56.55,49.86
39,18.93,170.02,-56.95,49.97
39,19.03,170.81,-57.35,49.97
39,19.13,171.6,-57.76,50.04
39,19.23,172.39,-58.16,49.99
39,19.33,173.17,-58.56,50.11
39,19.43,173.96,-58.96,49.95
39,19.53,174.75,-59.37,50.07
39,19.63,175.53,-59.77,50.02
39,19.73,176.32,-60.17,49.89
39,19.83,177.11,-60.58,49.78
39,19.93,177.89,-60.98,50.01
39,20.03,178.68,-61.39,49.93
39,20.13,179.46,-61.79,50.03
39,20.23,180.24,-62.2,49.87
39,20.33,181.03,-62.61,50.05
39,20.43,181.81,-63.01,50.16
39,20.53,182.59,-63.42,49.98
39,20.63,183.38,-63.83,49.8
39,20.73,184.16,-64.24,49.99
39,20.83,184.94,-64.64,49.93
39,20.93,185.72,-65.05,49.91
39,21.04,186.5,-65.46,49.98
39,21.14,187.28,-65.87,50.1
39,21.24,188.06,-66.28,49.94
39,21.34,188.84,-66.69,50.07
39,21.44,189.62,-67.1,49.98
39,21.54,190.4,-67.51,49.99
39,21.64,191.18,-67.92,50.11
39,21.74,191.95,-68.33,49.97
39,21.84,192.73,-68.74,50.08
39,21.94,193.51,-69.16,49.98
39,22.04,194.29,-69.57,50.06
39,22.14,195.06,-69.98,49.97
39,22.24,195.84,-70.39,50.02
39,22.34,196.61,-70.81,50.03
39,22.44,197.39,-71.22,50.07
39,22.54,198.16,-71.63,50.05
39,22.64,198.94,-72.05,49.92
39,22.74,199.71,-72.46,50.18
39,22.84,200.49,-72.88,50.0
39,22.94,201.26,-73.29,50.09
39,23.04,202.03,-73.71,49.76
39,23.14,202.81,-74.12,50.08
39,23.24,203.58,-74.54,50.08
39,23.34,204.35,-74.96,50.02
39,23.44,205.13,-75.37,49.77
39,23.54,205.9,-75.79,49.93
39,23.64,206.67,-76.21,49.9
39,23.74,207.44,-76.62,50.12
39,23.84,208.21,-77.04,49.88
39,23.94,208.98,-77.46,50.06
39,24.04,209.75,-77.88,49.97
39,24.14,210.52,-78.3,50.11
39,24.24,211.29,-78.72,50.02
39,24.34,212.06,-79.14,49.94
39,24.44,212.83,-79.55,49.92
39,24.54,213.6,-79.97,49.96
39,24.64,214.36,-80.39,49.69
39,24.74,215.13,-80.81,50.18
39,24.84,215.9,-81.24,50.13
39,24.94,216.67,-81.66,50.01
39,25.04,217.44,-82.08,50.09
39,25.14,218.2,-82.5,50.0
39,25.24,218.97,-82.92,50.04
39,25.34,219.73,-83.34,50.1
39,25.44,220.5,-83.76,49.98
39,25.54,221.27,-84.19,50.08
39,25.64,222.03,-84.61,49.82
39,25.74,222.8,-85.03,50.02
39,25.84,223.56,-85.46,50.0
39,25.94,224.33,-85.88,49.97
39,26.04,225.09,-86.3,49.98
39,26.14,225.85,-86.73,49.98
39,26.24,226.62,-87.15,50.11
39,26.34,227.38,-87.57,49.99
39,26.44,228.14,-88.0,50.28
39,26.54,228.91,-88.42,49.91
39,26.64,229.67,-88.85,50.06
39,26.74,230.43,-89.27,50.09
39,26.84,231.19,-89.7,49.96
39,26.94,231.96,-90.13,49.88
39,27.05,232.72,-90.55,49.95
39,27.15,233.48,-90.98,49.87
39,27.25,234.24,-91.4,49.92
39,27.35,235.0,-91.83,50.04
39,27.45,235.76,-92.26,50.26
39,27.55,236.52,-92.69,50.17
39,27.65,237.28,-93.11,49.94
39,27.75,238.04,-93.54,50.09
39,27.85,238.8,-93.97,49.96
39,27.95,239.56,-94.4,49.91
39,28.05,240.32,-94.82,49.99
39,28.15,241.08,-95.25,49.78
39,28.25,241.84,-95.68,49.83
39,28.35,242.6,-96.11,50.09
39,28.45,243.36,-96.54,50.14
39,28.55,244.11,-96.97,49.75
39,28.65,244.87,-97.4,50.15
39,28.75,245.63,-97.83,50.12
39,28.85,246.39,-98.26,49.97
39,28.95,247.14,-98.69,50.05
39,29.05,247.9,-99.12,50.18
39,29.15,248.66,-99.55,50.12
39,29.25,249.41,-99.98,50.05
39,29.35,250.17,-100.41,49.94
39,29.45,250.92,-100.84,49.96
39,29.55,251.68,-101.27,50.07
39,29.65,252.44,-101.71,50.05
39,29.75,253.19,-102.14,50.12
39,29.85,253.95,-102.57,49.86
39,29.95,254.7,-103.0,50.04
39,30.05,255.45,-103.43,50.07
39,30.15,256.21,-103.87,49.98
39,30.25,256.96,-104.3,50.24
39,30.35,257.72,-104.73,49.91
39,30.45,258.47,-105.17,49.99
39,30.55,259.22,-105.6,50.07
39,30.65,259.98,-106.03,50.09
39,30.75,260.73,-106.47,49.98
39,30.85,261.48,-106.9,49.98
39,30.95,262.24,-107.33,50.07
39,31.05,262.99,-107.77,50.05
39,31.15,263.74,-108.2,50.01
39,31.25,264.49,-108.64,49.81
39,31.35,265.25,-109.07,50.01
39,31.45,266.0,-109.51,50.16
39,31.55,266.75,-109.94,50.06
39,31.65,267.5,-110.38,49.92
39,31.75,268.25,-110.81,49.85
39,31.85,269.0,-111.25,50.1
39,31.95,269.75,-111.69,49.95
39,32.05,270.5,-112.12,50.13
39,32.15,271.25,-112.56,50.13
39,32.25,272.0,-112.99,49.99
39,32.35,272.75,-113.43,50.03
39,32.45,273.5,-113.87,50.04
39,32.55,274.25,-114.3,49.88
39,32.65,275.0,-114.74,50.17
39,32.75,275.75,-115.18,50.05
39,32.85,276.5,-115.62,50.02
39,32.95,277.25,-116.05,50.1
39,33.06,278.0,-116.49,50.03
39,33.16,278.75,-116.93,49.89
39,33.26,279.49,-117.37,49.92
39,33.36,280.24,-117.81,49.79
39,33.46,280.99,-118.24,50.01
39,33.56,281.74,-118.68,50.06
39,33.66,282.49,-119.12,49.98
39,33.76,283.23,-119.56,49.88
39,33.86,283.98,-120.0,49.95
39,33.96,284.73,-120.44,49.96
39,34.06,285.47,-120.88,50.09
39,34.16,286.22,-121.32,50.14
39,34.26,286.97,-121.76,49.73
39,34.36,287.71,-122.2,49.99
39,34.46,288.46,-122.64,49.94
39,34.56,289.21,-123.08,49.97
39,34.66,289.95,-123.52,50.08
39,34.76,290.7,-123.96,49.95
39,34.86,291.44,-124.4,50.07
39,34.96,292.19,-124.84,50.2
39,35.06,292.93,-125.28,49.95
39,35.16,293.68,-125.72,49.98
39,35.26,294.42,-126.16,49.98
39,35.36,295.17,-126.6,50.24
39,35.46,295.91,-127.04,49.95
39,35.56,296.66,-127.49,50.15
39,35.66,297.4,-127.93,50.0
39,35.76,298.15,-128.37,50.02
39,35.86,298.89,-128.81,50.08
39,35.96,299.63,-129.25,49.96
39,36.06,300.38,-129.7,50.1
39,36.16,301.12,-130.14,49.97
39,36.26,301.86,-130.58,49.89
39,36.36,302.61,-131.02,50.1
39,36.46,303.35,-131.47,50.06
39,36.56,304.09,-131.91,49.94
39,36.66,304.84,-132.35,50.12
39,36.76,305.58,-132.8,49.9
39,36.86,306.32,-133.24,50.04
39,36.96,307.06,-133.68,49.83
39,37.06,307.81,-134.13,49.96
39,37.16,308.55,-134.57,49.92
39,37.26,309.29,-135.01,49.87
39,37.36,310.03,-135.46,50.0
39,37.46,310.77,-135.9,50.03
39,37.56,311.51,-136.35,50.06
39,37.66,312.25,-136.79,50.0
39,37.76,313.0,-137.24,50.04
39,37.86,313.74,-137.68,49.89
39,37.96,314.48,-138.13,49.91
39,38.06,315.22,-138.57,50.0
39,38.16,315.96,-139.02,49.91
39,38.26,316.7,-139.46,50.0
39,38.36,317.44,-139.91,49.93
39,38.46,318.18,-140.35,49.98
39,38.56,318.92,-140.8,49.83
39,38.66,319.66,-141.24,49.83
39,38.76,320.4,-141.69,49.93
39,38.86,321.14,-142.14,49.87
39,38.96,321.88,-142.58,49.74
39,39.07,322.62,-143.03,50.05
39,39.17,323.36,-143.47,50.1
39,39.27,324.1,-143.92,50.09
39,39.37,324.83,-144.37,49.99
39,39.47,325.57,-144.81,49.98
39,39.57,326.31,-145.26,50.01
39,39.67,327.05,-145.71,49.93
39,39.77,327.79,-146.15,49.82
39,39.87,328.53,-146.6,50.12
39,39.97,329.26,-147.05,50.0
39,40.07,330.0,-147.5,50.0
39,40.17,330.74,-147.94,49.97
39,40.27,331.48,-148.39,50.06
39,40.37,332.22,-148.84,49.99
39,40.47,332.95,-149.29,49.95
39,40.57,333.69,-149.74,49.97
39,40.67,334.43,-150.18,50.01
39,40.77,335.16,-150.63,49.88
39,40.87,335.9,-151.08,50.14
39,40.97,336.64,-151.53,49.94
39,41.07,337.37,-151.98,49.92
39,41.17,338.11,-152.43,49.96
39,41.27,338.85,-152.88,50.09
39,41.37,339.58,-153.32,49.97
39,41.47,340.32,-153.77,50.12
39,41.57,341.06,-154.22,49.97
39,41.67,341.79,-154.67,49.86
39,41.77,342.53,-155.12,49.92
39,41.87,343.26,-155.57,49.93
39,41.97,344.0,-156.02,50.06
39,42.07,344.73,-156.47,49.95
39,42.17,345.47,-156.92,49.88
39,42.27,346.21,-157.37,49.86
39,42.37,346.94,-157.82,49.82
39,42.47,347.68,-158.27,50.27
39,42.57,348.41,-158.72,49.93
39,42.67,349.14,-159.17,50.04
39,42.77,349.88,-159.62,49.88
39,42.87,350.61,-160.07,50.12
39,42.97,351.35,-160.52,49.91
39,43.07,352.08,-160.97,50.19
39,43.17,352.82,-161.42,50.2
39,43.27,353.55,-161.87,49.89
39,43.37,354.28,-162.33,50.12
39,43.47,355.02,-162.78,50.19
39,43.57,355.75,-163.23,49.84
39,43.67,356.49,-163.68,49.85
39,43.77,357.22,-164.13,49.79
39,43.87,357.95,-164.58,49.91
39,43.97,358.69,-165.03,49.9
39,44.07,359.42,-165.49,49.97
39,44.17,360.15,-165.94,49.87
39,44.27,360.89,-166.39,50.07
39,44.37,361.62,-166.84,50.0
39,44.47,362.35,-167.29,50.04
39,44.57,363.08,-167.75,50.1
39,44.67,363.82,-168.2,50.03
39,44.77,364.55,-168.65,49.98
39,44.87,365.28,-169.1,49.92
39,44.97,366.01,-169.56,50.09
39,45.08,366.75,-170.01,50.03
39,45.18,367.48,-170.46,50.02
39,45.28,368.21,-170.91,49.94
39,45.38,368.94,-171.37,50.03
39,45.48,369.67,-171.82,49.92
39,45.58,370.4,-172.27,50.03
39,45.68,371.14,-172.73,49.97
39,45.78,371.87,-173.18,50.07
39,45.88,372.6,-173.63,49.87
39,45.98,373.33,-174.09,50.0
39,46.08,374.06,-174.54,50.07
39,46.18,374.79,-174.99,50.01
39,46.28,375.52,-175.45,49.86
39,46.38,376.25,-175.9,49.93
39,46.48,376.98,-176.36,50.13
39,46.58,377.71,-176.81,49.99
39,46.68,378.45,-177.26,49.92
39,46.78,379.18,-177.72,50.13
39,46.88,379.91,-178.17,50.15
39,46.98,380.64,-178.63,49.88
39,47.08,381.37,-179.08,49.95
39,47.18,382.1,-179.54,49.97
39,47.28,382.83,-179.99,50.05
39,47.38,383.56,-180.45,49.98
39,47.48,384.29,-180.9,50.01
39,47.58,385.02,-181.36,49.99
39,47.68,385.74,-181.81,50.22
39,47.78,386.47,-182.27,50.06
39,47.88,387.2,-182.72,49.97
39,47.98,387.93,-183.18,49.97
39,48.08,388.66,-183.63,50.05
39,48.18,389.39,-184.09,49.9
39,48.28,390.12,-184.54,50.03
39,48.38,390.85,-185.0,50.02
39,48.48,391.58,-185.45,49.91
39,48.58,392.31,-185.91,49.77
39,48.68,393.03,-186.37,49.83
39,48.78,393.76,-186.82,49.98
39,48.88,394.49,-187.28,50.09
39,48.98,395.22,-187.73,49.96
39,49.08,395.95,-188.19,50.09
39,49.18,396.68,-188.65,49.96
39,49.28,397.4,-189.1,49.89
39,49.38,398.13,-189.56,49.87
39,49.48,398.86,-190.02,49.91
39,49.58,399.59,-190.47,50.01
39,49.68,400.32,-190.93,50.0
39,49.78,401.04,-191.39,49.98
39,49.88,401.77,-191.84,49.98
39,49.98,402.5,-192.3,50.11
39,50.08,403.23,-192.76,50.19
39,50.18,403.95,-193.21,49.93
39,50.28,404.68,-193.67,49.98
39,50.38,405.41,-194.13,49.88
39,50.48,406.13,-194.59,50.0
39,50.58,406.86,-195.04,49.97
39,50.68,407.59,-195.5,50.02
39,50.78,408.31,-195.96,50.09
39,50.88,409.04,-196.42,49.88
39,50.98,409.77,-196.87,49.98
39,51.09,410.49,-197.33,49.97
39,51.19,411.22,-197.79,50.02
39,51.29,411.95,-198.25,50.14
39,51.39,412.67,-198.7,49.93
39,51.49,413.4,-199.16,50.06
39,51.59,414.13,-199.62,50.17
39,51.69,414.85,-200.08,49.92
39,51.79,415.58,-200.54,50.01
39,51.89,416.3,-201.0,50.01
39,51.99,417.03,-201.45,49.87
39,52.09,417.76,-201.91,50.06
39,52.19,418.48,-202.37,50.11
39,52.29,419.21,-202.83,49.93
39,52.39,419.93,-203.29,49.97
39,52.49,420.66,-203.75,49.83
39,52.59,421.38,-204.21,50.11
39,52.69,422.11,-204.66,50.09
39,52.79,422.83,-205.12,49.9
39,52.89,423.56,-205.58,49.92
39,52.99,424.28,-206.04,49.96
39,53.09,425.01,-206.5,50.13
39,53.19,425.73,-206.96,49.99
39,53.29,426.46,-207.42,50.02
39,53.39,427.18,-207.88,50.02
39,53.49,427.91,-208.34,50.14
39,53.59,428.63,-208.8,49.96
39,53.69,429.36,-209.26,49.99
39,53.79,430.08,-209.72,50.12
39,53.89,430.8,-210.18,50.12
39,53.99,431.53,-210.64,49.9
39,54.09,432.25,-211.1,49.81
39,54.19,432.98,-211.56,50.0
39,54.29,433.7,-212.02,50.06
39,54.39,434.42,-212.48,50.03
39,54.49,435.15,-212.94,49.94
39,54.59,435.87,-213.4,50.19
39,54.69,436.6,-213.86,49.89
39,54.79,437.32,-214.32,49.86
39,54.89,438.04,-214.78,50.12
39,54.99,438.77,-215.24,49.96
39,55.09,439.49,-215.7,50.17
39,55.19,440.21,-216.16,49.98
39,55.29,440.94,-216.62,49.96
39,55.39,441.66,-217.08,50.05
39,55.49,442.38,-217.54,50.09
39,55.59,443.11,-218.0,50.22
39,55.69,443.83,-218.47,50.09
39,55.79,444.55,-218.93,50.11
39,55.89,445.27,-219.39,49.94
39,55.99,446.0,-219.85,50.1
39,56.09,446.72,-220.31,50.06
39,56.19,447.44,-220.77,49.94
39,56.29,448.17,-221.23,49.86
39,56.39,448.89,-221.69,49.91
39,56.49,449.61,-222.16,49.95
39,56.59,450.33,-222.62,49.98
39,56.69,451.05,-223.08,50.07
39,56.79,451.78,-223.54,50.09
39,56.89,452.5,-224.0,50.17
39,56.99,453.22,-224.46,50.04
39,57.1,453.94,-224.93,49.85
39,57.2,454.66,-225.39,49.91
39,57.3,455.39,-225.85,49.98
39,57.4,456.11,-226.31,50.11
39,57.5,456.83,-226.77,50.06
39,57.6,457.55,-227.24,49.92
39,57.7,458.27,-227.7,49.89
39,57.8,458.99,-228.16,49.94
39,57.9,459.72,-228.62,49.88
39,58.0,460.44,-229.08,49.99
39,58.1,461.16,-229.55,50.04
39,58.2,461.88,-230.01,50.03
39,58.3,462.6,-230.47,49.95
39,58.4,463.32,-230.94,50.0
39,58.5,464.04,-231.4,49.87
39,58.6,464.76,-231.86,49.93
39,58.7,465.49,-232.32,50.03
39,58.8,466.21,-232.79,50.22
39,58.9,466.93,-233.25,50.13
39,59.0,467.65,-233.71,49.87
39,59.1,468.37,-234.18,50.08
39,59.2,469.09,-234.64,50.02
39,59.3,469.81,-235.1,50.02
39,59.4,470.53,-235.56,50.26
39,59.5,471.25,-236.03,49.95
39,59.6,471.97,-236.49,50.05
39,59.7,472.69,-236.95,50.08
39,59.8,473.41,-237.42,49.93
39,59.9,474.13,-237.88,49.79
39,60.0,474.85,-238.35,49.87
40,0.0,0.0,0.0,0.0
40,0.1,1.38,-0.01,50.03
40,0.2,2.74,-0.02,49.92
40,0.3,4.1,-0.03,50.0
40,0.4,5.44,-0.06,50.06
40,0.5,6.78,-0.08,50.05
40,0.6,8.1,-0.12,50.16
40,0.7,9.41,-0.15,49.94
40,0.8,10.71,-0.2,49.94
40,0.9,12.0,-0.24,49.93
40,1.0,13.28,-0.3,49.73
40,1.1,14.55,-0.35,50.06
40,1.2,15.82,-0.42,50.0
40,1.3,17.07,-0.48,49.98
40,1.4,18.31,-0.55,49.92
40,1.5,19.55,-0.63,50.06
40,1.6,20.77,-0.71,50.0
40,1.7,21.99,-0.79,50.15
40,1.8,23.2,-0.88,50.0
40,1.9,24.4,-0.97,50.04
40,2.0,25.59,-1.07,50.16
40,2.1,26.77,-1.17,49.97
40,2.2,27.95,-1.27,49.96
40,2.3,29.11,-1.38,50.14
40,2.4,30.27,-1.49,49.84
40,2.5,31.43,-1.61,49.97
40,2.6,32.57,-1.73,49.97
40,2.7,33.71,-1.85,49.92
40,2.8,34.84,-1.97,50.05
40,2.9,35.96,-2.1,49.94
40,3.01,37.07,-2.24,50.01
40,3.11,38.18,-2.37,49.91
40,3.21,39.28,-2.51,50.03
40,3.31,40.38,-2.66,50.21
40,3.41,41.47,-2.8,49.99
40,3.51,42.55,-2.95,50.0
40,3.61,43.62,-3.1,49.88
40,3.71,44.69,-3.26,50.08
40,3.81,45.75,-3.42,49.99
40,3.91,46.81,-3.58,50.04
40,4.01,47.86,-3.75,50.09
40,4.11,48.91,-3.91,49.98
40,4.21,49.94,-4.08,50.1
40,4.31,50.98,-4.26,50.11
40,4.41,52.0,-4.43,50.03
40,4.51,53.02,-4.61,50.02
40,4.61,54.04,-4.79,50.0
40,4.71,55.05,-4.98,50.06
40,4.81,56.05,-5.16,50.05
40,4.91,57.05,-5.35,49.86
40,5.01,58.04,-5.55,49.93
40,5.11,59.03,-5.74,50.1
40,5.21,60.02,-5.94,50.02
40,5.31,60.99,-6.14,49.98
40,5.41,61.97,-6.34,50.18
40,5.51,62.94,-6.54,50.08
40,5.61,63.9,-6.75,50.11
40,5.71,64.86,-6.96,49.98
40,5.81,65.81,-7.17,50.04
40,5.91,66.76,-7.39,49.99
40,6.01,67.7,-7.6,49.9
40,6.11,68.64,-7.82,50.02
40,6.21,69.58,-8.04,49.99
40,6.31,70.51,-8.26,49.99
40,6.41,71.43,-8.49,50.1
40,6.51,72.36,-8.72,49.99
40,6.61,73.27,-8.95,50.01
40,6.71,74.19,-9.18,50.01
40,6.81,75.09,-9.41,50.05
40,6.91,76.0,-9.65,50.03
40,7.01,76.9,-9.88,50.07
40,7.11,77.8,-10.12,49.87
40,7.21,78.69,-10.36,50.01
40,7.31,79.58,-10.61,49.99
40,7.41,80.46,-10.85,49.87
40,7.51,81.34,-11.1,49.86
40,7.61,82.22,-11.35,49.94
40,7.71,83.09,-11.6,49.93
40,7.81,83.96,-11.85,49.98
40,7.91,84.83,-12.11,50.01
40,8.01,85.69,-12.36,50.05
40,8.11,86.55,-12.62,49.88
40,8.21,87.4,-12.88,49.91
40,8.31,88.25,-13.14,49.91
40,8.41,89.1,-13.4,49.99
40,8.51,89.94,-13.67,50.0
40,8.61,90.78,-13.94,50.1
40,8.71,91.62,-14.2,49.91
40,8.81,92.45,-14.47,50.08
40,8.91,93.28,-14.74,49.85
40,9.02,94.11,-15.02,50.0
40,9.12,94.93,-15.29,50.06
40,9.22,95.75,-15.57,50.06
40,9.32,96.57,-15.85,50.17
40,9.42,97.39,-16.13,50.24
40,9.52,98.2,-16.41,50.04
40,9.62,99.0,-16.69,49.87
40,9.72,99.81,-16.97,50.38
40,9.82,100.61,-17.26,50.11
40,9.92,101.41,-17.54,50.1
40,10.02,102.21,-17.83,49.96
40,10.12,103.0,-18.12,49.99
40,10.22,103.79,-18.41,49.92
40,10.32,104.57,-18.71,50.07
40,10.42,105.36,-19.0,49.95
40,10.52,106.14,-19.29,50.07
40,10.62,106.92,-19.59,49.93
40,10.72,107.69,-19.89,50.1
40,10.82,108.47,-20.19,50.03
40,10.92,109.24,-20.49,50.13
40,11.02,110.0,-20.79,50.21
40,11.12,110.77,-21.09,50.03
40,11.22,111.53,-21.4,50.14
40,11.32,112.29,-21.7,50.14
40,11.42,113.05,-22.01,50.0
40,11.52,113.8,-22.32,50.03
40,11.62,114.55,-22.63,50.03
40,11.72,115.3,-22.94,49.96
40,11.82,116.05,-23.25,49.96
40,11.92,116.79,-23.57,50.12
40,12.02,117.54,-23.88,49.93
40,12.12,118.27,-24.2,49.99
40,12.22,119.01,-24.51,49.97
40,12.32,119.75,-24.83,50.05
40,12.42,120.48,-25.15,50.23
40,12.52,121.21,-25.47,49.98
40,12.62,121.94,-25.79,49.86
40,12.72,122.66,-26.11,50.01
40,12.82,123.38,-26.44,49.9
40,12.92,124.1,-26.76,50.03
40,13.02,124.82,-27.09,49.92
40,13.12,125.54,-27.41,50.02
40,13.22,126.25,-27.74,49.88
40,13.32,126.96,-28.07,49.97
40,13.42,127.67,-28.4,49.9
40,13.52,128.38,-28.73,50.13
40,13.62,129.08,-29.07,49.93
40,13.72,129.79,-29.4,50.06
40,13.82,130.49,-29.73,50.02
40,13.92,131.19,-30.07,50.02
40,14.02,131.88,-30.4,50.04
40,14.12,132.58,-30.74,50.06
40,14.22,133.27,-31.08,50.13
40,14.32,133.96,-31.42,50.09
40,14.42,134.65,-31.76,50.15
40,14.52,135.34,-32.1,49.89
40,14.62,136.02,-32.44,49.87
40,14.72,136.7,-32.79,50.17
40,14.82,137.39,-33.13,50.06
40,14.92,138.06,-33.47,49.89
40,15.03,138.74,-33.82,49.97
40,15.13,139.42,-34.17,50.05
40,15.23,140.09,-34.52,50.0
40,15.33,140.76,-34.86,50.06
40,15.43,141.43,-35.21,49.88
40,15.53,142.1,-35.56,50.0
40,15.63,142.76,-35.92,50.01
40,15.73,143.43,-36.27,49.93
40,15.83,144.09,-36.62,49.97
40,15.93,144.75,-36.97,49.95
40,16.03,145.41,-37.33,49.89
40,16.13,146.06,-37.68,49.94
40,16.23,146.72,-38.04,50.02
40,16.33,147.37,-38.4,49.9
40,16.43,148.03,-38.76,49.93
40,16.53,148.68,-39.12,49.83
40,16.63,149.32,-39.48,50.14
40,16.73,149.97,-39.84,50.09
40,16.83,150.61,-40.2,50.12
40,16.93,151.26,-40.56,50.04
40,17.03,151.9,-40.92,50.03
40,17.13,152.54,-41.29,49.98
40,17.23,153.18,-41.65,50.13
40,17.33,153.82,-42.02,50.0
40,17.43,154.45,-42.38,49.8
40,17.53,155.08,-42.75,49.81
40,17.63,155.72,-43.12,50.04
40,17.73,156.35,-43.49,49.9
40,17.83,156.98,-43.85,50.01
40,17.93,157.6,-44.22,50.08
40,18.03,158.23,-44.59,49.92
40,18.13,158.85,-44.97,49.97
40,18.23,159.48,-45.34,49.97
40,18.33,160.1,-45.71,49.91
40,18.43,160.72,-46.08,49.86
40,18.53,161.34,-46.46,49.89
40,18.63,161.95,-46.83,49.85
40,18.73,162.57,-47.21,49.98
40,18.83,163.18,-47.59,49.98
40,18.93,163.8,-47.96,49.95
40,19.03,164.41,-48.34,49.86
40,19.13,165.02,-48.72,50.11
40,19.23,165.63,-49.1,49.94
40,19.33,166.23,-49.48,50.26
40,19.43,166.84,-49.86,50.09
40,19.53,167.44,-50.24,49.79
40,19.63,168.05,-50.62,50.12
40,19.73,168.65,-51.0,49.93
40,19.83,169.25,-51.39,49.91
40,19.93,169.85,-51.77,49.97
40,20.03,170.44,-52.15,50.11
40,20.13,171.04,-52.54,50.05
40,20.23,171.64,-52.93,50.02
40,20.33,172.23,-53.31,49.92
40,20.43,172.82,-53.7,50.09
40,20.53,173.41,-54.09,49.9
40,20.63,174.0,-54.47,50.1
40,20.73,174.59,-54.86,50.03
40,20.83,175.18,-55.25,49.94
40,20.93,175.76,-55.64,50.21
40,21.04,176.35,-56.03,50.09
40,21.14,176.93,-56.42,50.06
40,21.24,177.52,-56.82,50.01
40,21.34,178.1,-57.21,49.89
40,21.44,178.68,-57.6,50.0
40,21.54,179.25,-57.99,50.16
40,21.64,179.83,-58.39,49.86
40,21.74,180.41,-58.78,50.06
40,21.84,180.98,-59.18,50.14
40,21.94,181.56,-59.57,50.14
40,22.04,182.13,-59.97,49.91
40,22.14,182.7,-60.37,49.95
40,22.24,183.27,-60.77,50.01
40,22.34,183.84,-61.16,50.05
40,22.44,184.41,-61.56,50.13
40,22.54,184.98,-61.96,49.98
40,22.64,185.54,-62.36,50.09
40,22.74,186.11,-62.76,49.74
40,22.84,186.67,-63.16,49.97
40,22.94,187.23,-63.56,50.09
40,23.04,187.8,-63.97,50.08
40,23.14,188.36,-64.37,49.9
40,23.24,188.92,-64.77,50.1
40,23.34,189.47,-65.17,49.86
40,23.44,190.03,-65.58,50.12
40,23.54,190.59,-65.98,49.98
40,23.64,191.14,-66.39,49.95
40,23.74,191.7,-66.79,49.97
40,23.84,192.25,-67.2,50.04
40,23.94,192.8,-67.61,50.21
40,24.04,193.35,-68.01,50.12
40,24.14,193.9,-68.42,49.89
40,24.24,194.45,-68.83,49.9
40,24.34,195.0,-69.24,49.81
40,24.44,195.55,-69.65,50.03
40,24.54,196.09,-70.06,49.98
40,24.64,196.64,-70.47,50.06
40,24.74,197.18,-70.88,49.95
40,24.84,197.72,-71.29,49.96
40,24.94,198.27,-71.7,49.85
40,25.04,198.81,-72.11,50.11
40,25.14,199.35,-72.52,49.94
40,25.24,199.89,-72.94,49.92
40,25.34,200.42,-73.35,50.1
40,25.44,200.96,-73.76,49.85
40,25.54,201.5,-74.18,50.05
40,25.64,202.03,-74.59,49.92
40,25.74,202.57,-75.01,49.99
40,25.84,203.1,-75.42,49.81
40,25.94,203.63,-75.84,50.06
40,26.04,204.16,-76.25,50.21
40,26.14,204.69,-76.67,49.87
40,26.24,205.22,-77.09,50.12
40,26.34,205.75,-77.51,50.0
40,26.44,206.28,-77.92,50.05
40,26.54,206.81,-78.34,49.88
40,26.64,207.33,-78.76,49.9
40,26.74,207.86,-79.18,50.01
40,26.84,208.38,-79.6,49.98
40,26.94,208.91,-80.02,50.01
40,27.05,209.43,-80.44,49.85
40,27.15,209.95,-80.86,50.06
40,27.25,210.47,-81.29,50.04
40,27.35,210.99,-81.71,50.11
40,27.45,211.51,-82.13,50.03
40,27.55,212.03,-82.55,50.23
40,27.65,212.55,-82.98,50.2
40,27.75,213.06,-83.4,50.0
40,27.85,213.58,-83.82,50.0
40,27.95,214.09,-84.25,49.92
40,28.05,214.61,-84.67,49.86
40,28.15,215.12,-85.1,49.98
40,28.25,215.63,-85.52,49.94
40,28.35,216.15,-85.95,49.92
40,28.45,216.66,-86.38,50.04
40,28.55,217.17,-86.8,49.84
40,28.65,217.68,-87.23,49.88
40,28.75,218.18,-87.66,49.8
40,28.85,218.69,-88.09,49.86
40,28.95,219.2,-88.52,49.94
40,29.05,219.7,-88.94,50.08
40,29.15,220.21,-89.37,50.19
40,29.25,220.71,-89.8,49.83
40,29.35,221.22,-90.23,50.09
40,29.45,221.72,-90.66,49.9
40,29.55,222.22,-91.09,50.02
40,29.65,222.72,-91.53,50.06
40,29.75,223.23,-91.96,50.14
40,29.85,223.73,-92.39,50.24
40,29.95,224.22,-92.82,50.1
40,30.05,224.72,-93.25,49.95
40,30.15,225.22,-93.69,49.85
40,30.25,225.72,-94.12,50.02
40,30.35,226.21,-94.55,50.06
40,30.45,226.71,-94.99,49.88
40,30.55,227.2,-95.42,50.08
40,30.65,227.7,-95.86,49.96
40,30.75,228.19,-96.29,49.89
40,30.85,228.68,-96.73,50.01
40,30.95,229.18,-97.16,49.91
40,31.05,229.67,-97.6,49.88
40,31.15,230.16,-98.03,50.03
40,31.25,230.65,-98.47,50.04
40,31.35,231.14,-98.91,49.96
40,31.45,231.62,-99.35,50.03
40,31.55,232.11,-99.78,50.11
40,31.65,232.6,-100.22,50.08
40,31.75,233.09,-100.66,49.92
40,31.85,233.57,-101.1,50.0
40,31.95,234.06,-101.54,49.93
40,32.05,234.54,-101.98,49.86
40,32.15,235.02,-102.42,50.06
40,32.25,235.51,-102.86,50.1
40,32.35,235.99,-103.3,49.95
40,32.45,236.47,-103.74,50.02
40,32.55,236.95,-104.18,50.15
40,32.65,237.43,-104.62,50.1
40,32.75,237.91,-105.06,49.94
40,32.85,238.39,-105.5,49.99
40,32.95,238.87,-105.95,49.93
40,33.06,239.35,-106.39,50.02
40,33.16,239.82,-106.83,50.0
40,33.26,240.3,-107.28,49.88
40,33.36,240.77,-107.72,49.95
40,33.46,241.25,-108.16,49.79
40,33.56,241.72,-108.61,49.9
40,33.66,242.2,-109.05,50.04
40,33.76,242.67,-109.5,50.01
40,33.86,243.14,-109.94,50.09
40,33.96,243.62,-110.39,50.01
40,34.06,244.09,-110.83,49.98
40,34.16,244.56,-111.28,50.19
40,34.26,245.03,-111.72,49.97
40,34.36,245.5,-112.17,49.96
40,34.46,245.97,-112.62,50.0
40,34.56,246.43,-113.07,49.92
40,34.66,246.9,-113.51,50.03
40,34.76,247.37,-113.96,49.93
40,34.86,247.84,-114.41,49.96
40,34.96,248.3,-114.86,49.93
40,35.06,248.77,-115.31,49.82
40,35.16,249.23,-115.75,49.76
40,35.26,249.7,-116.2,49.86
40,35.36,250.16,-116.65,50.11
40,35.46,250.62,-117.1,50.01
40,35.56,251.08,-117.55,49.95
40,35.66,251.55,-118.0,49.9
40,35.76,252.01,-118.45,50.13
40,35.86,252.47,-118.9,49.94
40,35.96,252.93,-119.36,49.92
40,36.06,253.39,-119.81,49.81
40,36.16,253.85,-120.26,49.78
40,36.26,254.31,-120.71,50.05
40,36.36,254.76,-121.16,50.17
40,36.46,255.22,-121.62,50.03
40,36.56,255.68,-122.07,50.03
40,36.66,256.13,-122.52,50.18
40,36.76,256.59,-122.97,50.05
40,36.86,257.04,-123.43,50.0
40,36.96,257.5,-123.88,50.06
40,37.06,257.95,-124.34,50.09
40,37.16,258.41,-124.79,50.05
40,37.26,258.86,-125.24,49.95
40,37.36,259.31,-125.7,50.04
40,37.46,259.76,-126.15,49.93
40,37.56,260.22,-126.61,50.0
40,37.66,260.67,-127.07,50.04
40,37.76,261.12,-127.52,50.18
40,37.86,261.57,-127.98,50.04
40,37.96,262.02,-128.43,50.0
40,38.06,262.46,-128.89,49.96
40,38.16,262.91,-129.35,49.94
40,38.26,263.36,-129.8,49.96
40,38.36,263.81,-130.26,50.0
40,38.46,264.25,-130.72,50.09
40,38.56,264.7,-131.18,49.87
40,38.66,265.15,-131.64,50.08
40,38.76,265.59,-132.09,49.94
40,38.86,266.04,-132.55,49.93
40,38.96,266.48,-133.01,50.05
40,39.07,266.92,-133.47,49.96
40,39.17,267.37,-133.93,50.05
40,39.27,267.81,-134.39,50.04
40,39.37,268.25,-134.85,50.08
40,39.47,268.69,-135.31,50.13
40,39.57,269.13,-135.77,49.83
40,39.67,269.58,-136.23,50.02
40,39.77,270.02,-136.69,49.93
40,39.87,270.46,-137.15,50.04
40,39.97,270.89,-137.61,49.86
40,40.07,271.33,-138.07,50.01
40,40.17,271.77,-138.54,49.81
40,40.27,272.21,-139.0,50.0
40,40.37,272.65,-139.46,50.0
40,40.47,273.08,-139.92,49.93
40,40.57,273.52,-140.39,49.96
40,40.67,273.96,-140.85,49.96
40,40.77,274.39,-141.31,49.85
40,40.87,274.83,-141.77,49.87
40,40.97,275.26,-142.24,50.02
40,41.07,275.7,-142.7,50.11
40,41.17,276.13,-143.17,50.08
40,41.27,276.56,-143.63,49.8
40,41.37,277.0,-144.09,50.12
40,41.47,277.43,-144.56,50.13
40,41.57,277.86,-145.02,49.93
40,41.67,278.29,-145.49,49.93
40,41.77,278.72,-145.95,49.95
40,41.87,279.15,-146.42,50.03
40,41.97,279.58,-146.89,49.97
40,42.07,280.01,-147.35,50.04
40,42.17,280.44,-147.82,49.87
40,42.27,280.87,-148.28,49.89
40,42.37,281.3,-148.75,49.91
40,42.47,281.73,-149.22,49.92
40,42.57,282.15,-149.68,50.04
40,42.67,282.58,-150.15,50.02
40,42.77,283.01,-150.62,50.07
40,42.87,283.43,-151.09,50.11
40,42.97,283.86,-151.55,50.04
40,43.07,284.28,-152.02,49.82
40,43.17,284.71,-152.49,49.96
40,43.27,285.13,-152.96,49.97
40,43.37,285.56,-153.43,50.03
40,43.47,285.98,-153.9,49.91
40,43.57,286.4,-154.37,50.15
40,43.67,286.83,-154.83,49.96
40,43.77,287.25,-155.3,49.97
40,43.87,287.67,-155.77,49.98
40,43.97,288.09,-156.24,49.95
40,44.07,288.51,-156.71,49.83
40,44.17,288.94,-157.18,50.12
40,44.27,289.36,-157.65,49.94
40,44.37,289.78,-158.13,50.06
40,44.47,290.19,-158.6,49.96
40,44.57,290.61,-159.07,49.94
40,44.67,291.03,-159.54,49.88
40,44.77,291.45,-160.01,49.82
40,44.87,291.87,-160.48,49.96
40,44.97,292.29,-160.95,49.95
40,45.08,292.7,-161.43,50.14
40,45.18,293.12,-161.9,50.01
40,45.28,293.54,-162.37,50.11
40,45.38,293.95,-162.84,49.85
40,45.48,294.37,-163.31,50.01
40,45.58,294.78,-163.79,50.06
40,45.68,295.2,-164.26,50.01
40,45.78,295.61,-164.73,50.02
40,45.88,296.03,-165.21,49.98
40,45.98,296.44,-165.68,49.88
40,46.08,296.85,-166.16,49.86
40,46.18,297.27,-166.63,50.07
40,46.28,297.68,-167.1,49.93
40,46.38,298.09,-167.58,49.96
40,46.48,298.5,-168.05,49.93
40,46.58,298.91,-168.53,49.91
40,46.68,299.32,-169.0,49.85
40,46.78,299.74,-169.48,50.15
40,46.88,300.15,-169.95,49.8
40,46.98,300.56,-170.43,50.07
40,47.08,300.97,-170.9,50.11
40,47.18,301.37,-171.38,50.01
40,47.28,301.78,-171.86,49.98
40,47.38,302.19,-172.33,50.02
40,47.48,302.6,-172.81,49.96
40,47.58,303.01,-173.29,50.1
40,47.68,303.41,-173.76,50.11
40,47.78,303.82,-174.24,50.05
40,47.88,304.23,-174.72,49.83
40,47.98,304.63,-175.19,50.07
40,48.08,305.04,-175.67,50.13
40,48.18,305.45,-176.15,50.06
40,48.28,305.85,-176.63,50.1
40,48.38,306.26,-177.1,49.93
40,48.48,306.66,-177.58,49.95
40,48.58,307.06,-178.06,50.13
40,48.68,307.47,-178.54,50.07
40,48.78,307.87,-179.02,49.98
40,48.88,308.27,-179.5,49.97
40,48.98,308.68,-179.98,50.0
40,49.08,309.08,-180.45,49.97
40,49.18,309.48,-180.93,50.0
40,49.28,309.88,-181.41,50.31
40,49.38,310.29,-181.89,49.93
40,49.48,310.69,-182.37,49.82
40,49.58,311.09,-182.85,49.93
40,49.68,311.49,-183.33,50.06
40,49.78,311.89,-183.81,50.06
40,49.88,312.29,-184.29,49.89
40,49.98,312.69,-184.77,49.96
40,50.08,313.09,-185.26,50.09
40,50.18,313.48,-185.74,49.99
40,50.28,313.88,-186.22,49.9
40,50.38,314.28,-186.7,49.92
40,50.48,314.68,-187.18,50.14
40,50.58,315.08,-187.66,49.95
40,50.68,315.47,-188.14,50.01
40,50.78,315.87,-188.62,49.84
40,50.88,316.27,-189.11,49.98
40,50.98,316.66,-189.59,50.28
40,51.09,317.06,-190.07,50.18
40,51.19,317.45,-190.55,50.03
40,51.29,317.85,-191.04,50.16
40,51.39,318.24,-191.52,50.06
40,51.49,318.64,-192.0,50.23
40,51.59,319.03,-192.49,50.07
40,51.69,319.43,-192.97,50.13
40,51.79,319.82,-193.45,49.79
40,51.89,320.21,-193.94,50.04
40,51.99,320.61,-194.42,49.94
40,52.09,321.0,-194.9,50.06
40,52.19,321.39,-195.39,50.05
40,52.29,321.78,-195.87,50.14
40,52.39,322.17,-196.36,50.1
40,52.49,322.57,-196.84,49.86
40,52.59,322.96,-197.33,49.81
40,52.69,323.35,-197.81,49.98
40,52.79,323.74,-198.29,50.08
40,52.89,324.13,-198.78,50.06
40,52.99,324.52,-199.27,50.01
40,53.09,324.91,-199.75,50.06
40,53.19,325.3,-200.24,50.08
40,53.29,325.69,-200.72,50.01
40,53.39,326.07,-201.21,50.06
40,53.49,326.46,-201.69,50.07
40,53.59,326.85,-202.18,50.0
40,53.69,327.24,-202.67,50.15
40,53.79,327.63,-203.15,49.88
40,53.89,328.01,-203.64,50.17
40,53.99,328.4,-204.13,50.1
40,54.09,328.79,-204.61,50.22
40,54.19,329.17,-205.1,49.85
40,54.29,329.56,-205.59,49.96
40,54.39,329.94,-206.07,50.05
40,54.49,330.33,-206.56,50.03
40,54.59,330.72,-207.05,49.96
40,54.69,331.1,-207.54,50.03
40,54.79,331.48,-208.02,50.12
40,54.89,331.87,-208.51,50.01
40,54.99,332.25,-209.0,49.86
40,55.09,332.64,-209.49,50.21
40,55.19,333.02,-209.98,49.9
40,55.29,333.4,-210.46,49.88
40,55.39,333.79,-210.95,49.93
40,55.49,334.17,-211.44,49.94
40,55.59,334.55,-211.93,50.03
40,55.69,334.93,-212.42,50.26
40,55.79,335.31,-212.91,49.91
40,55.89,335.7,-213.4,50.11
40,55.99,336.08,-213.89,50.2
40,56.09,336.46,-214.38,49.96
40,56.19,336.84,-214.87,49.99
40,56.29,337.22,-215.36,50.03
40,56.39,337.6,-215.85,49.95
40,56.49,337.98,-216.34,49.82
40,56.59,338.36,-216.83,50.14
40,56.69,338.74,-217.32,50.02
40,56.79,339.12,-217.81,49.94
40,56.89,339.5,-218.3,50.0
40,56.99,339.87,-218.79,49.97
40,57.1,340.25,-219.28,50.06
40,57.2,340.63,-219.77,49.91
40,57.3,341.01,-220.26,49.96
40,57.4,341.39,-220.75,50.01
40,57.5,341.76,-221.25,49.8
40,57.6,342.14,-221.74,49.98
40,57.7,342.52,-222.23,49.93
40,57.8,342.89,-222.72,50.06
40,57.9,343.27,-223.21,50.02
40,58.0,343.65,-223.7,50.13
40,58.1,344.02,-224.2,49.8
40,58.2,344.4,-224.69,49.94
40,58.3,344.77,-225.18,50.02
40,58.4,345.15,-225.67,50.13
40,58.5,345.52,-226.17,49.89
40,58.6,345.9,-226.66,49.92
40,58.7,346.27,-227.15,50.13
40,58.8,346.64,-227.64,50.23
40,58.9,347.02,-228.14,50.17
40,59.0,347.39,-228.63,50.17
40,59.1,347.76,-229.12,50.04
40,59.2,348.14,-229.62,50.01
40,59.3,348.51,-230.11,50.19
40,59.4,348.88,-230.61,49.97
40,59.5,349.25,-231.1,49.9
40,59.6,349.62,-231.59,50.03
40,59.7,350.0,-232.09,49.96
40,59.8,350.37,-232.58,49.92
40,59.9,350.74,-233.08,50.09
40,60.0,351.11,-233.57,49.97
41,0.0,0.0,0.0,0.0
41,0.1,0.78,-0.0,50.02
41,0.2,1.54,-0.01,50.13
41,0.3,2.28,-0.02,49.64
41,0.4,3.01,-0.04,50.02
41,0.5,3.72,-0.06,49.81
41,0.6,4.41,-0.08,50.12
41,0.7,5.09,-0.1,50.12
41,0.8,5.76,-0.13,50.04
41,0.9,6.41,-0.16,49.74
41,1.0,7.04,-0.2,50.0
41,1.1,7.66,-0.23,49.89
41,1.2,8.27,-0.27,50.01
41,1.3,8.86,-0.32,50.0
41,1.4,9.44,-0.36,50.1
41,1.5,10.01,-0.41,49.98
41,1.6,10.56,-0.46,50.17
41,1.7,11.1,-0.51,50.04
41,1.8,11.63,-0.57,49.95
41,1.9,12.15,-0.63,49.99
41,2.0,12.66,-0.69,50.13
41,2.1,13.16,-0.75,50.14
41,2.2,13.64,-0.82,49.73
41,2.3,14.12,-0.89,49.88
41,2.4,14.58,-0.96,49.94
41,2.5,15.04,-1.03,50.14
41,2.6,15.48,-1.1,50.13
41,2.7,15.92,-1.18,50.1
41,2.8,16.34,-1.26,50.11
41,2.9,16.76,-1.34,50.17
41,3.01,17.16,-1.42,50.06
41,3.11,17.56,-1.5,50.11
41,3.21,17.95,-1.59,50.04
41,3.31,18.33,-1.67,50.11
41,3.41,18.7,-1.76,49.95
41,3.51,19.07,-1.85,49.91
41,3.61,19.42,-1.95,49.93
41,3.71,19.77,-2.04,49.97
41,3.81,20.11,-2.14,50.08
41,3.91,20.44,-2.24,50.16
41,4.01,20.77,-2.33,49.94
41,4.11,21.08,-2.44,50.25
41,4.21,21.39,-2.54,49.98
41,4.31,21.69,-2.64,50.0
41,4.41,21.99,-2.75,50.03
41,4.51,22.28,-2.85,49.94
41,4.61,22.56,-2.96,49.95
41,4.71,22.84,-3.07,49.97
41,4.81,23.1,-3.18,49.88
41,4.91,23.37,-3.29,49.92
41,5.01,23.62,-3.41,49.99
41,5.11,23.87,-3.52,49.96
41,5.21,24.12,-3.64,49.94
41,5.31,24.35,-3.76,50.1
41,5.41,24.59,-3.87,49.82
41,5.51,24.81,-3.99,50.06
41,5.61,25.03,-4.12,50.02
41,5.71,25.25,-4.24,50.03
41,5.81,25.45,-4.36,49.88
41,5.91,25.66,-4.49,49.94
41,6.01,25.86,-4.61,50.04
41,6.11,26.05,-4.74,49.95
41,6.21,26.24,-4.87,49.85
41,6.31,26.42,-5.0,49.97
41,6.41,26.6,-5.13,49.98
41,6.51,26.77,-5.26,50.07
41,6.61,26.94,-5.39,50.11
41,6.71,27.1,-5.52,50.01
41,6.81,27.26,-5.66,50.04
41,6.91,27.41,-5.79,50.11
41,7.01,27.56,-5.93,49.98
41,7.11,27.7,-6.06,50.05
41,7.21,27.84,-6.2,49.86
41,7.31,27.98,-6.34,49.94
41,7.41,28.11,-6.48,50.17
41,7.51,28.23,-6.62,50.1
41,7.61,28.36,-6.76,50.08
41,7.71,28.47,-6.91,49.91
41,7.81,28.59,-7.05,49.85
41,7.91,28.7,-7.19,49.9
41,8.01,28.8,-7.34,50.01
41,8.11,28.9,-7.48,50.05
41,8.21,29.0,-7.63,50.16
41,8.31,29.09,-7.78,49.88
41,8.41,29.18,-7.93,49.94
41,8.51,29.27,-8.08,50.16
41,8.61,29.35,-8.23,49.84
41,8.71,29.43,-8.38,50.02
41,8.81,29.51,-8.53,49.81
41,8.91,29.58,-8.68,49.97
41,9.02,29.65,-8.83,50.2
41,9.12,29.71,-8.99,50.05
41,9.22,29.77,-9.14,50.13
41,9.32,29.83,-9.3,50.05
41,9.42,29.88,-9.45,50.05
41,9.52,29.94,-9.61,49.84
41,9.62,29.98,-9.77,50.21
41,9.72,30.03,-9.92,50.16
41,9.82,30.07,-10.08,49.93
41,9.92,30.11,-10.24,50.15
41,10.02,30.14,-10.4,50.11
41,10.12,30.17,-10.56,50.07
41,10.22,30.2,-10.72,50.02
41,10.32,30.23,-10.89,49.99
41,10.42,30.25,-11.05,50.17
41,10.52,30.27,-11.21,50.01
41,10.62,30.29,-11.38,50.05
41,10.72,30.3,-11.54,50.17
41,10.82,30.31,-11.7,50.12
41,10.92,30.32,-11.87,49.88
41,11.02,30.33,-12.04,49.94
41,11.12,30.33,-12.2,49.92
41,11.22,30.33,-12.37,50.04
41,11.32,30.33,-12.54,49.95
41,11.42,30.32,-12.71,49.96
41,11.52,30.31,-12.87,49.98
41,11.62,30.3,-13.04,50.04
41,11.72,30.29,-13.21,49.97
41,11.82,30.28,-13.38,50.1
41,11.92,30.26,-13.56,49.89
41,12.02,30.24,-13.73,49.85
41,12.12,30.21,-13.9,49.93
41,12.22,30.19,-14.07,49.9
41,12.32,30.16,-14.25,50.01
41,12.42,30.13,-14.42,49.96
41,12.52,30.1,-14.59,49.87
41,12.62,30.06,-14.77,49.87
41,12.72,30.02,-14.94,50.02
41,12.82,29.98,-15.12,50.09
41,12.92,29.94,-15.29,49.93
41,13.02,29.9,-15.47,49.99
41,13.12,29.85,-15.65,49.94
41,13.22,29.8,-15.83,49.98
41,13.32,29.75,-16.0,50.18
41,13.42,29.7,-16.18,50.25
41,13.52,29.64,-16.36,49.96
41,13.62,29.58,-16.54,49.95
41,13.72,29.52,-16.72,50.04
41,13.82,29.46,-16.9,50.01
41,13.92,29.4,-17.08,50.07
41,14.02,29.33,-17.26,49.99
41,14.12,29.27,-17.44,49.98
41,14.22,29.2,-17.62,50.04
41,14.32,29.12,-17.81,50.02
41,14.42,29.05,-17.99,49.95
41,14.52,28.97,-18.17,50.01
41,14.62,28.9,-18.36,50.01
41,14.72,28.82,-18.54,49.72
41,14.82,28.74,-18.72,49.99
41,14.92,28.65,-18.91,50.09
41,15.03,28.57,-19.09,49.96
41,15.13,28.48,-19.28,49.93
41,15.23,28.39,-19.47,49.93
41,15.33,28.3,-19.65,50.03
41,15.43,28.21,-19.84,49.9
41,15.53,28.11,-20.03,50.02
41,15.63,28.02,-20.21,50.02
41,15.73,27.92,-20.4,49.87
41,15.83,27.82,-20.59,50.09
41,15.93,27.72,-20.78,50.13
41,16.03,27.62,-20.97,50.03
41,16.13,27.51,-21.16,50.0
41,16.23,27.4,-21.35,49.95
41,16.33,27.3,-21.54,49.95
41,16.43,27.19,-21.73,49.96
41,16.53,27.08,-21.92,50.07
41,16.63,26.96,-22.11,50.06
41,16.73,26.85,-22.3,49.8
41,16.83,26.73,-22.49,49.85
41,16.93,26.61,-22.68,49.92
41,17.03,26.49,-22.87,49.95
41,17.13,26.37,-23.07,50.04
41,17.23,26.25,-23.26,49.95
41,17.33,26.13,-23.45,50.04
41,17.43,26.0,-23.65,50.16
41,17.53,25.88,-23.84,49.94
41,17.63,25.75,-24.03,49.91
41,17.73,25.62,-24.23,49.89
41,17.83,25.49,-24.42,49.9
41,17.93,25.35,-24.62,50.06
41,18.03,25.22,-24.81,50.08
41,18.13,25.08,-25.01,50.06
41,18.23,24.95,-25.21,49.9
41,18.33,24.81,-25.4,49.96
41,18.43,24.67,-25.6,49.96
41,18.53,24.53,-25.8,50.17
41,18.63,24.38,-25.99,50.03
41,18.73,24.24,-26.19,50.01
41,18.83,24.09,-26.39,50.03
41,18.93,23.95,-26.59,49.96
41,19.03,23.8,-26.78,50.04
41,19.13,23.65,-26.98,49.95
41,19.23,23.5,-27.18,50.14
41,19.33,23.35,-27.38,49.91
41,19.43,23.19,-27.58,50.02
41,19.53,23.04,-27.78,50.07
41,19.63,22.88,-27.98,49.99
41,19.73,22.73,-28.18,50.01
41,19.83,22.57,-28.38,49.98
41,19.93,22.41,-28.58,49.91
41,20.03,22.25,-28.78,50.17
41,20.13,22.08,-28.98,49.96
41,20.23,21.92,-29.18,49.87
41,20.33,21.76,-29.39,49.93
41,20.43,21.59,-29.59,50.13
41,20.53,21.42,-29.79,50.23
41,20.63,21.26,-29.99,50.04
41,20.73,21.09,-30.2,50.08
41,20.83,20.92,-30.4,50.18
41,20.93,20.74,-30.6,49.9
41,21.04,20.57,-30.81,50.04
41,21.14,20.4,-31.01,50.18
41,21.24,20.22,-31.21,50.08
41,21.34,20.05,-31.42,49.97
41,21.44,19.87,-31.62,50.04
41,21.54,19.69,-31.83,50.19
41,21.64,19.51,-32.03,50.02
41,21.74,19.33,-32.24,49.91
41,21.84,19.15,-32.44,50.06
41,21.94,18.97,-32.65,49.91
41,22.04,18.78,-32.85,49.93
41,22.14,18.6,-33.06,49.95
41,22.24,18.41,-33.27,50.0
41,22.34,18.22,-33.47,49.92
41,22.44,18.04,-33.68,50.04
41,22.54,17.85,-33.89,49.97
41,22.64,17.66,-34.09,50.08
41,22.74,17.47,-34.3,50.0
41,22.84,17.27,-34.51,49.98
41,22.94,17.08,-34.72,49.99
41,23.04,16.89,-34.92,50.15
41,23.14,16.69,-35.13,50.09
41,23.24,16.5,-35.34,49.86
41,23.34,16.3,-35.55,49.95
41,23.44,16.1,-35.76,50.01
41,23.54,15.9,-35.97,49.78
41,23.64,15.7,-36.18,50.04
41,23.74,15.5,-36.38,49.92
41,23.84,15.3,-36.59,49.93
41,23.94,15.1,-36.8,49.93
41,24.04,14.89,-37.01,50.13
41,24.14,14.69,-37.22,50.06
41,24.24,14.48,-37.43,49.95
41,24.34,14.27,-37.65,49.94
41,24.44,14.07,-37.86,50.02
41,24.54,13.86,-38.07,50.16
41,24.64,13.65,-38.28,49.97
41,24.74,13.44,-38.49,49.81
41,24.84,13.23,-38.7,50.02
41,24.94,13.02,-38.91,50.03
41,25.04,12.8,-39.12,50.04
41,25.14,12.59,-39.34,50.0
41,25.24,12.37,-39.55,50.01
41,25.34,12.16,-39.76,49.9
41,25.44,11.94,-39.97,50.11
41,25.54,11.73,-40.19,49.95
41,25.64,11.51,-40.4,49.97
41,25.74,11.29,-40.61,50.04
41,25.84,11.07,-40.83,50.02
41,25.94,10.85,-41.04,50.16
41,26.04,10.63,-41.25,50.13
41,26.14,10.4,-41.47,49.95
41,26.24,10.18,-41.68,50.2
41,26.34,9.96,-41.9,50.09
41,26.44,9.73,-42.11,50.01
41,26.54,9.51,-42.32,49.93
41,26.64,9.28,-42.54,49.99
41,26.74,9.05,-42.75,49.81
41,26.84,8.83,-42.97,50.05
41,26.94,8.6,-43.18,49.87
41,27.05,8.37,-43.4,50.05
41,27.15,8.14,-43.61,49.95
41,27.25,7.91,-43.83,50.01
41,27.35,7.68,-44.05,49.94
41,27.45,7.44,-44.26,49.93
41,27.55,7.21,-44.48,50.07
41,27.65,6.98,-44.69,49.94
41,27.75,6.74,-44.91,49.91
41,27.85,6.51,-45.13,49.89
41,27.95,6.27,-45.34,50.09
41,28.05,6.03,-45.56,49.89
41,28.15,5.8,-45.78,50.0
41,28.25,5.56,-46.0,50.22
41,28.35,5.32,-46.21,49.93
41,28.45,5.08,-46.43,49.92
41,28.55,4.84,-46.65,50.11
41,28.65,4.6,-46.87,49.88
41,28.75,4.35,-47.08,50.11
41,28.85,4.11,-47.3,49.96
41,28.95,3.87,-47.52,50.09
41,29.05,3.62,-47.74,50.04
41,29.15,3.38,-47.96,50.06
41,29.25,3.13,-48.18,49.96
41,29.35,2.89,-48.4,49.96
41,29.45,2.64,-48.61,49.95
41,29.55,2.39,-48.83,50.13
41,29.65,2.15,-49.05,50.0
41,29.75,1.9,-49.27,50.19
41,29.85,1.65,-49.49,50.02
41,29.95,1.4,-49.71,49.98
41,30.05,1.15,-49.93,49.98
41,30.15,0.89,-50.15,49.93
41,30.25,0.64,-50.37,50.02
41,30.35,0.39,-50.59,49.99
41,30.45,0.14,-50.81,49.94
41,30.55,-0.12,-51.03,49.99
41,30.65,-0.37,-51.25,49.95
41,30.75,-0.63,-51.47,50.03
41,30.85,-0.88,-51.69,50.07
41,30.95,-1.14,-51.92,49.94
41,31.05,-1.4,-52.14,49.95
41,31.15,-1.66,-52.36,49.91
41,31.25,-1.91,-52.58,50.11
41,31.35,-2.17,-52.8,49.82
41,31.45,-2.43,-53.02,49.93
41,31.55,-2.69,-53.24,50.07
41,31.65,-2.95,-53.47,49.94
41,31.75,-3.22,-53.69,49.93
41,31.85,-3.48,-53.91,50.07
41,31.95,-3.74,-54.13,49.77
41,32.05,-4.0,-54.36,50.0
41,32.15,-4.27,-54.58,49.94
41,32.25,-4.53,-54.8,49.95
41,32.35,-4.8,-55.02,50.11
41,32.45,-5.06,-55.25,50.0
41,32.55,-5.33,-55.47,49.88
41,32.65,-5.6,-55.69,49.85
41,32.75,-5.86,-55.92,49.99
41,32.85,-6.13,-56.14,49.86
41,32.95,-6.4,-56.36,50.12
41,33.06,-6.67,-56.59,49.89
41,33.16,-6.94,-56.81,50.0
41,33.26,-7.21,-57.03,49.81
41,33.36,-7.48,-57.26,49.81
41,33.46,-7.75,-57.48,49.98
41,33.56,-8.02,-57.71,50.32
41,33.66,-8.29,-57.93,49.94
41,33.76,-8.57,-58.16,50.07
41,33.86,-8.84,-58.38,49.95
41,33.96,-9.11,-58.6,50.1
41,34.06,-9.39,-58.83,49.99
41,34.16,-9.66,-59.05,49.88
41,34.26,-9.94,-59.28,49.98
41,34.36,-10.22,-59.5,49.82
41,34.46,-10.49,-59.73,49.91
41,34.56,-10.77,-59.96,50.04
41,34.66,-11.05,-60.18,49.93
41,34.76,-11.32,-60.41,49.96
41,34.86,-11.6,-60.63,50.09
41,34.96,-11.88,-60.86,49.95
41,35.06,-12.16,-61.08,50.05
41,35.16,-12.44,-61.31,49.94
41,35.26,-12.72,-61.54,50.09
41,35.36,-13.0,-61.76,50.13
41,35.46,-13.29,-61.99,49.8
41,35.56,-13.57,-62.21,49.9
41,35.66,-13.85,-62.44,49.98
41,35.76,-14.13,-62.67,49.93
41,35.86,-14.42,-62.89,50.09
41,35.96,-14.7,-63.12,50.02
41,36.06,-14.99,-63.35,49.91
41,36.16,-15.27,-63.58,50.14
41,36.26,-15.56,-63.8,50.14
41,36.36,-15.84,-64.03,49.87
41,36.46,-16.13,-64.26,49.94
41,36.56,-16.42,-64.48,50.08
41,36.66,-16.71,-64.71,50.09
41,36.76,-16.99,-64.94,50.14
41,36.86,-17.28,-65.17,50.25
41,36.96,-17.57,-65.4,50.04
41,37.06,-17.86,-65.62,50.13
41,37.16,-18.15,-65.85,50.27
41,37.26,-18.44,-66.08,50.0
41,37.36,-18.73,-66.31,49.92
41,37.46,-19.02,-66.54,50.03
41,37.56,-19.31,-66.76,50.16
41,37.66,-19.61,-66.99,50.18
41,37.76,-19.9,-67.22,50.01
41,37.86,-20.19,-67.45,49.98
41,37.96,-20.49,-67.68,49.87
41,38.06,-20.78,-67.91,50.01
41,38.16,-21.07,-68.14,49.88
41,38.26,-21.37,-68.37,49.9
41,38.36,-21.66,-68.6,50.02
41,38.46,-21.96,-68.82,49.87
41,38.56,-22.26,-69.05,50.04
41,38.66,-22.55,-69.28,50.09
41,38.76,-22.85,-69.51,49.89
41,38.86,-23.15,-69.74,49.94
41,38.96,-23.45,-69.97,49.86
41,39.07,-23.74,-70.2,50.06
41,39.17,-24.04,-70.43,49.85
41,39.27,-24.34,-70.66,50.07
41,39.37,-24.64,-70.89,50.03
41,39.47,-24.94,-71.12,50.22
41,39.57,-25.24,-71.35,50.17
41,39.67,-25.54,-71.58,49.88
41,39.77,-25.84,-71.81,50.18
41,39.87,-26.15,-72.04,49.95
41,39.97,-26.45,-72.27,49.92
41,40.07,-26.75,-72.5,49.95
41,40.17,-27.05,-72.74,49.97
41,40.27,-27.36,-72.97,50.22
41,40.37,-27.66,-73.2,49.72
41,40.47,-27.96,-73.43,50.19
41,40.57,-28.27,-73.66,50.08
41,40.67,-28.57,-73.89,50.02
41,40.77,-28.88,-74.12,49.94
41,40.87,-29.18,-74.35,49.99
41,40.97,-29.49,-74.58,50.09
41,41.07,-29.8,-74.82,50.1
41,41.17,-30.1,-75.05,49.92
41,41.27,-30.41,-75.28,50.08
41,41.37,-30.72,-75.51,49.94
41,41.47,-31.03,-75.74,49.98
41,41.57,-31.34,-75.98,50.13
41,41.67,-31.64,-76.21,50.08
41,41.77,-31.95,-76.44,49.84
41,41.87,-32.26,-76.67,50.01
41,41.97,-32.57,-76.9,50.04
41,42.07,-32.88,-77.14,50.01
41,42.17,-33.19,-77.37,49.75
41,42.27,-33.5,-77.6,49.86
41,42.37,-33.82,-77.83,49.82
41,42.47,-34.13,-78.07,49.94
41,42.57,-34.44,-78.3,50.01
41,42.67,-34.75,-78.53,49.95
41,42.77,-35.07,-78.76,49.94
41,42.87,-35.38,-79.0,49.83
41,42.97,-35.69,-79.23,49.88
41,43.07,-36.01,-79.46,49.9
41,43.17,-36.32,-79.7,50.09
41,43.27,-36.64,-79.93,50.04
41,43.37,-36.95,-80.16,50.08
41,43.47,-37.27,-80.4,50.05
41,43.57,-37.58,-80.63,50.08
41,43.67,-37.9,-80.86,49.86
41,43.77,-38.21,-81.1,50.13
41,43.87,-38.53,-81.33,50.1
41,43.97,-38.85,-81.56,49.96
41,44.07,-39.17,-81.8,50.1
41,44.17,-39.48,-82.03,50.12
41,44.27,-39.8,-82.27,49.99
41,44.37,-40.12,-82.5,50.05
41,44.47,-40.44,-82.73,49.95
41,44.57,-40.76,-82.97,50.13
41,44.67,-41.08,-83.2,49.95
41,44.77,-41.4,-83.44,50.03
41,44.87,-41.72,-83.67,50.0
41,44.97,-42.04,-83.91,49.94
41,45.08,-42.36,-84.14,49.83
41,45.18,-42.68,-84.37,50.09
41,45.28,-43.0,-84.61,50.0
41,45.38,-43.32,-84.84,50.18
41,45.48,-43.65,-85.08,50.12
41,45.58,-43.97,-85.31,50.12
41,45.68,-44.29,-85.55,50.07
41,45.78,-44.61,-85.78,50.08
41,45.88,-44.94,-86.02,50.02
41,45.98,-45.26,-86.25,50.08
41,46.08,-45.59,-86.49,49.96
41,46.18,-45.91,-86.72,49.76
41,46.28,-46.23,-86.96,50.07
41,46.38,-46.56,-87.2,50.07
41,46.48,-46.89,-87.43,49.87
41,46.58,-47.21,-87.67,50.05
41,46.68,-47.54,-87.9,50.05
41,46.78,-47.86,-88.14,50.11
41,46.88,-48.19,-88.37,49.99
41,46.98,-48.52,-88.61,49.85
41,47.08,-48.84,-88.85,49.95
41,47.18,-49.17,-89.08,49.95
41,47.28,-49.5,-89.32,49.99
41,47.38,-49.83,-89.55,50.01
41,47.48,-50.16,-89.79,49.98
41,47.58,-50.49,-90.03,50.04
41,47.68,-50.81,-90.26,49.89
41,47.78,-51.14,-90.5,50.04
41,47.88,-51.47,-90.73,49.92
41,47.98,-51.8,-90.97,49.98
41,48.08,-52.13,-91.21,49.82
41,48.18,-52.46,-91.44,50.09
41,48.28,-52.8,-91.68,49.97
41,48.38,-53.13,-91.92,50.03
41,48.48,-53.46,-92.15,49.92
41,48.58,-53.79,-92.39,49.94
41,48.68,-54.12,-92.63,49.9
41,48.78,-54.45,-92.86,50.02
41,48.88,-54.79,-93.1,50.06
41,48.98,-55.12,-93.34,49.9
41,49.08,-55.45,-93.58,50.01
41,49.18,-55.79,-93.81,49.98
41,49.28,-56.12,-94.05,50.02
41,49.38,-56.45,-94.29,49.91
41,49.48,-56.79,-94.52,50.05
41,49.58,-57.12,-94.76,49.97
41,49.68,-57.46,-95.0,49.99
41,49.78,-57.79,-95.24,50.23
41,49.88,-58.13,-95.47,49.82
41,49.98,-58.46,-95.71,50.05
41,50.08,-58.8,-95.95,50.04
41,50.18,-59.14,-96.19,50.06
41,50.28,-59.47,-96.43,50.06
41,50.38,-59.81,-96.66,50.02
41,50.48,-60.15,-96.9,50.04
41,50.58,-60.49,-97.14,50.27
41,50.68,-60.82,-97.38,49.98
41,50.78,-61.16,-97.62,49.98
41,50.88,-61.5,-97.85,49.89
41,50.98,-61.84,-98.09,49.92
41,51.09,-62.18,-98.33,50.02
41,51.19,-62.52,-98.57,50.04
41,51.29,-62.85,-98.81,49.99
41,51.39,-63.19,-99.05,50.07
41,51.49,-63.53,-99.28,49.96
41,51.59,-63.87,-99.52,50.25
41,51.69,-64.21,-99.76,50.02
41,51.79,-64.55,-100.0,50.07
41,51.89,-64.9,-100.24,50.02
41,51.99,-65.24,-100.48,49.94
41,52.09,-65.58,-100.72,49.95
41,52.19,-65.92,-100.96,49.89
41,52.29,-66.26,-101.19,49.83
41,52.39,-66.6,-101.43,50.09
41,52.49,-66.95,-101.67,49.94
41,52.59,-67.29,-101.91,49.99
41,52.69,-67.63,-102.15,50.15
41,52.79,-67.98,-102.39,50.12
41,52.89,-68.32,-102.63,50.01
41,52.99,-68.66,-102.87,49.98
41,53.09,-69.01,-103.11,49.98
41,53.19,-69.35,-103.35,50.22
41,53.29,-69.69,-103.59,50.02
41,53.39,-70.04,-103.83,50.3
41,53.49,-70.38,-104.07,49.87
41,53.59,-70.73,-104.31,50.0
41,53.69,-71.07,-104.54,50.12
41,53.79,-71.42,-104.78,50.11
41,53.89,-71.77,-105.02,50.06
41,53.99,-72.11,-105.26,49.94
41,54.09,-72.46,-105.5,49.87
41,54.19,-72.81,-105.74,49.98
41,54.29,-73.15,-105.98,50.1
41,54.39,-73.5,-106.22,50.17
41,54.49,-73.85,-106.46,50.01
41,54.59,-74.19,-106.7,49.99
41,54.69,-74.54,-106.94,50.02
41,54.79,-74.89,-107.18,50.02
41,54.89,-75.24,-107.42,50.12
41,54.99,-75.59,-107.67,49.96
41,55.09,-75.94,-107.91,49.99
41,55.19,-76.28,-108.15,50.05
41,55.29,-76.63,-108.39,49.94
41,55.39,-76.98,-108.63,49.91
41,55.49,-77.33,-108.87,50.14
41,55.59,-77.68,-109.11,50.0
41,55.69,-78.03,-109.35,50.09
41,55.79,-78.38,-109.59,50.07
41,55.89,-78.73,-109.83,49.86
41,55.99,-79.09,-110.07,49.93
41,56.09,-79.44,-110.31,50.01
41,56.19,-79.79,-110.55,49.98
41,56.29,-80.14,-110.79,50.02
41,56.39,-80.49,-111.03,50.02
41,56.49,-80.84,-111.28,50.08
41,56.59,-81.19,-111.52,50.0
41,56.69,-81.55,-111.76,50.01
41,56.79,-81.9,-112.0,49.86
41,56.89,-82.25,-112.24,49.94
41,56.99,-82.61,-112.48,49.94
41,57.1,-82.96,-112.72,49.96
41,57.2,-83.31,-112.96,49.96
41,57.3,-83.67,-113.21,50.06
41,57.4,-84.02,-113.45,50.18
41,57.5,-84.37,-113.69,49.87
41,57.6,-84.73,-113.93,49.98
41,57.7,-85.08,-114.17,49.91
41,57.8,-85.44,-114.41,49.87
41,57.9,-85.79,-114.66,49.95
41,58.0,-86.15,-114.9,49.89
41,58.1,-86.5,-115.14,50.02
41,58.2,-86.86,-115.38,49.98
41,58.3,-87.22,-115.62,49.97
41,58.4,-87.57,-115.86,50.03
41,58.5,-87.93,-116.11,49.86
41,58.6,-88.28,-116.35,49.9
41,58.7,-88.64,-116.59,50.04
41,58.8,-89.0,-116.83,49.9
41,58.9,-89.36,-117.07,49.8
41,59.0,-89.71,-117.32,50.16
41,59.1,-90.07,-117.56,50.03
41,59.2,-90.43,-117.8,50.1
41,59.3,-90.79,-118.04,49.93
41,59.4,-91.14,-118.29,49.86
41,59.5,-91.5,-118.53,50.03
41,59.6,-91.86,-118.77,49.89
41,59.7,-92.22,-119.01,50.1
41,59.8,-92.58,-119.26,50.02
41,59.9,-92.94,-119.5,50.02
41,60.0,-93.3,-119.74,50.02
42,0.0,0.0,0.0,0.0
42,0.1,1.0,-0.03,49.91
42,0.2,1.96,-0.1,49.95
42,0.3,2.88,-0.19,50.13
42,0.4,3.76,-0.3,50.0
42,0.5,4.61,-0.44,50.08
42,0.6,5.43,-0.59,49.91
42,0.7,6.23,-0.77,50.08
42,0.8,6.99,-0.96,49.98
42,0.9,7.74,-1.17,50.02
42,1.0,8.46,-1.4,50.01
42,1.1,9.16,-1.63,50.02
42,1.2,9.84,-1.89,49.99
42,1.3,10.5,-2.15,50.13
42,1.4,11.15,-2.42,49.85
42,1.5,11.78,-2.71,50.05
42,1.6,12.4,-3.01,49.93
42,1.7,13.0,-3.31,49.9
42,1.8,13.59,-3.63,50.21
42,1.9,14.16,-3.95,49.9
42,2.0,14.73,-4.28,49.82
42,2.1,15.28,-4.62,50.1
42,2.2,15.82,-4.97,49.95
42,2.3,16.35,-5.32,50.13
42,2.4,16.87,-5.68,49.77
42,2.5,17.38,-6.05,50.19
42,2.6,17.89,-6.43,50.09
42,2.7,18.38,-6.8,49.98
42,2.8,18.87,-7.19,49.83
42,2.9,19.35,-7.58,49.87
42,3.01,19.82,-7.97,49.93
42,3.11,20.28,-8.37,50.07
42,3.21,20.74,-8.78,49.91
42,3.31,21.19,-9.19,49.79
42,3.41,21.63,-9.6,50.02
42,3.51,22.07,-10.02,50.1
42,3.61,22.5,-10.44,50.22
42,3.71,22.92,-10.87,49.9
42,3.81,23.34,-11.3,49.91
42,3.91,23.76,-11.73,49.7
42,4.01,24.16,-12.17,49.85
42,4.11,24.57,-12.61,49.89
42,4.21,24.97,-13.05,49.91
42,4.31,25.36,-13.5,49.95
42,4.41,25.75,-13.95,50.06
42,4.51,26.14,-14.4,50.05
42,4.61,26.52,-14.86,49.95
42,4.71,26.9,-15.32,50.0
42,4.81,27.27,-15.78,49.86
42,4.91,27.64,-16.25,49.94
42,5.01,28.0,-16.71,49.87
42,5.11,28.37,-17.18,49.93
42,5.21,28.72,-17.65,50.19
42,5.31,29.08,-18.13,50.01
42,5.41,29.43,-18.6,49.94
42,5.51,29.78,-19.08,50.05
42,5.61,30.12,-19.56,49.96
42,5.71,30.47,-20.05,50.17
42,5.81,30.8,-20.53,50.04
42,5.91,31.14,-21.02,49.88
42,6.01,31.47,-21.51,50.13
42,6.11,31.8,-22.0,50.06
42,6.21,32.13,-22.49,50.05
42,6.31,32.45,-22.99,50.08
42,6.41,32.78,-23.48,50.07
42,6.51,33.1,-23.98,50.05
42,6.61,33.41,-24.48,49.98
42,6.71,33.73,-24.98,50.09
42,6.81,34.04,-25.49,49.98
42,6.91,34.35,-25.99,50.13
42,7.01,34.66,-26.5,50.05
42,7.11,34.96,-27.01,50.02
42,7.21,35.26,-27.51,50.06
42,7.31,35.56,-28.03,50.02
42,7.41,35.86,-28.54,50.13
42,7.51,36.16,-29.05,50.09
42,7.61,36.45,-29.57,50.01
42,7.71,36.75,-30.08,49.67
42,7.81,37.04,-30.6,50.09
42,7.91,37.33,-31.12,50.04
42,8.01,37.61,-31.64,50.24
42,8.11,37.9,-32.16,49.87
42,8.21,38.18,-32.68,49.98
42,8.31,38.47,-33.21,49.85
42,8.41,38.75,-33.73,49.93
42,8.51,39.02,-34.26,50.16
42,8.61,39.3,-34.79,49.83
42,8.71,39.58,-35.31,49.86
42,8.81,39.85,-35.84,50.06
42,8.91,40.12,-36.37,50.02
42,9.02,40.39,-36.91,49.97
42,9.12,40.66,-37.44,49.74
42,9.22,40.93,-37.97,50.13
42,9.32,41.19,-38.51,49.98
42,9.42,41.46,-39.04,49.9
42,9.52,41.72,-39.58,50.03
42,9.62,41.99,-40.12,50.13
42,9.72,42.25,-40.65,49.97
42,9.82,42.51,-41.19,49.94
42,9.92,42.76,-41.73,50.0
42,10.02,43.02,-42.27,50.04
42,10.12,43.28,-42.82,50.05
42,10.22,43.53,-43.36,49.98
42,10.32,43.78,-43.9,50.12
42,10.42,44.03,-44.45,49.91
42,10.52,44.29,-44.99,49.98
42,10.62,44.53,-45.54,49.98
42,10.72,44.78,-46.08,49.85
42,10.82,45.03,-46.63,50.04
42,10.92,45.28,-47.18,50.01
42,11.02,45.52,-47.73,49.98
42,11.12,45.77,-48.28,50.05
42,11.22,46.01,-48.83,49.98
42,11.32,46.25,-49.38,50.14
42,11.42,46.49,-49.93,50.05
42,11.52,46.73,-50.48,50.04
42,11.62,46.97,-51.04,49.93
42,11.72,47.21,-51.59,49.81
42,11.82,47.44,-52.14,50.08
42,11.92,47.68,-52.7,49.81
42,12.02,47.92,-53.25,49.97
42,12.12,48.15,-53.81,50.09
42,12.22,48.38,-54.37,49.91
42,12.32,48.62,-54.93,49.95
42,12.42,48.85,-55.48,49.86
42,12.52,49.08,-56.04,49.91
42,12.62,49.31,-56.6,49.92
42,12.72,49.54,-57.16,49.95
42,12.82,49.76,-57.72,50.01
42,12.92,49.99,-58.28,50.02
42,13.02,50.22,-58.84,50.14
42,13.12,50.44,-59.41,49.95
42,13.22,50.67,-59.97,50.06
42,13.32,50.89,-60.53,49.94
42,13.42,51.12,-61.1,50.17
42,13.52,51.34,-61.66,50.01
42,13.62,51.56,-62.23,49.98
42,13.72,51.78,-62.79,49.92
42,13.82,52.0,-63.36,50.09
42,13.92,52.22,-63.92,50.01
42,14.02,52.44,-64.49,50.02
42,14.12,52.66,-65.06,49.89
42,14.22,52.87,-65.62,49.92
42,14.32,53.09,-66.19,49.82
42,14.42,53.31,-66.76,49.95
42,14.52,53.52,-67.33,49.95
42,14.62,53.74,-67.9,49.87
42,14.72,53.95,-68.47,49.99
42,14.82,54.16,-69.04,49.97
42,14.92,54.38,-69.61,49.93
42,15.03,54.59,-70.18,49.91
42,15.13,54.8,-70.75,50.02
42,15.23,55.01,-71.33,49.92
42,15.33,55.22,-71.9,50.16
42,15.43,55.43,-72.47,49.98
42,15.53,55.64,-73.05,50.09
42,15.63,55.85,-73.62,49.89
42,15.73,56.06,-74.19,49.98
42,15.83,56.26,-74.77,49.9
42,15.93,56.47,-75.34,50.04
42,16.03,56.68,-75.92,49.99
42,16.13,56.88,-76.49,50.2
42,16.23,57.09,-77.07,49.96
42,16.33,57.29,-77.65,49.82
42,16.43,57.5,-78.22,49.99
42,16.53,57.7,-78.8,50.02
42,16.63,57.9,-79.38,49.94
42,16.73,58.1,-79.96,49.92
42,16.83,58.31,-80.54,49.88
42,16.93,58.51,-81.11,50.05
42,17.03,58.71,-81.69,50.06
42,17.13,58.91,-82.27,50.24
42,17.23,59.11,-82.85,49.98
42,17.33,59.31,-83.43,50.02
42,17.43,59.51,-84.01,49.98
42,17.53,59.7,-84.59,50.27
42,17.63,59.9,-85.17,50.06
42,17.73,60.1,-85.76,50.0
42,17.83,60.3,-86.34,50.21
42,17.93,60.49,-86.92,49.99
42,18.03,60.69,-87.5,50.35
42,18.13,60.88,-88.08,50.17
42,18.23,61.08,-88.67,50.0
42,18.33,61.27,-89.25,50.05
42,18.43,61.47,-89.83,50.01
42,18.53,61.66,-90.42,50.08
42,18.63,61.86,-91.0,49.94
42,18.73,62.05,-91.59,50.21
42,18.83,62.24,-92.17,49.93
42,18.93,62.43,-92.76,50.03
42,19.03,62.62,-93.34,50.04
42,19.13,62.82,-93.93,49.97
42,19.23,63.01,-94.51,49.87
42,19.33,63.2,-95.1,50.02
42,19.43,63.39,-95.68,50.02
42,19.53,63.58,-96.27,49.97
42,19.63,63.77,-96.86,49.97
42,19.73,63.95,-97.45,50.02
42,19.83,64.14,-98.03,50.12
42,19.93,64.33,-98.62,50.12
42,20.03,64.52,-99.21,50.05
42,20.13,64.71,-99.8,49.96
42,20.23,64.89,-100.39,49.97
42,20.33,65.08,-100.97,49.98
42,20.43,65.27,-101.56,49.95
42,20.53,65.45,-102.15,49.89
42,20.63,65.64,-102.74,49.92
42,20.73,65.82,-103.33,50.06
42,20.83,66.01,-103.92,49.94
42,20.93,66.19,-104.51,50.0
42,21.04,66.38,-105.1,50.0
42,21.14,66.56,-105.69,50.05
42,21.24,66.74,-106.28,49.93
42,21.34,66.93,-106.87,49.67
42,21.44,67.11,-107.47,49.94
42,21.54,67.29,-108.06,49.91
42,21.64,67.47,-108.65,49.79
42,21.74,67.65,-109.24,49.94
42,21.84,67.84,-109.83,49.93
42,21.94,68.02,-110.43,50.0
42,22.04,68.2,-111.02,50.05
42,22.14,68.38,-111.61,50.19
42,22.24,68.56,-112.2,50.01
42,22.34,68.74,-112.8,50.0
42,22.44,68.92,-113.39,50.2
42,22.54,69.1,-113.98,49.87
42,22.64,69.28,-114.58,49.88
42,22.74,69.45,-115.17,50.06
42,22.84,69.63,-115.77,50.13
42,22.94,69.81,-116.36,50.14
42,23.04,69.99,-116.96,49.82
42,23.14,70.17,-117.55,49.82
42,23.24,70.34,-118.15,49.99
42,23.34,70.52,-118.74,50.07
42,23.44,70.7,-119.34,49.96
42,23.54,70.87,-119.93,49.88
42,23.64,71.05,-120.53,49.87
42,23.74,71.23,-121.12,50.1
42,23.84,71.4,-121.72,50.11
42,23.94,71.58,-122.32,50.06
42,24.04,71.75,-122.91,49.99
42,24.14,71.93,-123.51,49.91
42,24.24,72.1,-124.11,49.81
42,24.34,72.27,-124.71,49.85
42,24.44,72.45,-125.3,49.8
42,24.54,72.62,-125.9,49.97
42,24.64,72.79,-126.5,50.05
42,24.74,72.97,-127.1,50.01
42,24.84,73.14,-127.69,50.14
42,24.94,73.31,-128.29,50.02
42,25.04,73.49,-128.89,49.84
42,25.14,73.66,-129.49,49.99
42,25.24,73.83,-130.09,49.99
42,25.34,74.0,-130.69,50.05
42,25.44,74.17,-131.29,50.08
42,25.54,74.34,-131.89,50.05
42,25.64,74.51,-132.48,49.95
42,25.74,74.68,-133.08,50.14
42,25.84,74.86,-133.68,50.08
42,25.94,75.03,-134.28,49.74
42,26.04,75.2,-134.88,50.08
42,26.14,75.36,-135.48,49.91
42,26.24,75.53,-136.08,49.82
42,26.34,75.7,-136.68,50.03
42,26.44,75.87,-137.29,50.23
42,26.54,76.04,-137.89,49.99
42,26.64,76.21,-138.49,49.97
42,26.74,76.38,-139.09,50.01
42,26.84,76.55,-139.69,50.24
42,26.94,76.71,-140.29,49.97
42,27.05,76.88,-140.89,50.1
42,27.15,77.05,-141.49,49.96
42,27.25,77.22,-142.1,49.94
42,27.35,77.38,-142.7,50.14
42,27.45,77.55,-143.3,49.89
42,27.55,77.72,-143.9,50.07
42,27.65,77.88,-144.51,49.97
42,27.75,78.05,-145.11,49.92
42,27.85,78.22,-145.71,49.96
42,27.95,78.38,-146.31,49.77
42,28.05,78.55,-146.92,49.89
42,28.15,78.71,-147.52,50.01
42,28.25,78.88,-148.12,49.98
42,28.35,79.04,-148.73,49.91
42,28.45,79.21,-149.33,50.15
42,28.55,79.37,-149.93,49.9
42,28.65,79.54,-150.54,50.14
42,28.75,79.7,-151.14,50.01
42,28.85,79.86,-151.75,49.97
42,28.95,80.03,-152.35,50.01
42,29.05,80.19,-152.95,50.03
42,29.15,80.35,-153.56,49.9
42,29.25,80.52,-154.16,49.91
42,29.35,80.68,-154.77,49.98
42,29.45,80.84,-155.37,50.04
42,29.55,81.01,-155.98,50.07
42,29.65,81.17,-156.58,50.12
42,29.75,81.33,-157.19,49.88
42,29.85,81.49,-157.79,50.04
42,29.95,81.66,-158.4,50.0
42,30.05,81.82,-159.01,49.95
42,30.15,81.98,-159.61,50.2
42,30.25,82.14,-160.22,50.04
42,30.35,82.3,-160.82,50.14
42,30.45,82.46,-161.43,49.66
42,30.55,82.62,-162.04,50.1
42,30.65,82.78,-162.64,50.05
42,30.75,82.94,-163.25,50.07
42,30.85,83.1,-163.85,49.97
42,30.95,83.26,-164.46,50.21
42,31.05,83.42,-165.07,49.98
42,31.15,83.58,-165.67,50.0
42,31.25,83.74,-166.28,49.9
42,31.35,83.9,-166.89,50.0
42,31.45,84.06,-167.5,49.98
42,31.55,84.22,-168.1,50.11
42,31.65,84.38,-168.71,50.06
42,31.75,84.54,-169.32,50.12
42,31.85,84.7,-169.93,49.99
42,31.95,84.86,-170.53,49.97
42,32.05,85.02,-171.14,50.09
42,32.15,85.17,-171.75,50.02
42,32.25,85.33,-172.36,49.76
42,32.35,85.49,-172.97,49.95
42,32.45,85.65,-173.57,49.78
42,32.55,85.81,-174.18,49.92
42,32.65,85.96,-174.79,50.1
42,32.75,86.12,-175.4,49.97
42,32.85,86.28,-176.01,49.97
42,32.95,86.43,-176.62,49.98
42,33.06,86.59,-177.23,50.0
42,33.16,86.75,-177.84,49.97
42,33.26,86.9,-178.45,50.18
42,33.36,87.06,-179.05,49.83
42,33.46,87.22,-179.66,50.02
42,33.56,87.37,-180.27,50.06
42,33.66,87.53,-180.88,49.91
42,33.76,87.69,-181.49,50.06
42,33.86,87.84,-182.1,49.93
42,33.96,88.0,-182.71,50.05
42,34.06,88.15,-183.32,49.87
42,34.16,88.31,-183.93,50.01
42,34.26,88.46,-184.54,50.22
42,34.36,88.62,-185.15,49.91
42,34.46,88.77,-185.76,49.96
42,34.56,88.93,-186.37,50.16
42,34.66,89.08,-186.98,50.12
42,34.76,89.24,-187.59,50.17
42,34.86,89.39,-188.21,49.96
42,34.96,89.54,-188.82,50.03
42,35.06,89.7,-189.43,50.05
42,35.16,89.85,-190.04,49.92
42,35.26,90.01,-190.65,49.89
42,35.36,90.16,-191.26,49.88
42,35.46,90.31,-191.87,49.95
42,35.56,90.47,-192.48,49.87
42,35.66,90.62,-193.09,49.93
42,35.76,90.77,-193.71,49.9
42,35.86,90.93,-194.32,50.05
42,35.96,91.08,-194.93,50.04
42,36.06,91.23,-195.54,49.94
42,36.16,91.38,-196.15,49.97
42,36.26,91.54,-196.76,50.06
42,36.36,91.69,-197.38,49.96
42,36.46,91.84,-197.99,49.94
42,36.56,91.99,-198.6,49.87
42,36.66,92.14,-199.21,50.13
42,36.76,92.3,-199.83,49.84
42,36.86,92.45,-200.44,49.97
42,36.96,92.6,-201.05,49.91
42,37.06,92.75,-201.66,50.01
42,37.16,92.9,-202.28,49.96
42,37.26,93.05,-202.89,50.01
42,37.36,93.21,-203.5,49.92
42,37.46,93.36,-204.11,49.95
42,37.56,93.51,-204.73,49.87
42,37.66,93.66,-205.34,49.9
42,37.76,93.81,-205.95,49.95
42,37.86,93.96,-206.57,50.02
42,37.96,94.11,-207.18,49.99
42,38.06,94.26,-207.79,50.14
42,38.16,94.41,-208.41,49.85
42,38.26,94.56,-209.02,49.97
42,38.36,94.71,-209.63,49.77
42,38.46,94.86,-210.25,49.98
42,38.56,95.01,-210.86,49.93
42,38.66,95.16,-211.48,49.95
42,38.76,95.31,-212.09,49.93
42,38.86,95.46,-212.7,50.04
42,38.96,95.61,-213.32,50.03
42,39.07,95.76,-213.93,49.88
42,39.17,95.91,-214.55,49.98
42,39.27,96.05,-215.16,49.85
42,39.37,96.2,-215.77,49.83
42,39.47,96.35,-216.39,50.04
42,39.57,96.5,-217.0,49.89
42,39.67,96.65,-217.62,49.94
42,39.77,96.8,-218.23,50.02
42,39.87,96.95,-218.85,50.0
42,39.97,97.09,-219.46,50.14
42,40.07,97.24,-220.08,49.87
42,40.17,97.39,-220.69,50.12
42,40.27,97.54,-221.31,50.06
42,40.37,97.69,-221.92,50.08
42,40.47,97.83,-222.54,49.96
42,40.57,97.98,-223.15,49.9
42,40.67,98.13,-223.77,50.01
42,40.77,98.28,-224.38,49.9
42,40.87,98.42,-225.0,49.9
42,40.97,98.57,-225.61,50.02
42,41.07,98.72,-226.23,50.11
42,41.17,98.87,-226.85,49.84
42,41.27,99.01,-227.46,50.13
42,41.37,99.16,-228.08,49.88
42,41.47,99.31,-228.69,49.97
42,41.57,99.45,-229.31,49.97
42,41.67,99.6,-229.93,49.95
42,41.77,99.75,-230.54,49.98
42,41.87,99.89,-231.16,50.01
42,41.97,100.04,-231.77,50.13
42,42.07,100.18,-232.39,49.98
42,42.17,100.33,-233.01,49.91
42,42.27,100.48,-233.62,49.89
42,42.37,100.62,-234.24,50.03
42,42.47,100.77,-234.86,50.08
42,42.57,100.91,-235.47,49.94
42,42.67,101.06,-236.09,50.09
42,42.77,101.2,-236.71,50.22
42,42.87,101.35,-237.32,50.13
42,42.97,101.5,-237.94,49.93
42,43.07,101.64,-238.56,50.1
42,43.17,101.79,-239.17,50.09
42,43.27,101.93,-239.79,50.01
42,43.37,102.08,-240.41,50.09
42,43.47,102.22,-241.02,50.08
42,43.57,102.37,-241.64,50.12
42,43.67,102.51,-242.26,50.06
42,43.77,102.65,-242.88,50.08
42,43.87,102.8,-243.49,49.9
42,43.97,102.94,-244.11,50.0
42,44.07,103.09,-244.73,49.93
42,44.17,103.23,-245.35,50.12
42,44.27,103.38,-245.96,49.86
42,44.37,103.52,-246.58,49.78
42,44.47,103.66,-247.2,49.86
42,44.57,103.81,-247.82,49.98
42,44.67,103.95,-248.43,49.8
42,44.77,104.1,-249.05,49.81
42,44.87,104.24,-249.67,50.07
42,44.97,104.38,-250.29,49.86
42,45.08,104.53,-250.91,50.1
42,45.18,104.67,-251.52,49.87
42,45.28,104.81,-252.14,49.79
42,45.38,104.96,-252.76,49.9
42,45.48,105.1,-253.38,49.87
42,45.58,105.24,-254.0,49.87
42,45.68,105.39,-254.62,49.99
42,45.78,105.53,-255.23,50.02
42,45.88,105.67,-255.85,50.14
42,45.98,105.81,-256.47,49.96
42,46.08,105.96,-257.09,50.03
42,46.18,106.1,-257.71,49.87
42,46.28,106.24,-258.33,49.91
42,46.38,106.38,-258.95,50.13
42,46.48,106.53,-259.56,50.14
42,46.58,106.67,-260.18,50.16
42,46.68,106.81,-260.8,49.99
42,46.78,106.95,-261.42,49.87
42,46.88,107.1,-262.04,49.92
42,46.98,107.24,-262.66,49.97
42,47.08,107.38,-263.28,49.94
42,47.18,107.52,-263.9,50.01
42,47.28,107.66,-264.52,50.08
42,47.38,107.81,-265.14,49.9
42,47.48,107.95,-265.76,50.19
42,47.58,108.09,-266.38,50.01
42,47.68,108.23,-266.99,50.14
42,47.78,108.37,-267.61,50.04
42,47.88,108.51,-268.23,50.22
42,47.98,108.65,-268.85,49.88
42,48.08,108.79,-269.47,49.95
42,48.18,108.94,-270.09,49.95
42,48.28,109.08,-270.71,50.02
42,48.38,109.22,-271.33,50.01
42,48.48,109.36,-271.95,50.04
42,48.58,109.5,-272.57,50.01
42,48.68,109.64,-273.19,50.06
42,48.78,109.78,-273.81,49.95
42,48.88,109.92,-274.43,50.05
42,48.98,110.06,-275.05,50.28
42,49.08,110.2,-275.67,50.0
42,49.18,110.34,-276.29,49.86
42,49.28,110.48,-276.91,49.94
42,49.38,110.62,-277.53,49.95
42,49.48,110.76,-278.15,49.91
42,49.58,110.9,-278.77,50.01
42,49.68,111.04,-279.39,50.08
42,49.78,111.18,-280.01,49.87
42,49.88,111.32,-280.64,49.83
42,49.98,111.46,-281.26,50.25
42,50.08,111.6,-281.88,49.91
42,50.18,111.74,-282.5,50.14
42,50.28,111.88,-283.12,50.08
42,50.38,112.02,-283.74,49.94
42,50.48,112.16,-284.36,49.92
42,50.58,112.3,-284.98,49.94
42,50.68,112.44,-285.6,49.96
42,50.78,112.58,-286.22,50.06
42,50.88,112.72,-286.84,49.86
42,50.98,112.86,-287.46,50.13
42,51.09,113.0,-288.08,49.94
42,51.19,113.14,-288.71,49.85
42,51.29,113.27,-289.33,50.02
42,51.39,113.41,-289.95,50.24
42,51.49,113.55,-290.57,49.92
42,51.59,113.69,-291.19,50.01
42,51.69,113.83,-291.81,50.01
42,51.79,113.97,-292.43,50.19
42,51.89,114.11,-293.06,49.91
42,51.99,114.25,-293.68,50.09
42,52.09,114.38,-294.3,49.86
42,52.19,114.52,-294.92,50.02
42,52.29,114.66,-295.54,50.07
42,52.39,114.8,-296.16,50.1
42,52.49,114.94,-296.78,49.86
42,52.59,115.08,-297.41,49.8
42,52.69,115.21,-298.03,49.98
42,52.79,115.35,-298.65,49.94
42,52.89,115.49,-299.27,49.86
42,52.99,115.63,-299.89,49.87
42,53.09,115.76,-300.52,49.95
42,53.19,115.9,-301.14,50.17
42,53.29,116.04,-301.76,49.88
42,53.39,116.18,-302.38,50.09
42,53.49,116.32,-303.0,49.85
42,53.59,116.45,-303.63,49.92
42,53.69,116.59,-304.25,49.85
42,53.79,116.73,-304.87,50.22
42,53.89,116.87,-305.49,50.1
42,53.99,117.0,-306.11,50.07
42,54.09,117.14,-306.74,50.07
42,54.19,117.28,-307.36,49.92
42,54.29,117.41,-307.98,50.0
42,54.39,117.55,-308.6,49.9
42,54.49,117.69,-309.23,50.27
42,54.59,117.82,-309.85,49.89
42,54.69,117.96,-310.47,49.91
42,54.79,118.1,-311.09,50.16
42,54.89,118.24,-311.72,49.99
42,54.99,118.37,-312.34,50.06
42,55.09,118.51,-312.96,49.99
42,55.19,118.65,-313.59,49.93
42,55.29,118.78,-314.21,49.93
42,55.39,118.92,-314.83,50.09
42,55.49,119.05,-315.45,50.02
42,55.59,119.19,-316.08,50.12
42,55.69,119.33,-316.7,50.12
42,55.79,119.46,-317.32,50.06
42,55.89,119.6,-317.95,50.1
42,55.99,119.74,-318.57,50.05
42,56.09,119.87,-319.19,50.04
42,56.19,120.01,-319.81,49.97
42,56.29,120.14,-320.44,49.83
42,56.39,120.28,-321.06,49.94
42,56.49,120.42,-321.68,50.14
42,56.59,120.55,-322.31,50.03
42,56.69,120.69,-322.93,49.96
42,56.79,120.82,-323.55,50.12
42,56.89,120.96,-324.18,49.96
42,56.99,121.09,-324.8,50.07
42,57.1,121.23,-325.42,50.13
42,57.2,121.37,-326.05,50.06
42,57.3,121.5,-326.67,50.11
42,57.4,121.64,-327.3,50.05
42,57.5,121.77,-327.92,49.81
42,57.6,121.91,-328.54,50.13
42,57.7,122.04,-329.17,50.08
42,57.8,122.18,-329.79,49.97
42,57.9,122.31,-330.41,49.94
42,58.0,122.45,-331.04,50.01
42,58.1,122.58,-331.66,49.88
42,58.2,122.72,-332.28,50.09
42,58.3,122.85,-332.91,49.98
42,58.4,122.99,-333.53,49.91
42,58.5,123.12,-334.16,50.07
42,58.6,123.26,-334.78,50.05
42,58.7,123.39,-335.4,50.08
42,58.8,123.53,-336.03,49.87
42,58.9,123.66,-336.65,50.07
42,59.0,123.8,-337.28,50.18
42,59.1,123.93,-337.9,50.0
42,59.2,124.07,-338.53,49.99
42,59.3,124.2,-339.15,49.86
42,59.4,124.33,-339.77,50.01
42,59.5,124.47,-340.4,49.9
42,59.6,124.6,-341.02,50.12
42,59.7,124.74,-341.65,50.24
42,59.8,124.87,-342.27,50.25
42,59.9,125.01,-342.9,49.91
42,60.0,125.14,-343.52,49.93
43,0.0,0.0,0.0,0.0
43,0.1,1.01,0.0,50.06
43,0.2,2.01,0.0,50.25
43,0.3,2.99,0.0,49.89
43,0.4,3.95,0.0,50.03
43,0.5,4.9,0.0,50.04
43,0.6,5.83,0.0,50.11
43,0.7,6.75,0.0,49.91
43,0.8,7.65,0.0,50.15
43,0.9,8.54,0.0,50.03
43,1.0,9.42,0.0,49.92
43,1.1,10.28,0.0,49.98
43,1.2,11.13,0.0,50.1
43,1.3,11.97,0.0,50.21
43,1.4,12.8,0.0,49.96
43,1.5,13.61,0.0,50.21
43,1.6,14.42,0.0,50.12
43,1.7,15.21,0.0,49.95
43,1.8,15.99,0.0,50.06
43,1.9,16.76,0.0,50.09
43,2.0,17.53,0.0,49.98
43,2.1,18.28,0.0,49.94
43,2.2,19.02,0.01,49.99
43,2.3,19.75,0.01,49.96
43,2.4,20.48,0.01,50.03
43,2.5,21.19,0.01,50.22
43,2.6,21.9,0.01,50.05
43,2.7,22.6,0.01,50.18
43,2.8,23.29,0.01,50.06
43,2.9,23.97,0.01,50.29
43,3.01,24.65,0.01,49.92
43,3.11,25.31,0.01,49.79
43,3.21,25.97,0.01,50.03
43,3.31,26.62,0.01,50.04
43,3.41,27.27,0.01,50.16
43,3.51,27.91,0.01,50.19
43,3.61,28.54,0.01,49.84
43,3.71,29.16,0.01,49.98
43,3.81,29.78,0.01,50.01
43,3.91,30.39,0.01,49.88
43,4.01,31.0,0.01,49.99
43,4.11,31.6,0.02,50.11
43,4.21,32.19,0.02,50.12
43,4.31,32.78,0.02,50.04
43,4.41,33.36,0.02,50.17
43,4.51,33.93,0.02,50.03
43,4.61,34.5,0.02,50.13
43,4.71,35.07,0.02,49.92
43,4.81,35.63,0.02,49.92
43,4.91,36.18,0.02,50.21
43,5.01,36.73,0.02,49.95
43,5.11,37.27,0.02,50.1
43,5.21,37.81,0.02,49.95
43,5.31,38.35,0.02,50.04
43,5.41,38.87,0.02,49.99
43,5.51,39.4,0.02,50.07
43,5.61,39.92,0.03,50.07
43,5.71,40.44,0.03,49.93
43,5.81,40.95,0.03,50.07
43,5.91,41.45,0.03,49.89
43,6.01,41.96,0.03,50.17
43,6.11,42.45,0.03,50.04
43,6.21,42.95,0.03,49.7
43,6.31,43.44,0.03,49.87
43,6.41,43.92,0.03,50.07
43,6.51,44.41,0.03,50.1
43,6.61,44.88,0.03,49.96
43,6.71,45.36,0.03,50.02
43,6.81,45.83,0.04,50.07
43,6.91,46.3,0.04,50.13
43,7.01,46.76,0.04,50.09
43,7.11,47.22,0.04,49.94
43,7.21,47.67,0.04,50.14
43,7.31,48.13,0.04,49.78
43,7.41,48.58,0.04,49.97
43,7.51,49.02,0.04,50.06
43,7.61,49.47,0.04,49.88
43,7.71,49.9,0.04,50.01
43,7.81,50.34,0.04,50.06
43,7.91,50.77,0.04,49.92
43,8.01,51.2,0.05,50.02
43,8.11,51.63,0.05,49.88
43,8.21,52.05,0.05,50.1
43,8.31,52.48,0.05,50.05
43,8.41,52.89,0.05,50.07
43,8.51,53.31,0.05,49.99
43,8.61,53.72,0.05,49.83
43,8.71,54.13,0.05,49.99
43,8.81,54.54,0.05,50.17
43,8.91,54.94,0.05,50.1
43,9.02,55.34,0.05,50.17
43,9.12,55.74,0.05,50.01
43,9.22,56.14,0.06,49.93
43,9.32,56.53,0.06,50.06
43,9.42,56.92,0.06,49.98
43,9.52,57.31,0.06,49.94
43,9.62,57.69,0.06,49.83
43,9.72,58.08,0.06,50.03
43,9.82,58.46,0.06,50.09
43,9.92,58.84,0.06,49.88
43,10.02,59.21,0.06,50.15
43,10.12,59.59,0.06,50.02
43,10.22,59.96,0.07,50.01
43,10.32,60.33,0.07,49.88
43,10.42,60.69,0.07,50.05
43,10.52,61.06,0.07,49.88
43,10.62,61.42,0.07,49.9
43,10.72,61.78,0.07,49.83
43,10.82,62.14,0.07,50.27
43,10.92,62.49,0.07,50.0
43,11.02,62.85,0.07,49.94
43,11.12,63.2,0.07,50.0
43,11.22,63.55,0.07,49.95
43,11.32,63.9,0.08,49.98
43,11.42,64.24,0.08,50.04
43,11.52,64.59,0.08,49.96
43,11.62,64.93,0.08,50.01
43,11.72,65.27,0.08,50.23
43,11.82,65.61,0.08,49.82
43,11.92,65.94,0.08,49.89
43,12.02,66.28,0.08,50.05
43,12.12,66.61,0.08,50.14
43,12.22,66.94,0.08,50.3
43,12.32,67.27,0.09,50.04
43,12.42,67.6,0.09,49.88
43,12.52,67.92,0.09,50.15
43,12.62,68.25,0.09,50.01
43,12.72,68.57,0.09,50.01
43,12.82,68.89,0.09,49.81
43,12.92,69.21,0.09,50.12
43,13.02,69.52,0.09,49.91
43,13.12,69.84,0.09,50.06
43,13.22,70.15,0.1,50.01
43,13.32,70.46,0.1,50.02
43,13.42,70.77,0.1,50.01
43,13.52,71.08,0.1,49.92
43,13.62,71.39,0.1,49.92
43,13.72,71.7,0.1,50.09
43,13.82,72.0,0.1,50.0
43,13.92,72.3,0.1,49.93
43,14.02,72.6,0.1,49.95
43,14.12,72.9,0.1,50.07
43,14.22,73.2,0.11,49.93
43,14.32,73.5,0.11,50.16
43,14.42,73.79,0.11,49.98
43,14.52,74.09,0.11,49.97
43,14.62,74.38,0.11,50.06
43,14.72,74.67,0.11,49.97
43,14.82,74.96,0.11,50.04
43,14.92,75.25,0.11,49.99
43,15.03,75.54,0.11,49.83
43,15.13,75.82,0.12,49.89
43,15.23,76.11,0.12,50.03
43,15.33,76.39,0.12,49.95
43,15.43,76.67,0.12,50.21
43,15.53,76.95,0.12,49.92
43,15.63,77.23,0.12,49.87
43,15.73,77.51,0.12,50.0
43,15.83,77.78,0.12,50.03
43,15.93,78.06,0.12,50.09
43,16.03,78.33,0.13,49.75
43,16.13,78.61,0.13,50.15
43,16.23,78.88,0.13,49.87
43,16.33,79.15,0.13,50.11
43,16.43,79.42,0.13,50.2
43,16.53,79.69,0.13,50.07
43,16.63,79.95,0.13,49.89
43,16.73,80.22,0.13,49.98
43,16.83,80.48,0.13,50.08
43,16.93,80.75,0.13,50.0
43,17.03,81.01,0.14,49.9
43,17.13,81.27,0.14,50.01
43,17.23,81.53,0.14,49.95
43,17.33,81.79,0.14,50.06
43,17.43,82.05,0.14,49.89
43,17.53,82.3,0.14,49.81
43,17.63,82.56,0.14,49.9
43,17.73,82.81,0.14,49.83
43,17.83,83.07,0.14,49.94
43,17.93,83.32,0.15,50.07
43,18.03,83.57,0.15,49.96
43,18.13,83.82,0.15,50.0
43,18.23,84.07,0.15,49.9
43,18.33,84.32,0.15,50.0
43,18.43,84.57,0.15,49.9
43,18.53,84.82,0.15,49.88
43,18.63,85.06,0.15,49.98
43,18.73,85.31,0.16,49.93
43,18.83,85.55,0.16,49.72
43,18.93,85.79,0.16,49.99
43,19.03,86.03,0.16,49.9
43,19.13,86.27,0.16,49.9
43,19.23,86.51,0.16,50.14
43,19.33,86.75,0.16,50.09
43,19.43,86.99,0.16,50.04
43,19.53,87.23,0.16,50.01
43,19.63,87.46,0.17,50.06
43,19.73,87.7,0.17,49.96
43,19.83,87.93,0.17,50.01
43,19.93,88.17,0.17,49.96
43,20.03,88.4,0.17,50.01
43,20.13,88.63,0.17,50.03
43,20.23,88.86,0.17,50.02
43,20.33,89.09,0.17,49.96
43,20.43,89.32,0.17,50.07
43,20.53,89.55,0.18,49.98
43,20.63,89.78,0.18,49.98
43,20.73,90.0,0.18,49.82
43,20.83,90.23,0.18,49.91
43,20.93,90.45,0.18,50.09
43,21.04,90.68,0.18,50.08
43,21.14,90.9,0.18,50.0
43,21.24,91.12,0.18,49.94
43,21.34,91.35,0.19,50.02
43,21.44,91.57,0.19,49.76
43,21.54,91.79,0.19,50.01
43,21.64,92.01,0.19,49.88
43,21.74,92.23,0.19,49.99
43,21.84,92.44,0.19,50.02
43,21.94,92.66,0.19,49.97
43,22.04,92.88,0.19,50.07
43,22.14,93.09,0.19,49.94
43,22.24,93.31,0.2,49.93
43,22.34,93.52,0.2,50.06
43,22.44,93.74,0.2,49.96
43,22.54,93.95,0.2,50.13
43,22.64,94.16,0.2,50.0
43,22.74,94.37,0.2,50.06
43,22.84,94.58,0.2,50.09
43,22.94,94.79,0.2,49.99
43,23.04,95.0,0.21,49.85
43,23.14,95.21,0.21,50.06
43,23.24,95.42,0.21,50.12
43,23.34,95.62,0.21,49.97
43,23.44,95.83,0.21,50.1
43,23.54,96.04,0.21,49.88
43,23.64,96.24,0.21,50.01
43,23.74,96.44,0.21,49.97
43,23.84,96.65,0.21,49.84
43,23.94,96.85,0.22,50.04
43,24.04,97.05,0.22,49.91
43,24.14,97.26,0.22,50.04
43,24.24,97.46,0.22,49.9
43,24.34,97.66,0.22,49.83
43,24.44,97.86,0.22,49.93
43,24.54,98.06,0.22,50.1
43,24.64,98.25,0.22,49.98
43,24.74,98.45,0.23,50.0
43,24.84,98.65,0.23,50.01
43,24.94,98.85,0.23,50.01
43,25.04,99.04,0.23,50.19
43,25.14,99.24,0.23,50.0
43,25.24,99.43,0.23,49.81
43,25.34,99.63,0.23,49.96
43,25.44,99.82,0.23,50.01
43,25.54,100.01,0.24,49.87
43,25.64,100.2,0.24,49.98
43,25.74,100.4,0.24,49.98
43,25.84,100.59,0.24,50.18
43,25.94,100.78,0.24,49.93
43,26.04,100.97,0.24,50.09
43,26.14,101.16,0.24,49.99
43,26.24,101.35,0.24,50.09
43,26.34,101.53,0.24,50.14
43,26.44,101.72,0.25,50.04
43,26.54,101.91,0.25,49.99
43,26.64,102.1,0.25,50.11
43,26.74,102.28,0.25,49.85
43,26.84,102.47,0.25,50.02
43,26.94,102.65,0.25,49.88
43,27.05,102.84,0.25,50.08
43,27.15,103.02,0.25,50.01
43,27.25,103.2,0.26,49.99
43,27.35,103.39,0.26,49.96
43,27.45,103.57,0.26,50.07
43,27.55,103.75,0.26,49.82
43,27.65,103.93,0.26,50.19
43,27.75,104.11,0.26,49.99
43,27.85,104.29,0.26,49.87
43,27.95,104.47,0.26,49.74
43,28.05,104.65,0.27,49.98
43,28.15,104.83,0.27,50.02
43,28.25,105.01,0.27,50.03
43,28.35,105.19,0.27,49.85
43,28.45,105.36,0.27,49.88
43,28.55,105.54,0.27,50.14
43,28.65,105.72,0.27,49.84
43,28.75,105.89,0.27,50.01
43,28.85,106.07,0.28,49.96
43,28.95,106.24,0.28,49.95
43,29.05,106.42,0.28,49.97
43,29.15,106.59,0.28,49.95
43,29.25,106.76,0.28,49.94
43,29.35,106.94,0.28,50.1
43,29.45,107.11,0.28,49.96
43,29.55,107.28,0.28,49.88
43,29.65,107.45,0.29,49.99
43,29.75,107.62,0.29,49.89
43,29.85,107.79,0.29,49.89
43,29.95,107.96,0.29,50.15
43,30.05,108.13,0.29,49.98
43,30.15,108.3,0.29,49.87
43,30.25,108.47,0.29,49.99
43,30.35,108.64,0.29,50.01
43,30.45,108.81,0.3,49.98
43,30.55,108.98,0.3,49.95
43,30.65,109.14,0.3,49.86
43,30.75,109.31,0.3,49.96
43,30.85,109.47,0.3,49.92
43,30.95,109.64,0.3,49.99
43,31.05,109.81,0.3,50.04
43,31.15,109.97,0.3,50.18
43,31.25,110.13,0.31,50.08
43,31.35,110.3,0.31,49.73
43,31.45,110.46,0.31,50.02
43,31.55,110.63,0.31,50.15
43,31.65,110.79,0.31,49.99
43,31.75,110.95,0.31,50.16
43,31.85,111.11,0.31,49.89
43,31.95,111.27,0.31,49.91
43,32.05,111.43,0.32,49.98
43,32.15,111.59,0.32,49.99
43,32.25,111.76,0.32,50.08
43,32.35,111.91,0.32,50.0
43,32.45,112.07,0.32,49.99
43,32.55,112.23,0.32,50.25
43,32.65,112.39,0.32,49.92
43,32.75,112.55,0.32,50.13
43,32.85,112.71,0.33,50.04
43,32.95,112.87,0.33,49.96
43,33.06,113.02,0.33,50.03
43,33.16,113.18,0.33,49.92
43,33.26,113.34,0.33,50.01
43,33.36,113.49,0.33,50.0
43,33.46,113.65,0.33,50.05
43,33.56,113.8,0.33,49.99
43,33.66,113.96,0.34,50.17
43,33.76,114.11,0.34,49.91
43,33.86,114.27,0.34,49.93
43,33.96,114.42,0.34,50.02
43,34.06,114.57,0.34,49.92
43,34.16,114.72,0.34,50.07
43,34.26,114.88,0.34,50.13
43,34.36,115.03,0.34,49.95
43,34.46,115.18,0.35,50.01
43,34.56,115.33,0.35,50.07
43,34.66,115.48,0.35,50.09
43,34.76,115.63,0.35,50.35
43,34.86,115.79,0.35,49.86
43,34.96,115.94,0.35,50.15
43,35.06,116.08,0.35,49.94
43,35.16,116.23,0.35,49.94
43,35.26,116.38,0.36,50.01
43,35.36,116.53,0.36,50.01
43,35.46,116.68,0.36,50.13
43,35.56,116.83,0.36,49.85
43,35.66,116.98,0.36,49.7
43,35.76,117.12,0.36,50.19
43,35.86,117.27,0.36,49.86
43,35.96,117.42,0.36,50.1
43,36.06,117.56,0.37,50.14
43,36.16,117.71,0.37,50.11
43,36.26,117.85,0.37,50.05
43,36.36,118.0,0.37,50.07
43,36.46,118.14,0.37,49.95
43,36.56,118.29,0.37,49.81
43,36.66,118.43,0.37,49.97
43,36.76,118.58,0.37,49.95
43,36.86,118.72,0.38,49.91
43,36.96,118.86,0.38,50.0
43,37.06,119.01,0.38,49.81
43,37.16,119.15,0.38,50.13
43,37.26,119.29,0.38,49.99
43,37.36,119.44,0.38,49.95
43,37.46,119.58,0.38,49.97
43,37.56,119.72,0.39,49.98
43,37.66,119.86,0.39,49.9
43,37.76,120.0,0.39,49.9
43,37.86,120.14,0.39,49.87
43,37.96,120.28,0.39,49.86
43,38.06,120.42,0.39,49.91
43,38.16,120.56,0.39,49.99
43,38.26,120.7,0.39,50.11
43,38.36,120.84,0.4,49.84
43,38.46,120.98,0.4,50.09
43,38.56,121.12,0.4,49.84
43,38.66,121.25,0.4,50.01
43,38.76,121.39,0.4,49.85
43,38.86,121.53,0.4,49.87
43,38.96,121.67,0.4,50.03
43,39.07,121.8,0.4,50.03
43,39.17,121.94,0.41,50.07
43,39.27,122.08,0.41,49.91
43,39.37,122.21,0.41,50.1
43,39.47,122.35,0.41,50.16
43,39.57,122.49,0.41,50.02
43,39.67,122.62,0.41,49.82
43,39.77,122.76,0.41,49.81
43,39.87,122.89,0.41,50.02
43,39.97,123.02,0.42,49.94
43,40.07,123.16,0.42,49.9
43,40.17,123.29,0.42,49.98
43,40.27,123.43,0.42,49.96
43,40.37,123.56,0.42,49.98
43,40.47,123.69,0.42,49.91
43,40.57,123.83,0.42,50.2
43,40.67,123.96,0.43,49.89
43,40.77,124.09,0.43,49.97
43,40.87,124.22,0.43,49.8
43,40.97,124.35,0.43,49.88
43,41.07,124.49,0.43,49.87
43,41.17,124.62,0.43,49.95
43,41.27,124.75,0.43,49.98
43,41.37,124.88,0.43,49.96
43,41.47,125.01,0.44,49.95
43,41.57,125.14,0.44,50.02
43,41.67,125.27,0.44,50.03
43,41.77,125.4,0.44,49.76
43,41.87,125.53,0.44,50.11
43,41.97,125.66,0.44,50.03
43,42.07,125.79,0.44,49.8
43,42.17,125.91,0.44,50.09
43,42.27,126.04,0.45,50.1
43,42.37,126.17,0.45,49.8
43,42.47,126.3,0.45,49.97
43,42.57,126.43,0.45,50.03
43,42.67,126.55,0.45,50.11
43,42.77,126.68,0.45,50.05
43,42.87,126.81,0.45,49.94
43,42.97,126.93,0.45,49.89
43,43.07,127.06,0.46,49.85
43,43.17,127.19,0.46,49.91
43,43.27,127.31,0.46,50.05
43,43.37,127.44,0.46,50.09
43,43.47,127.56,0.46,49.96
43,43.57,127.69,0.46,50.11
43,43.67,127.81,0.46,50.04
43,43.77,127.94,0.47,50.25
43,43.87,128.06,0.47,49.82
43,43.97,128.19,0.47,49.98
43,44.07,128.31,0.47,50.02
43,44.17,128.43,0.47,50.18
43,44.27,128.56,0.47,49.85
43,44.37,128.68,0.47,49.9
43,44.47,128.8,0.47,50.01
43,44.57,128.93,0.48,49.88
43,44.67,129.05,0.48,49.98
43,44.77,129.17,0.48,49.84
43,44.87,129.29,0.48,50.12
43,44.97,129.42,0.48,50.17
43,45.08,129.54,0.48,50.17
43,45.18,129.66,0.48,50.02
43,45.28,129.78,0.49,50.02
43,45.38,129.9,0.49,50.0
43,45.48,130.02,0.49,50.09
43,45.58,130.14,0.49,50.13
43,45.68,130.26,0.49,50.07
43,45.78,130.38,0.49,50.02
43,45.88,130.5,0.49,50.07
43,45.98,130.62,0.49,50.0
43,46.08,130.74,0.5,49.87
43,46.18,130.86,0.5,49.94
43,46.28,130.98,0.5,50.02
43,46.38,131.1,0.5,49.91
43,46.48,131.22,0.5,49.91
43,46.58,131.34,0.5,50.06
43,46.68,131.45,0.5,50.07
43,46.78,131.57,0.5,50.03
43,46.88,131.69,0.51,49.95
43,46.98,131.81,0.51,49.97
43,47.08,131.92,0.51,50.07
43,47.18,132.04,0.51,49.91
43,47.28,132.16,0.51,49.85
43,47.38,132.28,0.51,50.05
43,47.48,132.39,0.51,49.99
43,47.58,132.51,0.52,50.13
43,47.68,132.62,0.52,49.89
43,47.78,132.74,0.52,50.11
43,47.88,132.86,0.52,49.94
43,47.98,132.97,0.52,50.08
43,48.08,133.09,0.52,49.87
43,48.18,133.2,0.52,49.84
43,48.28,133.32,0.52,50.04
43,48.38,133.43,0.53,49.97
43,48.48,133.55,0.53,50.02
43,48.58,133.66,0.53,49.9
43,48.68,133.77,0.53,50.03
43,48.78,133.89,0.53,50.13
43,48.88,134.0,0.53,50.11
43,48.98,134.12,0.53,49.93
43,49.08,134.23,0.54,49.87
43,49.18,134.34,0.54,50.0
43,49.28,134.46,0.54,50.08
43,49.38,134.57,0.54,49.83
43,49.48,134.68,0.54,50.06
43,49.58,134.79,0.54,50.2
43,49.68,134.91,0.54,50.06
43,49.78,135.02,0.54,49.84
43,49.88,135.13,0.55,49.89
43,49.98,135.24,0.55,49.93
43,50.08,135.35,0.55,49.99
43,50.18,135.46,0.55,50.03
43,50.28,135.57,0.55,50.07
43,50.38,135.69,0.55,49.97
43,50.48,135.8,0.55,50.03
43,50.58,135.91,0.56,49.89
43,50.68,136.02,0.56,49.93
43,50.78,136.13,0.56,50.09
43,50.88,136.24,0.56,50.05
43,50.98,136.35,0.56,50.06
43,51.09,136.46,0.56,49.9
43,51.19,136.57,0.56,50.0
43,51.29,136.67,0.56,50.01
43,51.39,136.78,0.57,50.03
43,51.49,136.89,0.57,50.1
43,51.59,137.0,0.57,50.0
43,51.69,137.11,0.57,50.16
43,51.79,137.22,0.57,49.8
43,51.89,137.33,0.57,49.97
43,51.99,137.43,0.57,50.1
43,52.09,137.54,0.57,49.93
43,52.19,137.65,0.58,50.08
43,52.29,137.76,0.58,50.01
43,52.39,137.86,0.58,50.19
43,52.49,137.97,0.58,49.98
43,52.59,138.08,0.58,49.99
43,52.69,138.19,0.58,50.18
43,52.79,138.29,0.58,49.96
43,52.89,138.4,0.59,50.11
43,52.99,138.51,0.59,50.03
43,53.09,138.61,0.59,50.11
43,53.19,138.72,0.59,49.97
43,53.29,138.82,0.59,49.99
43,53.39,138.93,0.59,49.96
43,53.49,139.03,0.59,49.8
43,53.59,139.14,0.59,49.97
43,53.69,139.24,0.6,50.32
43,53.79,139.35,0.6,49.93
43,53.89,139.45,0.6,50.01
43,53.99,139.56,0.6,50.12
43,54.09,139.66,0.6,50.05
43,54.19,139.77,0.6,49.99
43,54.29,139.87,0.6,49.91
43,54.39,139.98,0.61,50.14
43,54.49,140.08,0.61,50.11
43,54.59,140.18,0.61,50.14
43,54.69,140.29,0.61,50.13
43,54.79,140.39,0.61,49.86
43,54.89,140.49,0.61,49.96
43,54.99,140.6,0.61,50.03
43,55.09,140.7,0.62,49.9
43,55.19,140.8,0.62,49.94
43,55.29,140.9,0.62,50.06
43,55.39,141.01,0.62,50.06
43,55.49,141.11,0.62,50.18
43,55.59,141.21,0.62,49.93
43,55.69,141.31,0.62,49.91
43,55.79,141.42,0.62,50.21
43,55.89,141.52,0.63,49.98
43,55.99,141.62,0.63,49.81
43,56.09,141.72,0.63,50.04
43,56.19,141.82,0.63,49.89
43,56.29,141.92,0.63,49.96
43,56.39,142.02,0.63,49.86
43,56.49,142.12,0.63,50.11
43,56.59,142.22,0.64,50.04
43,56.69,142.32,0.64,49.87
43,56.79,142.42,0.64,50.02
43,56.89,142.52,0.64,50.07
43,56.99,142.62,0.64,49.98
43,57.1,142.72,0.64,50.17
43,57.2,142.82,0.64,50.1
43,57.3,142.92,0.64,49.95
43,57.4,143.02,0.65,49.98
43,57.5,143.12,0.65,49.88
43,57.6,143.22,0.65,49.83
43,57.7,143.32,0.65,49.91
43,57.8,143.42,0.65,49.93
43,57.9,143.52,0.65,50.13
43,58.0,143.62,0.65,49.86
43,58.1,143.72,0.66,50.01
43,58.2,143.81,0.66,50.02
43,58.3,143.91,0.66,49.93
43,58.4,144.01,0.66,50.1
43,58.5,144.11,0.66,49.97
43,58.6,144.2,0.66,49.94
43,58.7,144.3,0.66,50.16
43,58.8,144.4,0.66,49.92
43,58.9,144.5,0.67,50.08
43,59.0,144.59,0.67,49.94
43,59.1,144.69,0.67,49.88
43,59.2,144.79,0.67,49.97
43,59.3,144.88,0.67,50.24
43,59.4,144.98,0.67,49.86
43,59.5,145.08,0.67,49.93
43,59.6,145.17,0.68,50.12
43,59.7,145.27,0.68,49.91
43,59.8,145.37,0.68,49.94
43,59.9,145.46,0.68,50.01
43,60.0,145.56,0.68,49.98
44,0.0,0.0,0.0,0.0
44,0.1,0.79,0.0,50.0
44,0.2,1.58,0.0,49.99
44,0.3,2.37,0.01,49.92
44,0.4,3.16,0.02,49.81
44,0.5,3.95,0.02,50.19
44,0.6,4.74,0.03,49.92
44,0.7,5.53,0.04,49.92
44,0.8,6.32,0.06,50.02
44,0.9,7.11,0.07,49.9
44,1.0,7.9,0.09,50.09
44,1.1,8.69,0.1,50.03
44,1.2,9.48,0.12,49.97
44,1.3,10.26,0.14,49.95
44,1.4,11.05,0.16,49.88
44,1.5,11.84,0.19,50.03
44,1.6,12.63,0.21,50.01
44,1.7,13.42,0.24,49.94
44,1.8,14.21,0.26,50.05
44,1.9,15.0,0.29,50.16
44,2.0,15.79,0.32,50.0
44,2.1,16.58,0.36,49.98
44,2.2,17.36,0.39,49.9
44,2.3,18.15,0.42,49.98
44,2.4,18.94,0.46,49.96
44,2.5,19.73,0.5,49.9
44,2.6,20.52,0.53,50.05
44,2.7,21.31,0.57,50.03
44,2.8,22.1,0.62,50.01
44,2.9,22.88,0.66,49.96
44,3.01,23.67,0.7,50.09
44,3.11,24.46,0.75,49.82
44,3.21,25.25,0.79,49.83
44,3.31,26.04,0.84,50.02
44,3.41,26.83,0.89,50.13
44,3.51,27.61,0.94,50.01
44,3.61,28.4,0.99,50.01
44,3.71,29.19,1.05,49.9
44,3.81,29.98,1.1,49.79
44,3.91,30.76,1.16,49.9
44,4.01,31.55,1.21,50.06
44,4.11,32.34,1.27,49.84
44,4.21,33.13,1.33,49.91
44,4.31,33.92,1.39,49.84
44,4.41,34.7,1.45,49.91
44,4.51,35.49,1.52,50.11
44,4.61,36.28,1.58,49.94
44,4.71,37.07,1.65,50.09
44,4.81,37.85,1.71,49.94
44,4.91,38.64,1.78,50.14
44,5.01,39.43,1.85,50.03
44,5.11,40.22,1.92,49.95
44,5.21,41.0,1.99,49.98
44,5.31,41.79,2.07,49.86
44,5.41,42.58,2.14,49.95
44,5.51,43.36,2.21,50.14
44,5.61,44.15,2.29,50.04
44,5.71,44.94,2.37,49.79
44,5.81,45.72,2.45,49.98
44,5.91,46.51,2.53,50.02
44,6.01,47.3,2.61,50.08
44,6.11,48.09,2.69,49.96
44,6.21,48.87,2.77,49.99
44,6.31,49.66,2.86,50.1
44,6.41,50.45,2.94,49.98
44,6.51,51.23,3.03,49.93
44,6.61,52.02,3.11,50.08
44,6.71,52.81,3.2,50.09
44,6.81,53.59,3.29,49.78
44,6.91,54.38,3.38,50.03
44,7.01,55.17,3.47,49.9
44,7.11,55.95,3.57,50.04
44,7.21,56.74,3.66,50.1
44,7.31,57.52,3.75,50.06
44,7.41,58.31,3.85,50.07
44,7.51,59.1,3.95,49.93
44,7.61,59.88,4.04,49.95
44,7.71,60.67,4.14,50.06
44,7.81,61.46,4.24,50.01
44,7.91,62.24,4.34,49.85
44,8.01,63.03,4.45,50.09
44,8.11,63.81,4.55,49.85
44,8.21,64.6,4.65,50.03
44,8.31,65.39,4.76,50.02
44,8.41,66.17,4.86,50.12
44,8.51,66.96,4.97,49.98
44,8.61,67.74,5.08,49.8
44,8.71,68.53,5.19,50.01
44,8.81,69.32,5.3,50.03
44,8.91,70.1,5.41,50.11
44,9.02,70.89,5.52,49.95
44,9.12,71.67,5.63,50.07
44,9.22,72.46,5.75,50.09
44,9.32,73.24,5.86,49.93
44,9.42,74.03,5.98,50.03
44,9.52,74.81,6.09,49.85
44,9.62,75.6,6.21,50.06
44,9.72,76.39,6.33,50.02
44,9.82,77.17,6.45,49.88
44,9.92,77.96,6.57,49.96
44,10.02,78.74,6.69,50.11
44,10.12,79.53,6.81,50.02
44,10.22,80.31,6.93,49.93
44,10.32,81.1,7.06,49.92
44,10.42,81.88,7.18,50.1
44,10.52,82.67,7.31,49.95
44,10.62,83.45,7.43,50.02
44,10.72,84.24,7.56,49.96
44,10.82,85.02,7.69,49.78
44,10.92,85.81,7.82,49.93
44,11.02,86.59,7.95,50.11
44,11.12,87.38,8.08,50.21
44,11.22,88.16,8.21,49.92
44,11.32,88.95,8.34,50.03
44,11.42,89.73,8.47,50.23
44,11.52,90.52,8.61,50.12
44,11.62,91.3,8.74,49.88
44,11.72,92.09,8.88,49.97
44,11.82,92.87,9.02,50.03
44,11.92,93.66,9.15,50.13
44,12.02,94.44,9.29,49.88
44,12.12,95.23,9.43,50.08
44,12.22,96.01,9.57,50.07
44,12.32,96.79,9.71,49.97
44,12.42,97.58,9.85,50.21
44,12.52,98.36,9.99,49.91
44,12.62,99.15,10.14,50.04
44,12.72,99.93,10.28,50.02
44,12.82,100.72,10.43,50.04
44,12.92,101.5,10.57,50.12
44,13.02,102.29,10.72,49.87
44,13.12,103.07,10.86,50.02
44,13.22,103.85,11.01,50.2
44,13.32,104.64,11.16,50.08
44,13.42,105.42,11.31,49.93
44,13.52,106.21,11.46,49.92
44,13.62,106.99,11.61,50.05
44,13.72,107.78,11.76,49.95
44,13.82,108.56,11.92,49.99
44,13.92,109.34,12.07,49.93
44,14.02,110.13,12.22,50.21
44,14.12,110.91,12.38,50.03
44,14.22,111.7,12.53,50.01
44,14.32,112.48,12.69,49.84
44,14.42,113.26,12.85,49.92
44,14.52,114.05,13.0,49.99
44,14.62,114.83,13.16,49.99
44,14.72,115.62,13.32,50.17
44,14.82,116.4,13.48,50.01
44,14.92,117.18,13.64,50.1
44,15.03,117.97,13.8,50.02
44,15.13,118.75,13.97,50.09
44,15.23,119.53,14.13,49.83
44,15.33,120.32,14.29,49.87
44,15.43,121.1,14.46,50.09
44,15.53,121.89,14.62,50.15
44,15.63,122.67,14.79,49.83
44,15.73,123.45,14.95,50.0
44,15.83,124.24,15.12,49.85
44,15.93,125.02,15.29,49.93
44,16.03,125.8,15.45,49.81
44,16.13,126.59,15.62,49.99
44,16.23,127.37,15.79,49.98
44,16.33,128.15,15.96,49.98
44,16.43,128.94,16.13,49.97
44,16.53,129.72,16.31,50.06
44,16.63,130.5,16.48,50.17
44,16.73,131.29,16.65,49.88
44,16.83,132.07,16.83,49.92
44,16.93,132.85,17.0,50.01
44,17.03,133.64,17.18,49.97
44,17.13,134.42,17.35,49.97
44,17.23,135.2,17.53,49.87
44,17.33,135.99,17.7,49.95
44,17.43,136.77,17.88,49.96
44,17.53,137.55,18.06,50.02
44,17.63,138.34,18.24,49.91
44,17.73,139.12,18.42,50.09
44,17.83,139.9,18.6,49.87
44,17.93,140.69,18.78,50.16
44,18.03,141.47,18.96,49.92
44,18.13,142.25,19.14,50.14
44,18.23,143.03,19.33,49.93
44,18.33,143.82,19.51,50.08
44,18.43,144.6,19.69,49.96
44,18.53,145.38,19.88,50.01
44,18.63,146.17,20.06,50.06
44,18.73,146.95,20.25,49.97
44,18.83,147.73,20.43,49.81
44,18.93,148.51,20.62,49.94
44,19.03,149.3,20.81,49.95
44,19.13,150.08,21.0,50.17
44,19.23,150.86,21.19,50.0
44,19.33,151.65,21.38,50.02
44,19.43,152.43,21.57,49.99
44,19.53,153.21,21.76,50.02
44,19.63,153.99,21.95,49.88
44,19.73,154.78,22.14,49.93
44,19.83,155.56,22.33,50.07
44,19.93,156.34,22.52,49.98
44,20.03,157.12,22.72,49.99
44,20.13,157.91,22.91,50.0
44,20.23,158.69,23.11,50.07
44,20.33,159.47,23.3,49.94
44,20.43,160.25,23.5,50.01
44,20.53,161.04,23.69,49.78
44,20.63,161.82,23.89,49.84
44,20.73,162.6,24.09,49.98
44,20.83,163.38,24.29,49.89
44,20.93,164.17,24.49,50.1
44,21.04,164.95,24.69,49.89
44,21.14,165.73,24.89,49.99
44,21.24,166.51,25.09,50.08
44,21.34,167.3,25.29,50.05
44,21.44,168.08,25.49,49.95
44,21.54,168.86,25.69,49.96
44,21.64,169.64,25.89,50.05
44,21.74,170.42,26.1,50.08
44,21.84,171.21,26.3,50.15
44,21.94,171.99,26.5,50.08
44,22.04,172.77,26.71,50.07
44,22.14,173.55,26.91,50.03
44,22.24,174.33,27.12,50.01
44,22.34,175.12,27.33,49.96
44,22.44,175.9,27.53,50.05
44,22.54,176.68,27.74,49.98
44,22.64,177.46,27.95,50.07
44,22.74,178.25,28.16,50.07
44,22.84,179.03,28.36,50.05
44,22.94,179.81,28.57,49.94
44,23.04,180.59,28.78,49.99
44,23.14,181.37,28.99,50.11
44,23.24,182.15,29.21,49.83
44,23.34,182.94,29.42,50.02
44,23.44,183.72,29.63,50.08
44,23.54,184.5,29.84,50.04
44,23.64,185.28,30.05,50.21
44,23.74,186.06,30.27,49.84
44,23.84,186.85,30.48,49.88
44,23.94,187.63,30.7,50.02
44,24.04,188.41,30.91,50.09
44,24.14,189.19,31.13,50.01
44,24.24,189.97,31.34,50.13
44,24.34,190.75,31.56,49.94
44,24.44,191.54,31.78,49.97
44,24.54,192.32,31.99,50.08
44,24.64,193.1,32.21,49.96
44,24.74,193.88,32.43,50.09
44,24.84,194.66,32.65,50.07
44,24.94,195.44,32.87,49.96
44,25.04,196.23,33.09,50.03
44,25.14,197.01,33.31,49.95
44,25.24,197.79,33.53,49.91
44,25.34,198.57,33.75,49.96
44,25.44,199.35,33.97,49.98
44,25.54,200.13,34.2,50.01
44,25.64,200.91,34.42,49.99
44,25.74,201.7,34.64,49.82
44,25.84,202.48,34.87,50.1
44,25.94,203.26,35.09,49.83
44,26.04,204.04,35.31,50.02
44,26.14,204.82,35.54,49.93
44,26.24,205.6,35.77,50.01
44,26.34,206.38,35.99,49.98
44,26.44,207.16,36.22,50.03
44,26.54,207.95,36.45,50.05
44,26.64,208.73,36.67,50.1
44,26.74,209.51,36.9,50.08
44,26.84,210.29,37.13,50.0
44,26.94,211.07,37.36,50.09
44,27.05,211.85,37.59,49.95
44,27.15,212.63,37.82,50.17
44,27.25,213.41,38.05,49.94
44,27.35,214.2,38.28,49.95
44,27.45,214.98,38.51,49.82
44,27.55,215.76,38.74,49.93
44,27.65,216.54,38.97,49.97
44,27.75,217.32,39.2,49.97
44,27.85,218.1,39.44,50.17
44,27.95,218.88,39.67,50.06
44,28.05,219.66,39.9,50.09
44,28.15,220.44,40.14,50.0
44,28.25,221.23,40.37,49.93
44,28.35,222.01,40.61,50.22
44,28.45,222.79,40.84,49.99
44,28.55,223.57,41.08,50.06
44,28.65,224.35,41.31,49.91
44,28.75,225.13,41.55,49.88
44,28.85,225.91,41.79,50.15
44,28.95,226.69,42.02,50.04
44,29.05,227.47,42.26,49.98
44,29.15,228.25,42.5,49.98
44,29.25,229.03,42.74,49.9
44,29.35,229.81,42.98,49.94
44,29.45,230.6,43.22,50.04
44,29.55,231.38,43.46,50.0
44,29.65,232.16,43.7,50.08
44,29.75,232.94,43.94,49.73
44,29.85,233.72,44.18,50.02
44,29.95,234.5,44.42,50.08
44,30.05,235.28,44.66,49.78
44,30.15,236.06,44.91,49.9
44,30.25,236.84,45.15,49.86
44,30.35,237.62,45.39,50.13
44,30.45,238.4,45.63,50.01
44,30.55,239.18,45.88,50.01
44,30.65,239.96,46.12,50.11
44,30.75,240.74,46.37,49.99
44,30.85,241.53,46.61,49.94
44,30.95,242.31,46.86,50.02
44,31.05,243.09,47.1,50.04
44,31.15,243.87,47.35,49.89
44,31.25,244.65,47.6,50.16
44,31.35,245.43,47.84,49.81
44,31.45,246.21,48.09,50.03
44,31.55,246.99,48.34,50.17
44,31.65,247.77,48.59,50.01
44,31.75,248.55,48.84,49.79
44,31.85,249.33,49.09,50.15
44,31.95,250.11,49.33,49.95
44,32.05,250.89,49.58,50.08
44,32.15,251.67,49.83,50.04
44,32.25,252.45,50.09,50.0
44,32.35,253.23,50.34,49.79
44,32.45,254.01,50.59,50.04
44,32.55,254.79,50.84,50.07
44,32.65,255.57,51.09,49.84
44,32.75,256.35,51.34,50.17
44,32.85,257.13,51.6,49.96
44,32.95,257.91,51.85,50.18
44,33.06,258.69,52.1,50.07
44,33.16,259.47,52.36,50.0
44,33.26,260.25,52.61,50.01
44,33.36,261.03,52.87,50.1
44,33.46,261.81,53.12,50.15
44,33.56,262.6,53.38,49.9
44,33.66,263.38,53.63,49.94
44,33.76,264.16,53.89,50.17
44,33.86,264.94,54.14,49.91
44,33.96,265.72,54.4,50.0
44,34.06,266.5,54.66,49.93
44,34.16,267.28,54.91,50.07
44,34.26,268.06,55.17,49.75
44,34.36,268.84,55.43,50.07
44,34.46,269.62,55.69,50.12
44,34.56,270.4,55.95,50.07
44,34.66,271.18,56.21,49.92
44,34.76,271.96,56.47,49.65
44,34.86,272.74,56.73,49.93
44,34.96,273.52,56.99,50.07
44,35.06,274.3,57.25,50.0
44,35.16,275.08,57.51,50.09
44,35.26,275.86,57.77,49.98
44,35.36,276.64,58.03,49.97
44,35.46,277.42,58.29,50.16
44,35.56,278.2,58.55,49.93
44,35.66,278.98,58.82,50.06
44,35.76,279.76,59.08,50.08
44,35.86,280.54,59.34,50.24
44,35.96,281.32,59.61,50.17
44,36.06,282.1,59.87,50.05
44,36.16,282.88,60.14,50.07
44,36.26,283.66,60.4,50.13
44,36.36,284.43,60.67,49.94
44,36.46,285.21,60.93,50.18
44,36.56,285.99,61.2,50.0
44,36.66,286.77,61.46,50.07
44,36.76,287.55,61.73,50.04
44,36.86,288.33,61.99,49.92
44,36.96,289.11,62.26,49.96
44,37.06,289.89,62.53,49.92
44,37.16,290.67,62.8,50.02
44,37.26,291.45,63.06,49.85
44,37.36,292.23,63.33,49.9
44,37.46,293.01,63.6,49.96
44,37.56,293.79,63.87,49.98
44,37.66,294.57,64.14,50.15
44,37.76,295.35,64.41,50.1
44,37.86,296.13,64.68,49.99
44,37.96,296.91,64.95,50.18
44,38.06,297.69,65.22,50.03
44,38.16,298.47,65.49,50.07
44,38.26,299.25,65.76,49.81
44,38.36,300.03,66.03,49.91
44,38.46,300.81,66.3,50.1
44,38.56,301.59,66.58,50.07
44,38.66,302.37,66.85,50.18
44,38.76,303.15,67.12,50.17
44,38.86,303.93,67.39,49.95
44,38.96,304.71,67.67,50.12
44,39.07,305.49,67.94,49.9
44,39.17,306.26,68.21,49.84
44,39.27,307.04,68.49,50.03
44,39.37,307.82,68.76,50.08
44,39.47,308.6,69.04,50.03
44,39.57,309.38,69.31,50.1
44,39.67,310.16,69.59,49.94
44,39.77,310.94,69.86,50.1
44,39.87,311.72,70.14,49.95
44,39.97,312.5,70.41,50.24
44,40.07,313.28,70.69,50.09
44,40.17,314.06,70.97,50.16
44,40.27,314.84,71.25,49.88
44,40.37,315.62,71.52,49.96
44,40.47,316.4,71.8,49.99
44,40.57,317.18,72.08,49.88
44,40.67,317.96,72.36,50.16
44,40.77,318.73,72.64,50.01
44,40.87,319.51,72.91,49.85
44,40.97,320.29,73.19,49.95
44,41.07,321.07,73.47,49.89
44,41.17,321.85,73.75,50.07
44,41.27,322.63,74.03,50.06
44,41.37,323.41,74.31,50.06
44,41.47,324.19,74.59,50.1
44,41.57,324.97,74.87,50.22
44,41.67,325.75,75.16,50.18
44,41.77,326.53,75.44,49.96
44,41.87,327.31,75.72,50.21
44,41.97,328.09,76.0,49.98
44,42.07,328.86,76.28,50.01
44,42.17,329.64,76.57,50.01
44,42.27,330.42,76.85,50.07
44,42.37,331.2,77.13,49.81
44,42.47,331.98,77.41,50.0
44,42.57,332.76,77.7,50.03
44,42.67,333.54,77.98,49.83
44,42.77,334.32,78.27,49.83
44,42.87,335.1,78.55,49.92
44,42.97,335.88,78.84,49.93
44,43.07,336.66,79.12,50.0
44,43.17,337.43,79.41,49.99
44,43.27,338.21,79.69,50.12
44,43.37,338.99,79.98,49.96
44,43.47,339.77,80.26,49.96
44,43.57,340.55,80.55,50.1
44,43.67,341.33,80.84,49.81
44,43.77,342.11,81.12,50.18
44,43.87,342.89,81.41,49.85
44,43.97,343.67,81.7,50.1
44,44.07,344.45,81.99,50.08
44,44.17,345.22,82.27,50.16
44,44.27,346.0,82.56,49.93
44,44.37,346.78,82.85,50.0
44,44.47,347.56,83.14,49.88
44,44.57,348.34,83.43,49.99
44,44.67,349.12,83.72,49.99
44,44.77,349.9,84.01,50.16
44,44.87,350.68,84.3,50.05
44,44.97,351.46,84.59,50.0
44,45.08,352.23,84.88,50.0
44,45.18,353.01,85.17,49.95
44,45.28,353.79,85.46,49.98
44,45.38,354.57,85.75,50.01
44,45.48,355.35,86.04,50.19
44,45.58,356.13,86.33,50.04
44,45.68,356.91,86.62,49.9
44,45.78,357.69,86.92,50.26
44,45.88,358.46,87.21,50.1
44,45.98,359.24,87.5,50.1
44,46.08,360.02,87.79,49.98
44,46.18,360.8,88.09,50.08
44,46.28,361.58,88.38,50.03
44,46.38,362.36,88.67,49.86
44,46.48,363.14,88.97,50.05
44,46.58,363.92,89.26,49.87
44,46.68,364.69,89.56,50.03
44,46.78,365.47,89.85,50.04
44,46.88,366.25,90.15,49.91
44,46.98,367.03,90.44,50.01
44,47.08,367.81,90.74,50.06
44,47.18,368.59,91.03,49.95
44,47.28,369.37,91.33,50.05
44,47.38,370.14,91.62,50.13
44,47.48,370.92,91.92,50.08
44,47.58,371.7,92.22,49.97
44,47.68,372.48,92.51,50.15
44,47.78,373.26,92.81,50.08
44,47.88,374.04,93.11,49.98
44,47.98,374.82,93.41,49.94
44,48.08,375.59,93.7,50.06
44,48.18,376.37,94.0,50.11
44,48.28,377.15,94.3,50.11
44,48.38,377.93,94.6,50.06
44,48.48,378.71,94.9,49.97
44,48.58,379.49,95.2,50.06
44,48.68,380.27,95.5,49.91
44,48.78,381.04,95.8,50.03
44,48.88,381.82,96.1,50.18
44,48.98,382.6,96.4,49.9
44,49.08,383.38,96.7,49.94
44,49.18,384.16,97.0,50.09
44,49.28,384.94,97.3,49.91
44,49.38,385.72,97.6,50.15
44,49.48,386.49,97.9,50.1
44,49.58,387.27,98.2,50.1
44,49.68,388.05,98.5,50.11
44,49.78,388.83,98.8,49.87
44,49.88,389.61,99.1,49.89
44,49.98,390.39,99.41,50.13
44,50.08,391.16,99.71,49.97
44,50.18,391.94,100.01,49.99
44,50.28,392.72,100.32,50.07
44,50.38,393.5,100.62,50.02
44,50.48,394.28,100.92,50.11
44,50.58,395.06,101.23,50.06
44,50.68,395.83,101.53,49.98
44,50.78,396.61,101.83,49.99
44,50.88,397.39,102.14,50.03
44,50.98,398.17,102.44,50.04
44,51.09,398.95,102.75,50.08
44,51.19,399.73,103.05,50.02
44,51.29,400.5,103.36,49.99
44,51.39,401.28,103.66,49.98
44,51.49,402.06,103.97,49.96
44,51.59,402.84,104.27,50.16
44,51.69,403.62,104.58,49.91
44,51.79,404.39,104.89,49.87
44,51.89,405.17,105.19,50.09
44,51.99,405.95,105.5,50.05
44,52.09,406.73,105.81,50.21
44,52.19,407.51,106.11,49.99
44,52.29,408.29,106.42,50.0
44,52.39,409.06,106.73,49.92
44,52.49,409.84,107.03,50.01
44,52.59,410.62,107.34,49.83
44,52.69,411.4,107.65,49.81
44,52.79,412.18,107.96,49.95
44,52.89,412.95,108.27,50.01
44,52.99,413.73,108.58,49.94
44,53.09,414.51,108.89,49.94
44,53.19,415.29,109.19,49.85
44,53.29,416.07,109.5,50.06
44,53.39,416.85,109.81,49.93
44,53.49,417.62,110.12,50.17
44,53.59,418.4,110.43,49.99
44,53.69,419.18,110.74,49.89
44,53.79,419.96,111.05,49.77
44,53.89,420.74,111.37,49.88
44,53.99,421.51,111.68,49.99
44,54.09,422.29,111.99,49.76
44,54.19,423.07,112.3,49.92
44,54.29,423.85,112.61,49.95
44,54.39,424.63,112.92,49.93
44,54.49,425.4,113.23,49.94
44,54.59,426.18,113.55,49.95
44,54.69,426.96,113.86,49.92
44,54.79,427.74,114.17,50.15
44,54.89,428.52,114.48,49.94
44,54.99,429.29,114.8,49.74
44,55.09,430.07,115.11,49.84
44,55.19,430.85,115.42,50.06
44,55.29,431.63,115.74,50.05
44,55.39,432.41,116.05,49.95
44,55.49,433.18,116.36,49.86
44,55.59,433.96,116.68,50.07
44,55.69,434.74,116.99,49.84
44,55.79,435.52,117.31,50.04
44,55.89,436.3,117.62,49.96
44,55.99,437.07,117.94,50.05
44,56.09,437.85,118.25,49.95
44,56.19,438.63,118.57,50.15
44,56.29,439.41,118.88,49.82
44,56.39,440.18,119.2,50.06
44,56.49,440.96,119.51,49.97
44,56.59,441.74,119.83,49.93
44,56.69,442.52,120.15,50.13
44,56.79,443.3,120.46,49.9
44,56.89,444.07,120.78,50.02
44,56.99,444.85,121.1,50.01
44,57.1,445.63,121.41,49.88
44,57.2,446.41,121.73,50.08
44,57.3,447.19,122.05,50.2
44,57.4,447.96,122.37,50.16
44,57.5,448.74,122.68,50.04
44,57.6,449.52,123.0,49.98
44,57.7,450.3,123.32,50.08
44,57.8,451.07,123.64,50.1
44,57.9,451.85,123.96,50.01
44,58.0,452.63,124.28,49.76
44,58.1,453.41,124.59,49.84
44,58.2,454.19,124.91,50.05
44,58.3,454.96,125.23,50.03
44,58.4,455.74,125.55,49.95
44,58.5,456.52,125.87,50.03
44,58.6,457.3,126.19,49.85
44,58.7,458.07,126.51,49.98
44,58.8,458.85,126.83,49.97
44,58.9,459.63,127.15,49.8
44,59.0,460.41,127.47,50.01
44,59.1,461.18,127.79,49.85
44,59.2,461.96,128.12,50.09
44,59.3,462.74,128.44,50.03
44,59.4,463.52,128.76,49.93
44,59.5,464.29,129.08,49.9
44,59.6,465.07,129.4,49.86
44,59.7,465.85,129.72,49.95
44,59.8,466.63,130.05,50.08
44,59.9,467.41,130.37,49.97
44,60.0,468.18,130.69,49.98
45,0.0,0.0,0.0,0.0
45,0.1,0.81,0.0,49.89
45,0.2,1.61,0.0,50.04
45,0.3,2.41,0.0,50.07
45,0.4,3.21,0.0,50.15
45,0.5,4.0,0.0,50.02
45,0.6,4.78,0.01,50.04
45,0.7,5.57,0.01,49.95
45,0.8,6.35,0.01,50.15
45,0.9,7.12,0.01,49.95
45,1.0,7.89,0.01,50.06
45,1.1,8.66,0.02,49.95
45,1.2,9.42,0.02,49.99
45,1.3,10.18,0.02,50.0
45,1.4,10.94,0.03,49.8
45,1.5,11.69,0.03,50.02
45,1.6,12.44,0.03,49.99
45,1.7,13.19,0.04,49.93
45,1.8,13.93,0.04,49.9
45,1.9,14.67,0.05,49.94
45,2.0,15.4,0.05,49.89
45,2.1,16.13,0.05,49.95
45,2.2,16.86,0.06,49.93
45,2.3,17.58,0.06,49.97
45,2.4,18.3,0.07,50.08
45,2.5,19.02,0.08,49.91
45,2.6,19.74,0.08,49.94
45,2.7,20.45,0.09,50.01
45,2.8,21.15,0.09,49.9
45,2.9,21.86,0.1,50.08
45,3.01,22.56,0.11,49.9
45,3.11,23.26,0.11,50.01
45,3.21,23.95,0.12,50.11
45,3.31,24.64,0.13,49.9
45,3.41,25.33,0.13,49.92
45,3.51,26.02,0.14,49.95
45,3.61,26.7,0.15,50.0
45,3.71,27.38,0.16,49.99
45,3.81,28.06,0.16,50.0
45,3.91,28.73,0.17,50.05
45,4.01,29.4,0.18,49.98
45,4.11,30.07,0.19,49.85
45,4.21,30.74,0.2,50.13
45,4.31,31.4,0.21,50.04
45,4.41,32.06,0.22,49.87
45,4.51,32.72,0.22,49.98
45,4.61,33.37,0.23,50.08
45,4.71,34.03,0.24,49.91
45,4.81,34.67,0.25,50.09
45,4.91,35.32,0.26,49.9
45,5.01,35.96,0.27,50.04
45,5.11,36.61,0.28,49.74
45,5.21,37.24,0.29,50.09
45,5.31,37.88,0.3,49.81
45,5.41,38.51,0.31,50.12
45,5.51,39.15,0.32,49.88
45,5.61,39.77,0.34,50.19
45,5.71,40.4,0.35,50.01
45,5.81,41.02,0.36,50.1
45,5.91,41.65,0.37,49.98
45,6.01,42.27,0.38,49.85
45,6.11,42.88,0.39,49.91
45,6.21,43.5,0.4,50.05
45,6.31,44.11,0.41,50.29
45,6.41,44.72,0.43,50.14
45,6.51,45.32,0.44,50.01
45,6.61,45.93,0.45,50.09
45,6.71,46.53,0.46,50.02
45,6.81,47.13,0.48,49.98
45,6.91,47.73,0.49,50.01
45,7.01,48.33,0.5,49.94
45,7.11,48.92,0.51,50.01
45,7.21,49.51,0.53,50.04
45,7.31,50.1,0.54,49.99
45,7.41,50.69,0.55,49.95
45,7.51,51.28,0.57,49.95
45,7.61,51.86,0.58,49.97
45,7.71,52.44,0.59,50.01
45,7.81,53.02,0.61,49.95
45,7.91,53.6,0.62,50.05
45,8.01,54.17,0.63,49.84
45,8.11,54.74,0.65,50.02
45,8.21,55.31,0.66,50.1
45,8.31,55.88,0.68,50.18
45,8.41,56.45,0.69,49.99
45,8.51,57.02,0.71,50.06
45,8.61,57.58,0.72,50.02
45,8.71,58.14,0.73,50.1
45,8.81,58.7,0.75,49.98
45,8.91,59.26,0.76,50.05
45,9.02,59.81,0.78,49.78
45,9.12,60.37,0.79,50.1
45,9.22,60.92,0.81,50.01
45,9.32,61.47,0.83,49.93
45,9.42,62.02,0.84,50.03
45,9.52,62.56,0.86,50.14
45,9.62,63.11,0.87,49.9
45,9.72,63.65,0.89,49.91
45,9.82,64.19,0.9,49.84
45,9.92,64.73,0.92,49.91
45,10.02,65.27,0.94,49.9
45,10.12,65.8,0.95,49.98
45,10.22,66.34,0.97,50.0
45,10.32,66.87,0.98,49.86
45,10.42,67.4,1.0,50.03
45,10.52,67.93,1.02,50.02
45,10.62,68.46,1.03,50.02
45,10.72,68.98,1.05,49.91
45,10.82,69.51,1.07,50.19
45,10.92,70.03,1.09,50.06
45,11.02,70.55,1.1,49.87
45,11.12,71.07,1.12,49.84
45,11.22,71.59,1.14,49.92
45,11.32,72.1,1.15,50.01
45,11.42,72.62,1.17,50.14
45,11.52,73.13,1.19,49.93
45,11.62,73.64,1.21,49.84
45,11.72,74.15,1.22,50.03
45,11.82,74.66,1.24,49.95
45,11.92,75.16,1.26,50.01
45,12.02,75.67,1.28,49.98
45,12.12,76.17,1.3,49.97
45,12.22,76.67,1.31,50.1
45,12.32,77.18,1.33,50.06
45,12.42,77.67,1.35,50.02
45,12.52,78.17,1.37,49.78
45,12.62,78.67,1.39,49.97
45,12.72,79.16,1.41,50.09
45,12.82,79.66,1.43,49.9
45,12.92,80.15,1.44,49.98
45,13.02,80.64,1.46,49.99
45,13.12,81.13,1.48,50.02
45,13.22,81.62,1.5,49.96
45,13.32,82.1,1.52,50.04
45,13.42,82.59,1.54,50.04
45,13.52,83.07,1.56,49.91
45,13.62,83.55,1.58,49.92
45,13.72,84.03,1.6,50.02
45,13.82,84.51,1.62,50.15
45,13.92,84.99,1.64,50.1
45,14.02,85.47,1.66,49.94
45,14.12,85.94,1.68,49.92
45,14.22,86.42,1.7,49.96
45,14.32,86.89,1.72,50.15
45,14.42,87.36,1.74,50.0
45,14.52,87.83,1.76,50.02
45,14.62,88.3,1.78,49.92
45,14.72,88.77,1.8,50.0
45,14.82,89.24,1.82,49.85
45,14.92,89.7,1.84,49.86
45,15.03,90.17,1.86,50.01
45,15.13,90.63,1.88,50.02
45,15.23,91.09,1.9,49.96
45,15.33,91.55,1.92,50.03
45,15.43,92.01,1.94,49.87
45,15.53,92.47,1.96,49.97
45,15.63,92.92,1.98,49.94
45,15.73,93.38,2.0,49.99
45,15.83,93.83,2.02,49.97
45,15.93,94.29,2.04,50.23
45,16.03,94.74,2.07,49.9
45,16.13,95.19,2.09,50.0
45,16.23,95.64,2.11,50.28
45,16.33,96.09,2.13,50.06
45,16.43,96.54,2.15,50.0
45,16.53,96.98,2.17,50.08
45,16.63,97.43,2.19,50.06
45,16.73,97.87,2.22,49.89
45,16.83,98.32,2.24,49.85
45,16.93,98.76,2.26,50.01
45,17.03,99.2,2.28,49.95
45,17.13,99.64,2.3,50.23
45,17.23,100.08,2.32,50.11
45,17.33,100.51,2.35,50.11
45,17.43,100.95,2.37,49.76
45,17.53,101.38,2.39,49.94
45,17.63,101.82,2.41,50.0
45,17.73,102.25,2.43,49.93
45,17.83,102.68,2.46,49.94
45,17.93,103.12,2.48,49.97
45,18.03,103.55,2.5,50.01
45,18.13,103.97,2.52,50.27
45,18.23,104.4,2.55,49.93
45,18.33,104.83,2.57,50.08
45,18.43,105.26,2.59,50.15
45,18.53,105.68,2.61,49.9
45,18.63,106.1,2.64,50.2
45,18.73,106.53,2.66,50.02
45,18.83,106.95,2.68,49.75
45,18.93,107.37,2.71,50.12
45,19.03,107.79,2.73,49.84
45,19.13,108.21,2.75,50.15
45,19.23,108.63,2.78,50.1
45,19.33,109.04,2.8,49.9
45,19.43,109.46,2.82,49.96
45,19.53,109.87,2.85,50.07
45,19.63,110.29,2.87,49.94
45,19.73,110.7,2.89,50.17
45,19.83,111.11,2.92,50.09
45,19.93,111.53,2.94,49.85
45,20.03,111.94,2.96,49.98
45,20.13,112.35,2.99,50.05
45,20.23,112.75,3.01,49.92
45,20.33,113.16,3.03,50.11
45,20.43,113.57,3.06,50.06
45,20.53,113.97,3.08,50.07
45,20.63,114.38,3.1,49.97
45,20.73,114.78,3.13,49.9
45,20.83,115.19,3.15,50.12
45,20.93,115.59,3.18,50.18
45,21.04,115.99,3.2,50.1
45,21.14,116.39,3.23,50.09
45,21.24,116.79,3.25,50.01
45,21.34,117.19,3.27,49.93
45,21.44,117.59,3.3,50.07
45,21.54,117.98,3.32,49.94
45,21.64,118.38,3.35,50.1
45,21.74,118.77,3.37,50.03
45,21.84,119.17,3.4,49.85
45,21.94,119.56,3.42,50.01
45,22.04,119.96,3.44,49.88
45,22.14,120.35,3.47,49.86
45,22.24,120.74,3.49,49.78
45,22.34,121.13,3.52,49.87
45,22.44,121.52,3.54,49.88
45,22.54,121.91,3.57,50.13
45,22.64,122.29,3.59,50.06
45,22.74,122.68,3.62,50.2
45,22.84,123.07,3.64,49.98
45,22.94,123.45,3.67,49.87
45,23.04,123.84,3.69,50.0
45,23.14,124.22,3.72,49.96
45,23.24,124.6,3.74,50.04
45,23.34,124.99,3.77,49.86
45,23.44,125.37,3.79,50.0
45,23.54,125.75,3.82,50.13
45,23.64,126.13,3.84,50.14
45,23.74,126.51,3.87,50.12
45,23.84,126.89,3.9,50.06
45,23.94,127.26,3.92,50.09
45,24.04,127.64,3.95,50.0
45,24.14,128.02,3.97,50.04
45,24.24,128.39,4.0,49.99
45,24.34,128.77,4.02,49.95
45,24.44,129.14,4.05,50.03
45,24.54,129.51,4.08,50.17
45,24.64,129.88,4.1,50.03
45,24.74,130.26,4.13,50.05
45,24.84,130.63,4.15,50.08
45,24.94,131.0,4.18,50.03
45,25.04,131.37,4.2,49.98
45,25.14,131.74,4.23,50.08
45,25.24,132.1,4.26,49.93
45,25.34,132.47,4.28,50.12
45,25.44,132.84,4.31,50.13
45,25.54,133.2,4.34,50.0
45,25.64,133.57,4.36,49.93
45,25.74,133.93,4.39,50.21
45,25.84,134.3,4.41,49.93
45,25.94,134.66,4.44,49.97
45,26.04,135.02,4.47,49.8
45,26.14,135.38,4.49,50.14
45,26.24,135.74,4.52,49.86
45,26.34,136.1,4.55,50.05
45,26.44,136.46,4.57,50.03
45,26.54,136.82,4.6,49.99
45,26.64,137.18,4.63,49.95
45,26.74,137.54,4.65,50.04
45,26.84,137.9,4.68,50.17
45,26.94,138.25,4.71,49.97
45,27.05,138.61,4.73,49.83
45,27.15,138.96,4.76,49.82
45,27.25,139.32,4.79,49.98
45,27.35,139.67,4.81,49.95
45,27.45,140.02,4.84,49.98
45,27.55,140.38,4.87,50.03
45,27.65,140.73,4.89,49.95
45,27.75,141.08,4.92,50.28
45,27.85,141.43,4.95,50.04
45,27.95,141.78,4.98,50.09
45,28.05,142.13,5.0,49.98
45,28.15,142.48,5.03,49.99
45,28.25,142.82,5.06,49.94
45,28.35,143.17,5.08,50.01
45,28.45,143.52,5.11,49.85
45,28.55,143.86,5.14,49.84
45,28.65,144.21,5.17,49.94
45,28.75,144.55,5.19,49.91
45,28.85,144.9,5.22,49.94
45,28.95,145.24,5.25,49.97
45,29.05,145.58,5.28,49.97
45,29.15,145.93,5.3,50.08
45,29.25,146.27,5.33,50.08
45,29.35,146.61,5.36,50.0
45,29.45,146.95,5.39,50.2
45,29.55,147.29,5.41,49.95
45,29.65,147.63,5.44,50.08
45,29.75,147.97,5.47,50.05
45,29.85,148.31,5.5,49.98
45,29.95,148.64,5.53,49.99
45,30.05,148.98,5.55,49.96
45,30.15,149.32,5.58,50.08
45,30.25,149.65,5.61,50.12
45,30.35,149.99,5.64,50.0
45,30.45,150.32,5.66,49.81
45,30.55,150.66,5.69,50.05
45,30.65,150.99,5.72,49.98
45,30.75,151.33,5.75,49.89
45,30.85,151.66,5.78,50.01
45,30.95,151.99,5.81,49.97
45,31.05,152.32,5.83,49.89
45,31.15,152.65,5.86,49.98
45,31.25,152.98,5.89,50.14
45,31.35,153.31,5.92,50.01
45,31.45,153.64,5.95,50.0
45,31.55,153.97,5.98,50.04
45,31.65,154.3,6.0,50.02
45,31.75,154.63,6.03,49.97
45,31.85,154.95,6.06,50.02
45,31.95,155.28,6.09,50.01
45,32.05,155.61,6.12,49.79
45,32.15,155.93,6.15,50.05
45,32.25,156.26,6.17,50.0
45,32.35,156.58,6.2,50.05
45,32.45,156.9,6.23,50.0
45,32.55,157.23,6.26,49.96
45,32.65,157.55,6.29,49.9
45,32.75,157.87,6.32,50.02
45,32.85,158.19,6.35,50.02
45,32.95,158.52,6.38,50.13
45,33.06,158.84,6.4,49.95
45,33.16,159.16,6.43,50.11
45,33.26,159.48,6.46,50.08
45,33.36,159.8,6.49,49.92
45,33.46,160.11,6.52,49.86
45,33.56,160.43,6.55,50.1
45,33.66,160.75,6.58,50.05
45,33.76,161.07,6.61,50.08
45,33.86,161.38,6.64,50.01
45,33.96,161.7,6.66,49.9
45,34.06,162.02,6.69,50.02
45,34.16,162.33,6.72,50.07
45,34.26,162.65,6.75,49.78
45,34.36,162.96,6.78,50.05
45,34.46,163.27,6.81,50.08
45,34.56,163.59,6.84,50.09
45,34.66,163.9,6.87,50.05
45,34.76,164.21,6.9,49.96
45,34.86,164.53,6.93,49.99
45,34.96,164.84,6.96,49.85
45,35.06,165.15,6.99,50.11
45,35.16,165.46,7.02,50.08
45,35.26,165.77,7.05,49.97
45,35.36,166.08,7.07,50.06
45,35.46,166.39,7.1,50.06
45,35.56,166.7,7.13,49.89
45,35.66,167.0,7.16,50.2
45,35.76,167.31,7.19,49.92
45,35.86,167.62,7.22,49.79
45,35.96,167.93,7.25,50.04
45,36.06,168.23,7.28,50.03
45,36.16,168.54,7.31,49.96
45,36.26,168.84,7.34,50.02
45,36.36,169.15,7.37,49.92
45,36.46,169.45,7.4,49.83
45,36.56,169.76,7.43,50.1
45,36.66,170.06,7.46,50.03
45,36.76,170.36,7.49,49.96
45,36.86,170.67,7.52,50.17
45,36.96,170.97,7.55,49.97
45,37.06,171.27,7.58,50.06
45,37.16,171.57,7.61,49.9
45,37.26,171.87,7.64,49.78
45,37.36,172.17,7.67,50.06
45,37.46,172.47,7.7,50.06
45,37.56,172.77,7.73,50.19
45,37.66,173.07,7.76,49.89
45,37.76,173.37,7.79,49.83
45,37.86,173.67,7.82,49.94
45,37.96,173.97,7.85,50.06
45,38.06,174.26,7.88,49.78
45,38.16,174.56,7.91,50.01
45,38.26,174.86,7.94,49.95
45,38.36,175.15,7.97,49.96
45,38.46,175.45,8.0,49.91
45,38.56,175.75,8.03,50.11
45,38.66,176.04,8.06,49.84
45,38.76,176.34,8.09,50.09
45,38.86,176.63,8.12,50.05
45,38.96,176.92,8.15,49.95
45,39.07,177.22,8.18,50.15
45,39.17,177.51,8.21,49.81
45,39.27,177.8,8.24,50.1
45,39.37,178.09,8.28,49.89
45,39.47,178.39,8.31,49.95
45,39.57,178.68,8.34,50.03
45,39.67,178.97,8.37,50.1
45,39.77,179.26,8.4,49.9
45,39.87,179.55,8.43,50.06
45,39.97,179.84,8.46,49.96
45,40.07,180.13,8.49,49.91
45,40.17,180.42,8.52,49.84
45,40.27,180.71,8.55,49.96
45,40.37,180.99,8.58,49.87
45,40.47,181.28,8.61,49.88
45,40.57,181.57,8.64,49.95
45,40.67,181.86,8.67,49.98
45,40.77,182.14,8.7,49.95
45,40.87,182.43,8.74,50.01
45,40.97,182.72,8.77,50.17
45,41.07,183.0,8.8,49.93
45,41.17,183.29,8.83,49.91
45,41.27,183.57,8.86,49.91
45,41.37,183.86,8.89,49.72
45,41.47,184.14,8.92,49.94
45,41.57,184.42,8.95,50.18
45,41.67,184.71,8.98,50.01
45,41.77,184.99,9.01,49.96
45,41.87,185.27,9.05,50.05
45,41.97,185.55,9.08,49.96
45,42.07,185.84,9.11,50.12
45,42.17,186.12,9.14,49.99
45,42.27,186.4,9.17,50.14
45,42.37,186.68,9.2,50.03
45,42.47,186.96,9.23,50.05
45,42.57,187.24,9.26,49.98
45,42.67,187.52,9.29,50.1
45,42.77,187.8,9.33,50.17
45,42.87,188.08,9.36,50.05
45,42.97,188.35,9.39,49.98
45,43.07,188.63,9.42,50.1
45,43.17,188.91,9.45,49.95
45,43.27,189.19,9.48,50.14
45,43.37,189.47,9.51,49.95
45,43.47,189.74,9.55,49.99
45,43.57,190.02,9.58,50.09
45,43.67,190.29,9.61,49.8
45,43.77,190.57,9.64,50.03
45,43.87,190.85,9.67,50.02
45,43.97,191.12,9.7,49.95
45,44.07,191.4,9.73,49.97
45,44.17,191.67,9.77,49.92
45,44.27,191.94,9.8,49.9
45,44.37,192.22,9.83,49.96
45,44.47,192.49,9.86,49.9
45,44.57,192.76,9.89,50.05
45,44.67,193.04,9.92,49.93
45,44.77,193.31,9.96,50.08
45,44.87,193.58,9.99,49.91
45,44.97,193.85,10.02,49.87
45,45.08,194.12,10.05,49.98
45,45.18,194.39,10.08,49.88
45,45.28,194.66,10.11,49.99
45,45.38,194.94,10.15,49.92
45,45.48,195.2,10.18,49.87
45,45.58,195.47,10.21,49.88
45,45.68,195.74,10.24,50.12
45,45.78,196.01,10.27,50.07
45,45.88,196.28,10.3,49.87
45,45.98,196.55,10.34,49.92
45,46.08,196.82,10.37,50.15
45,46.18,197.09,10.4,50.0
45,46.28,197.35,10.43,49.97
45,46.38,197.62,10.46,50.01
45,46.48,197.89,10.5,50.03
45,46.58,198.15,10.53,50.0
45,46.68,198.42,10.56,49.92
45,46.78,198.68,10.59,49.8
45,46.88,198.95,10.62,50.0
45,46.98,199.22,10.66,49.82
45,47.08,199.48,10.69,49.95
45,47.18,199.74,10.72,49.93
45,47.28,200.01,10.75,49.93
45,47.38,200.27,10.79,50.04
45,47.48,200.54,10.82,49.98
45,47.58,200.8,10.85,50.05
45,47.68,201.06,10.88,49.82
45,47.78,201.33,10.91,50.08
45,47.88,201.59,10.95,50.09
45,47.98,201.85,10.98,49.99
45,48.08,202.11,11.01,50.19
45,48.18,202.37,11.04,50.07
45,48.28,202.63,11.08,50.0
45,48.38,202.89,11.11,50.14
45,48.48,203.16,11.14,50.01
45,48.58,203.42,11.17,49.91
45,48.68,203.68,11.2,50.08
45,48.78,203.94,11.24,50.15
45,48.88,204.19,11.27,49.85
45,48.98,204.45,11.3,49.95
45,49.08,204.71,11.33,49.95
45,49.18,204.97,11.37,49.87
45,49.28,205.23,11.4,49.97
45,49.38,205.49,11.43,49.92
45,49.48,205.74,11.46,50.04
45,49.58,206.0,11.5,50.05
45,49.68,206.26,11.53,50.01
45,49.78,206.52,11.56,50.02
45,49.88,206.77,11.59,50.15
45,49.98,207.03,11.63,50.2
45,50.08,207.28,11.66,50.06
45,50.18,207.54,11.69,49.95
45,50.28,207.79,11.73,50.03
45,50.38,208.05,11.76,50.0
45,50.48,208.3,11.79,50.07
45,50.58,208.56,11.82,49.91
45,50.68,208.81,11.86,50.07
45,50.78,209.07,11.89,50.01
45,50.88,209.32,11.92,49.99
45,50.98,209.57,11.95,50.0
45,51.09,209.83,11.99,50.13
45,51.19,210.08,12.02,50.27
45,51.29,210.33,12.05,50.01
45,51.39,210.58,12.09,49.93
45,51.49,210.84,12.12,50.0
45,51.59,211.09,12.15,50.03
45,51.69,211.34,12.18,50.02
45,51.79,211.59,12.22,50.02
45,51.89,211.84,12.25,49.98
45,51.99,212.09,12.28,50.13
45,52.09,212.34,12.32,49.97
45,52.19,212.59,12.35,50.08
45,52.29,212.84,12.38,49.85
45,52.39,213.09,12.42,49.94
45,52.49,213.34,12.45,50.03
45,52.59,213.59,12.48,50.0
45,52.69,213.84,12.51,50.12
45,52.79,214.09,12.55,50.03
45,52.89,214.34,12.58,50.13
45,52.99,214.58,12.61,50.05
45,53.09,214.83,12.65,49.92
45,53.19,215.08,12.68,49.98
45,53.29,215.33,12.71,49.99
45,53.39,215.57,12.75,50.13
45,53.49,215.82,12.78,49.98
45,53.59,216.07,12.81,49.99
45,53.69,216.31,12.85,49.96
45,53.79,216.56,12.88,50.01
45,53.89,216.8,12.91,50.07
45,53.99,217.05,12.95,50.07
45,54.09,217.29,12.98,49.97
45,54.19,217.54,13.01,49.8
45,54.29,217.78,13.04,50.03
45,54.39,218.03,13.08,50.01
45,54.49,218.27,13.11,50.02
45,54.59,218.51,13.14,50.0
45,54.69,218.76,13.18,50.03
45,54.79,219.0,13.21,49.8
45,54.89,219.24,13.24,50.01
45,54.99,219.49,13.28,49.9
45,55.09,219.73,13.31,50.12
45,55.19,219.97,13.35,50.01
45,55.29,220.21,13.38,49.93
45,55.39,220.46,13.41,49.88
45,55.49,220.7,13.45,49.91
45,55.59,220.94,13.48,49.94
45,55.69,221.18,13.51,50.0
45,55.79,221.42,13.55,49.88
45,55.89,221.66,13.58,50.02
45,55.99,221.9,13.61,50.1
45,56.09,222.14,13.65,50.11
45,56.19,222.38,13.68,49.96
45,56.29,222.62,13.71,50.0
45,56.39,222.86,13.75,49.93
45,56.49,223.1,13.78,49.88
45,56.59,223.34,13.81,49.95
45,56.69,223.58,13.85,49.82
45,56.79,223.82,13.88,49.8
45,56.89,224.05,13.92,50.03
45,56.99,224.29,13.95,50.03
45,57.1,224.53,13.98,50.12
45,57.2,224.77,14.02,50.14
45,57.3,225.01,14.05,50.02
45,57.4,225.24,14.08,49.91
45,57.5,225.48,14.12,49.91
45,57.6,225.72,14.15,49.9
45,57.7,225.95,14.19,50.03
45,57.8,226.19,14.22,49.92
45,57.9,226.42,14.25,49.86
45,58.0,226.66,14.29,50.04
45,58.1,226.9,14.32,50.09
45,58.2,227.13,14.35,49.93
45,58.3,227.37,14.39,50.0
45,58.4,227.6,14.42,50.15
45,58.5,227.83,14.46,50.09
45,58.6,228.07,14.49,49.91
45,58.7,228.3,14.52,50.16
45,58.8,228.54,14.56,50.07
45,58.9,228.77,14.59,50.16
45,59.0,229.0,14.63,49.98
45,59.1,229.24,14.66,49.91
45,59.2,229.47,14.69,50.0
45,59.3,229.7,14.73,49.86
45,59.4,229.94,14.76,50.08
45,59.5,230.17,14.8,49.94
45,59.6,230.4,14.83,50.04
45,59.7,230.63,14.86,50.22
45,59.8,230.86,14.9,49.95
45,59.9,231.1,14.93,50.0
45,60.0,231.33,14.97,49.95
46,0.0,0.0,0.0,0.0
46,0.1,0.58,-0.0,49.98
46,0.2,1.16,-0.0,50.01
46,0.3,1.73,-0.01,49.97
46,0.4,2.3,-0.01,50.14
46,0.5,2.87,-0.02,49.74
46,0.6,3.43,-0.03,49.92
46,0.7,3.99,-0.04,50.04
46,0.8,4.55,-0.05,50.08
46,0.9,5.1,-0.06,50.13
46,1.0,5.65,-0.07,50.0
46,1.1,6.2,-0.08,49.94
46,1.2,6.74,-0.1,50.0
46,1.3,7.28,-0.11,50.1
46,1.4,7.82,-0.13,49.94
46,1.5,8.36,-0.15,49.99
46,1.6,8.89,-0.17,49.97
46,1.7,9.42,-0.19,50.12
46,1.8,9.94,-0.21,49.88
46,1.9,10.46,-0.23,49.75
46,2.0,10.98,-0.26,49.99
46,2.1,11.5,-0.28,50.06
46,2.2,12.01,-0.31,49.95
46,2.3,12.53,-0.33,49.82
46,2.4,13.03,-0.36,50.06
46,2.5,13.54,-0.39,49.96
46,2.6,14.04,-0.42,50.02
46,2.7,14.54,-0.45,49.97
46,2.8,15.04,-0.48,49.78
46,2.9,15.53,-0.52,50.03
46,3.01,16.03,-0.55,50.06
46,3.11,16.52,-0.58,49.98
46,3.21,17.0,-0.62,49.89
46,3.31,17.49,-0.66,50.18
46,3.41,17.97,-0.69,50.04
46,3.51,18.45,-0.73,49.86
46,3.61,18.93,-0.77,50.23
46,3.71,19.4,-0.81,49.94
46,3.81,19.87,-0.85,50.13
46,3.91,20.34,-0.89,50.07
46,4.01,20.81,-0.94,50.04
46,4.11,21.27,-0.98,50.14
46,4.21,21.74,-1.03,49.82
46,4.31,22.2,-1.07,50.06
46,4.41,22.65,-1.12,49.97
46,4.51,23.11,-1.17,50.24
46,4.61,23.56,-1.21,49.81
46,4.71,24.01,-1.26,50.03
46,4.81,24.46,-1.31,50.04
46,4.91,24.91,-1.36,49.94
46,5.01,25.35,-1.41,49.97
46,5.11,25.79,-1.47,49.95
46,5.21,26.23,-1.52,49.9
46,5.31,26.67,-1.57,49.91
46,5.41,27.11,-1.63,49.98
46,5.51,27.54,-1.68,50.07
46,5.61,27.97,-1.74,49.93
46,5.71,28.4,-1.79,49.77
46,5.81,28.83,-1.85,49.99
46,5.91,29.26,-1.91,50.03
46,6.01,29.68,-1.97,49.98
46,6.11,30.1,-2.03,50.0
46,6.21,30.52,-2.09,50.09
46,6.31,30.94,-2.15,49.99
46,6.41,31.35,-2.21,50.08
46,6.51,31.77,-2.28,50.03
46,6.61,32.18,-2.34,49.91
46,6.71,32.59,-2.4,50.11
46,6.81,32.99,-2.47,49.87
46,6.91,33.4,-2.53,49.79
46,7.01,33.8,-2.6,50.01
46,7.11,34.21,-2.67,50.06
46,7.21,34.61,-2.73,50.05
46,7.31,35.01,-2.8,49.88
46,7.41,35.4,-2.87,50.01
46,7.51,35.8,-2.94,49.83
46,7.61,36.19,-3.01,50.03
46,7.71,36.58,-3.08,50.01
46,7.81,36.97,-3.15,50.05
46,7.91,37.36,-3.22,50.08
46,8.01,37.75,-3.3,50.05
46,8.11,38.13,-3.37,49.87
46,8.21,38.51,-3.44,49.95
46,8.31,38.89,-3.52,49.89
46,8.41,39.27,-3.59,49.75
46,8.51,39.65,-3.67,50.07
46,8.61,40.03,-3.74,50.06
46,8.71,40.4,-3.82,49.91
46,8.81,40.78,-3.9,49.92
46,8.91,41.15,-3.98,50.0
46,9.02,41.52,-4.06,49.95
46,9.12,41.89,-4.13,50.11
46,9.22,42.25,-4.21,49.96
46,9.32,42.62,-4.29,49.92
46,9.42,42.98,-4.38,50.04
46,9.52,43.34,-4.46,49.91
46,9.62,43.7,-4.54,50.07
46,9.72,44.06,-4.62,49.99
46,9.82,44.42,-4.7,50.09
46,9.92,44.78,-4.79,50.1
46,10.02,45.13,-4.87,49.87
46,10.12,45.48,-4.96,50.01
46,10.22,45.84,-5.04,50.0
46,10.32,46.19,-5.13,49.99
46,10.42,46.53,-5.21,50.12
46,10.52,46.88,-5.3,50.0
46,10.62,47.23,-5.39,49.86
46,10.72,47.57,-5.48,49.95
46,10.82,47.92,-5.57,49.93
46,10.92,48.26,-5.65,49.96
46,11.02,48.6,-5.74,50.0
46,11.12,48.94,-5.83,49.93
46,11.22,49.27,-5.92,50.06
46,11.32,49.61,-6.01,50.15
46,11.42,49.94,-6.11,50.02
46,11.52,50.28,-6.2,50.08
46,11.62,50.61,-6.29,49.9
46,11.72,50.94,-6.38,50.09
46,11.82,51.27,-6.48,50.14
46,11.92,51.6,-6.57,50.12
46,12.02,51.93,-6.66,49.94
46,12.12,52.25,-6.76,50.12
46,12.22,52.58,-6.85,50.18
46,12.32,52.9,-6.95,49.94
46,12.42,53.22,-7.05,50.07
46,12.52,53.54,-7.14,49.94
46,12.62,53.86,-7.24,49.86
46,12.72,54.18,-7.34,49.98
46,12.82,54.5,-7.44,49.94
46,12.92,54.81,-7.53,49.99
46,13.02,55.13,-7.63,49.74
46,13.12,55.44,-7.73,50.04
46,13.22,55.75,-7.83,49.98
46,13.32,56.07,-7.93,50.08
46,13.42,56.38,-8.03,49.95
46,13.52,56.68,-8.13,50.17
46,13.62,56.99,-8.23,49.96
46,13.72,57.3,-8.34,50.01
46,13.82,57.6,-8.44,49.9
46,13.92,57.91,-8.54,50.01
46,14.02,58.21,-8.64,50.03
46,14.12,58.51,-8.75,49.94
46,14.22,58.81,-8.85,50.08
46,14.32,59.11,-8.96,49.94
46,14.42,59.41,-9.06,50.11
46,14.52,59.71,-9.17,49.86
46,14.62,60.01,-9.27,49.99
46,14.72,60.3,-9.38,50.26
46,14.82,60.6,-9.48,49.76
46,14.92,60.89,-9.59,50.1
46,15.03,61.18,-9.7,50.03
46,15.13,61.47,-9.81,49.97
46,15.23,61.76,-9.91,50.11
46,15.33,62.05,-10.02,50.04
46,15.43,62.34,-10.13,49.97
46,15.53,62.63,-10.24,49.93
46,15.63,62.91,-10.35,49.96
46,15.73,63.2,-10.46,49.98
46,15.83,63.48,-10.57,49.98
46,15.93,63.76,-10.68,49.92
46,16.03,64.05,-10.79,50.01
46,16.13,64.33,-10.9,49.93
46,16.23,64.61,-11.01,50.01
46,16.33,64.89,-11.12,50.19
46,16.43,65.16,-11.24,50.09
46,16.53,65.44,-11.35,50.0
46,16.63,65.72,-11.46,49.88
46,16.73,65.99,-11.58,50.01
46,16.83,66.27,-11.69,50.18
46,16.93,66.54,-11.8,49.9
46,17.03,66.81,-11.92,49.78
46,17.13,67.08,-12.03,50.03
46,17.23,67.35,-12.15,50.15
46,17.33,67.62,-12.26,50.12
46,17.43,67.89,-12.38,50.17
46,17.53,68.16,-12.5,49.87
46,17.63,68.42,-12.61,49.96
46,17.73,68.69,-12.73,50.04
46,17.83,68.96,-12.85,49.77
46,17.93,69.22,-12.96,50.0
46,18.03,69.48,-13.08,49.95
46,18.13,69.74,-13.2,49.98
46,18.23,70.01,-13.32,50.03
46,18.33,70.27,-13.44,49.97
46,18.43,70.53,-13.56,49.89
46,18.53,70.78,-13.67,50.07
46,18.63,71.04,-13.79,49.89
46,18.73,71.3,-13.91,49.99
46,18.83,71.56,-14.03,49.92
46,18.93,71.81,-14.16,50.07
46,19.03,72.07,-14.28,49.84
46,19.13,72.32,-14.4,49.99
46,19.23,72.57,-14.52,50.03
46,19.33,72.82,-14.64,50.03
46,19.43,73.07,-14.76,50.11
46,19.53,73.32,-14.89,50.08
46,19.63,73.57,-15.01,50.05
46,19.73,73.82,-15.13,49.8
46,19.83,74.07,-15.25,50.06
46,19.93,74.32,-15.38,50.12
46,20.03,74.56,-15.5,49.92
46,20.13,74.81,-15.63,50.12
46,20.23,75.05,-15.75,50.09
46,20.33,75.3,-15.88,49.93
46,20.43,75.54,-16.0,49.95
46,20.53,75.78,-16.13,49.9
46,20.63,76.02,-16.25,50.11
46,20.73,76.27,-16.38,49.93
46,20.83,76.51,-16.5,49.93
46,20.93,76.74,-16.63,49.98
46,21.04,76.98,-16.76,49.89
46,21.14,77.22,-16.88,50.05
46,21.24,77.46,-17.01,49.97
46,21.34,77.69,-17.14,50.11
46,21.44,77.93,-17.27,50.09
46,21.54,78.16,-17.4,50.16
46,21.64,78.4,-17.52,49.84
46,21.74,78.63,-17.65,49.87
46,21.84,78.86,-17.78,50.0
46,21.94,79.1,-17.91,50.01
46,22.04,79.33,-18.04,49.97
46,22.14,79.56,-18.17,50.16
46,22.24,79.79,-18.3,49.96
46,22.34,80.02,-18.43,50.05
46,22.44,80.24,-18.56,50.03
46,22.54,80.47,-18.69,49.94
46,22.64,80.7,-18.82,50.05
46,22.74,80.92,-18.95,50.0
46,22.84,81.15,-19.09,50.12
46,22.94,81.37,-19.22,50.12
46,23.04,81.6,-19.35,49.75
46,23.14,81.82,-19.48,49.85
46,23.24,82.04,-19.61,49.99
46,23.34,82.27,-19.75,50.09
46,23.44,82.49,-19.88,50.01
46,23.54,82.71,-20.01,50.04
46,23.64,82.93,-20.15,50.28
46,23.74,83.15,-20.28,49.94
46,23.84,83.37,-20.42,50.04
46,23.94,83.58,-20.55,50.02
46,24.04,83.8,-20.68,50.09
46,24.14,84.02,-20.82,50.1
46,24.24,84.23,-20.95,50.06
46,24.34,84.45,-21.09,50.14
46,24.44,84.66,-21.22,50.13
46,24.54,84.88,-21.36,50.04
46,24.64,85.09,-21.5,49.99
46,24.74,85.31,-21.63,50.03
46,24.84,85.52,-21.77,49.83
46,24.94,85.73,-21.91,49.95
46,25.04,85.94,-22.04,49.9
46,25.14,86.15,-22.18,50.09
46,25.24,86.36,-22.32,50.14
46,25.34,86.57,-22.45,50.07
46,25.44,86.78,-22.59,49.99
46,25.54,86.99,-22.73,49.93
46,25.64,87.19,-22.87,50.09
46,25.74,87.4,-23.01,50.1
46,25.84,87.61,-23.15,49.99
46,25.94,87.81,-23.28,50.01
46,26.04,88.02,-23.42,49.96
46,26.14,88.22,-23.56,50.04
46,26.24,88.42,-23.7,49.96
46,26.34,88.63,-23.84,49.99
46,26.44,88.83,-23.98,49.88
46,26.54,89.03,-24.12,50.03
46,26.64,89.23,-24.26,50.18
46,26.74,89.43,-24.4,50.03
46,26.84,89.63,-24.54,50.1
46,26.94,89.83,-24.69,50.08
46,27.05,90.03,-24.83,49.99
46,27.15,90.23,-24.97,50.0
46,27.25,90.43,-25.11,49.95
46,27.35,90.63,-25.25,50.1
46,27.45,90.82,-25.39,50.05
46,27.55,91.02,-25.54,50.1
46,27.65,91.22,-25.68,50.01
46,27.75,91.41,-25.82,49.82
46,27.85,91.61,-25.96,49.93
46,27.95,91.8,-26.11,50.1
46,28.05,91.99,-26.25,49.98
46,28.15,92.19,-26.39,50.11
46,28.25,92.38,-26.54,50.14
46,28.35,92.57,-26.68,50.09
46,28.45,92.76,-26.83,50.09
46,28.55,92.95,-26.97,49.73
46,28.65,93.14,-27.11,49.98
46,28.75,93.33,-27.26,50.0
46,28.85,93.52,-27.4,50.09
46,28.95,93.71,-27.55,50.01
46,29.05,93.9,-27.69,49.85
46,29.15,94.09,-27.84,49.85
46,29.25,94.27,-27.98,49.95
46,29.35,94.46,-28.13,50.27
46,29.45,94.65,-28.28,50.03
46,29.55,94.83,-28.42,50.05
46,29.65,95.02,-28.57,49.85
46,29.75,95.2,-28.72,50.11
46,29.85,95.39,-28.86,49.97
46,29.95,95.57,-29.01,50.15
46,30.05,95.75,-29.16,49.88
46,30.15,95.93,-29.3,49.99
46,30.25,96.12,-29.45,49.95
46,30.35,96.3,-29.6,50.06
46,30.45,96.48,-29.75,50.1
46,30.55,96.66,-29.89,49.94
46,30.65,96.84,-30.04,50.08
46,30.75,97.02,-30.19,50.14
46,30.85,97.2,-30.34,50.1
46,30.95,97.38,-30.49,49.94
46,31.05,97.56,-30.64,49.96
46,31.15,97.73,-30.79,49.98
46,31.25,97.91,-30.94,50.09
46,31.35,98.09,-31.09,50.04
46,31.45,98.26,-31.23,49.87
46,31.55,98.44,-31.38,50.0
46,31.65,98.62,-31.53,50.16
46,31.75,98.79,-31.68,50.1
46,31.85,98.96,-31.83,49.94
46,31.95,99.14,-31.99,49.85
46,32.05,99.31,-32.14,49.95
46,32.15,99.49,-32.29,50.0
46,32.25,99.66,-32.44,49.96
46,32.35,99.83,-32.59,49.9
46,32.45,100.0,-32.74,50.06
46,32.55,100.17,-32.89,49.76
46,32.65,100.34,-33.04,50.11
46,32.75,100.51,-33.19,50.08
46,32.85,100.68,-33.35,50.04
46,32.95,100.85,-33.5,50.06
46,33.06,101.02,-33.65,49.97
46,33.16,101.19,-33.8,50.0
46,33.26,101.36,-33.96,50.15
46,33.36,101.53,-34.11,49.98
46,33.46,101.69,-34.26,50.04
46,33.56,101.86,-34.41,50.05
46,33.66,102.03,-34.57,50.01
46,33.76,102.19,-34.72,49.98
46,33.86,102.36,-34.88,49.83
46,33.96,102.52,-35.03,50.08
46,34.06,102.69,-35.18,50.11
46,34.16,102.85,-35.34,50.01
46,34.26,103.02,-35.49,50.12
46,34.36,103.18,-35.65,50.04
46,34.46,103.34,-35.8,49.8
46,34.56,103.51,-35.95,49.89
46,34.66,103.67,-36.11,49.95
46,34.76,103.83,-36.26,49.94
46,34.86,103.99,-36.42,50.01
46,34.96,104.15,-36.57,49.91
46,35.06,104.31,-36.73,50.17
46,35.16,104.47,-36.89,49.78
46,35.26,104.63,-37.04,49.99
46,35.36,104.79,-37.2,49.93
46,35.46,104.95,-37.35,49.87
46,35.56,105.11,-37.51,50.06
46,35.66,105.27,-37.67,49.9
46,35.76,105.42,-37.82,50.0
46,35.86,105.58,-37.98,49.9
46,35.96,105.74,-38.13,49.81
46,36.06,105.89,-38.29,49.98
46,36.16,106.05,-38.45,50.03
46,36.26,106.21,-38.61,49.94
46,36.36,106.36,-38.76,50.13
46,36.46,106.52,-38.92,50.03
46,36.56,106.67,-39.08,50.07
46,36.66,106.83,-39.24,49.93
46,36.76,106.98,-39.39,49.94
46,36.86,107.13,-39.55,49.97
46,36.96,107.29,-39.71,49.96
46,37.06,107.44,-39.87,49.95
46,37.16,107.59,-40.03,49.89
46,37.26,107.74,-40.19,50.08
46,37.36,107.89,-40.34,49.85
46,37.46,108.04,-40.5,50.06
46,37.56,108.2,-40.66,50.08
46,37.66,108.35,-40.82,49.97
46,37.76,108.5,-40.98,50.25
46,37.86,108.65,-41.14,50.0
46,37.96,108.79,-41.3,49.97
46,38.06,108.94,-41.46,49.98
46,38.16,109.09,-41.62,50.11
46,38.26,109.24,-41.78,49.97
46,38.36,109.39,-41.94,50.06
46,38.46,109.53,-42.1,49.86
46,38.56,109.68,-42.26,50.01
46,38.66,109.83,-42.42,50.1
46,38.76,109.97,-42.58,50.0
46,38.86,110.12,-42.74,49.92
46,38.96,110.27,-42.9,49.97
46,39.07,110.41,-43.06,49.86
46,39.17,110.56,-43.22,50.09
46,39.27,110.7,-43.39,50.12
46,39.37,110.85,-43.55,49.99
46,39.47,110.99,-43.71,50.15
46,39.57,111.13,-43.87,50.07
46,39.67,111.28,-44.03,50.0
46,39.77,111.42,-44.19,50.13
46,39.87,111.56,-44.36,50.07
46,39.97,111.7,-44.52,50.12
46,40.07,111.84,-44.68,50.14
46,40.17,111.99,-44.84,49.98
46,40.27,112.13,-45.0,50.07
46,40.37,112.27,-45.17,49.81
46,40.47,112.41,-45.33,49.88
46,40.57,112.55,-45.49,50.05
46,40.67,112.69,-45.66,50.04
46,40.77,112.83,-45.82,49.91
46,40.87,112.97,-45.98,49.96
46,40.97,113.11,-46.15,50.04
46,41.07,113.24,-46.31,50.0
46,41.17,113.38,-46.47,49.98
46,41.27,113.52,-46.64,49.86
46,41.37,113.66,-46.8,50.04
46,41.47,113.79,-46.96,49.98
46,41.57,113.93,-47.13,50.22
46,41.67,114.07,-47.29,50.14
46,41.77,114.2,-47.46,50.01
46,41.87,114.34,-47.62,49.81
46,41.97,114.48,-47.79,50.24
46,42.07,114.61,-47.95,50.08
46,42.17,114.75,-48.12,49.94
46,42.27,114.88,-48.28,50.09
46,42.37,115.01,-48.45,50.08
46,42.47,115.15,-48.61,49.93
46,42.57,115.28,-48.78,49.91
46,42.67,115.41,-48.94,50.07
46,42.77,115.55,-49.11,50.11
46,42.87,115.68,-49.27,50.03
46,42.97,115.81,-49.44,50.03
46,43.07,115.94,-49.6,50.14
46,43.17,116.08,-49.77,49.98
46,43.27,116.21,-49.94,49.71
46,43.37,116.34,-50.1,50.05
46,43.47,116.47,-50.27,50.12
46,43.57,116.6,-50.43,50.05
46,43.67,116.73,-50.6,49.87
46,43.77,116.86,-50.77,49.94
46,43.87,116.99,-50.93,49.99
46,43.97,117.12,-51.1,49.87
46,44.07,117.25,-51.27,49.94
46,44.17,117.38,-51.44,50.14
46,44.27,117.5,-51.6,49.9
46,44.37,117.63,-51.77,49.97
46,44.47,117.76,-51.94,50.07
46,44.57,117.89,-52.1,49.84
46,44.67,118.02,-52.27,50.14
46,44.77,118.14,-52.44,49.94
46,44.87,118.27,-52.61,49.89
46,44.97,118.4,-52.78,50.14
46,45.08,118.52,-52.94,50.09
46,45.18,118.65,-53.11,49.9
46,45.28,118.77,-53.28,49.96
46,45.38,118.9,-53.45,50.03
46,45.48,119.02,-53.62,49.97
46,45.58,119.15,-53.79,50.13
46,45.68,119.27,-53.95,50.09
46,45.78,119.4,-54.12,49.7
46,45.88,119.52,-54.29,49.92
46,45.98,119.64,-54.46,49.95
46,46.08,119.77,-54.63,49.95
46,46.18,119.89,-54.8,50.04
46,46.28,120.01,-54.97,50.11
46,46.38,120.13,-55.14,49.94
46,46.48,120.26,-55.31,49.89
46,46.58,120.38,-55.48,49.97
46,46.68,120.5,-55.65,49.78
46,46.78,120.62,-55.82,50.07
46,46.88,120.74,-55.99,49.99
46,46.98,120.86,-56.16,49.96
46,47.08,120.98,-56.33,50.02
46,47.18,121.1,-56.5,49.91
46,47.28,121.22,-56.67,49.96
46,47.38,121.34,-56.84,49.93
46,47.48,121.46,-57.01,49.81
46,47.58,121.58,-57.18,50.0
46,47.68,121.7,-57.35,50.25
46,47.78,121.82,-57.52,50.0
46,47.88,121.94,-57.69,49.92
46,47.98,122.05,-57.86,50.01
46,48.08,122.17,-58.03,49.89
46,48.18,122.29,-58.2,49.94
46,48.28,122.41,-58.37,49.96
46,48.38,122.52,-58.55,49.94
46,48.48,122.64,-58.72,49.97
46,48.58,122.76,-58.89,50.07
46,48.68,122.87,-59.06,49.96
46,48.78,122.99,-59.23,49.97
46,48.88,123.1,-59.4,49.81
46,48.98,123.22,-59.58,49.87
46,49.08,123.33,-59.75,50.01
46,49.18,123.45,-59.92,50.11
46,49.28,123.56,-60.09,49.98
46,49.38,123.68,-60.27,49.99
46,49.48,123.79,-60.44,49.86
46,49.58,123.91,-60.61,49.92
46,49.68,124.02,-60.78,50.02
46,49.78,124.13,-60.96,50.12
46,49.88,124.25,-61.13,50.02
46,49.98,124.36,-61.3,49.99
46,50.08,124.47,-61.47,50.03
46,50.18,124.58,-61.65,49.9
46,50.28,124.7,-61.82,49.91
46,50.38,124.81,-61.99,49.98
46,50.48,124.92,-62.17,49.88
46,50.58,125.03,-62.34,50.07
46,50.68,125.14,-62.51,50.09
46,50.78,125.25,-62.69,49.97
46,50.88,125.36,-62.86,50.08
46,50.98,125.47,-63.03,50.15
46,51.09,125.58,-63.21,50.04
46,51.19,125.69,-63.38,50.09
46,51.29,125.8,-63.56,49.99
46,51.39,125.91,-63.73,50.09
46,51.49,126.02,-63.9,49.99
46,51.59,126.13,-64.08,49.93
46,51.69,126.24,-64.25,50.07
46,51.79,126.35,-64.43,50.02
46,51.89,126.46,-64.6,50.08
46,51.99,126.57,-64.78,49.93
46,52.09,126.67,-64.95,50.03
46,52.19,126.78,-65.13,50.09
46,52.29,126.89,-65.3,49.96
46,52.39,127.0,-65.48,50.08
46,52.49,127.1,-65.65,50.16
46,52.59,127.21,-65.83,49.94
46,52.69,127.31,-66.0,50.03
46,52.79,127.42,-66.18,50.18
46,52.89,127.53,-66.35,49.86
46,52.99,127.63,-66.53,50.04
46,53.09,127.74,-66.7,50.07
46,53.19,127.84,-66.88,50.0
46,53.29,127.95,-67.06,50.22
46,53.39,128.05,-67.23,50.05
46,53.49,128.16,-67.41,50.13
46,53.59,128.26,-67.58,50.08
46,53.69,128.37,-67.76,50.15
46,53.79,128.47,-67.94,50.02
46,53.89,128.57,-68.11,49.87
46,53.99,128.68,-68.29,50.05
46,54.09,128.78,-68.46,49.83
46,54.19,128.88,-68.64,49.97
46,54.29,128.99,-68.82,49.95
46,54.39,129.09,-68.99,49.96
46,54.49,129.19,-69.17,50.13
46,54.59,129.29,-69.35,50.0
46,54.69,129.39,-69.52,50.21
46,54.79,129.5,-69.7,49.99
46,54.89,129.6,-69.88,49.79
46,54.99,129.7,-70.06,49.94
46,55.09,129.8,-70.23,50.09
46,55.19,129.9,-70.41,49.87
46,55.29,130.0,-70.59,49.96
46,55.39,130.1,-70.76,50.08
46,55.49,130.2,-70.94,49.97
46,55.59,130.3,-71.12,49.94
46,55.69,130.4,-71.3,50.13
46,55.79,130.5,-71.48,49.98
46,55.89,130.6,-71.65,49.9
46,55.99,130.7,-71.83,50.08
46,56.09,130.8,-72.01,50.11
46,56.19,130.9,-72.19,50.02
46,56.29,131.0,-72.37,49.94
46,56.39,131.09,-72.54,49.91
46,56.49,131.19,-72.72,49.94
46,56.59,131.29,-72.9,49.87
46,56.69,131.39,-73.08,49.95
46,56.79,131.49,-73.26,50.05
46,56.89,131.58,-73.44,50.07
46,56.99,131.68,-73.61,50.0
46,57.1,131.78,-73.79,50.04
46,57.2,131.87,-73.97,49.98
46,57.3,131.97,-74.15,49.93
46,57.4,132.07,-74.33,49.97
46,57.5,132.16,-74.51,50.11
46,57.6,132.26,-74.69,49.77
46,57.7,132.35,-74.87,49.89
46,57.8,132.45,-75.05,49.95
46,57.9,132.54,-75.23,49.89
46,58.0,132.64,-75.4,50.04
46,58.1,132.73,-75.58,49.85
46,58.2,132.83,-75.76,50.12
46,58.3,132.92,-75.94,50.2
46,58.4,133.02,-76.12,50.02
46,58.5,133.11,-76.3,49.94
46,58.6,133.2,-76.48,50.09
46,58.7,133.3,-76.66,49.97
46,58.8,133.39,-76.84,49.91
46,58.9,133.48,-77.02,50.01
46,59.0,133.58,-77.2,49.84
46,59.1,133.67,-77.38,49.93
46,59.2,133.76,-77.56,49.92
46,59.3,133.86,-77.74,49.99
46,59.4,133.95,-77.92,49.84
46,59.5,134.04,-78.1,49.91
46,59.6,134.13,-78.29,49.95
46,59.7,134.22,-78.47,50.05
46,59.8,134.32,-78.65,50.0
46,59.9,134.41,-78.83,50.16
46,60.0,134.5,-79.01,49.91
47,0.0,0.0,0.0,0.0
47,0.1,1.08,-0.0,50.09
47,0.2,2.16,-0.0,49.91
47,0.3,3.24,-0.01,50.1
47,0.4,4.32,-0.01,50.01
47,0.5,5.4,-0.02,49.88
47,0.6,6.48,-0.03,50.12
47,0.7,7.56,-0.04,49.99
47,0.8,8.63,-0.05,50.01
47,0.9,9.71,-0.06,49.75
47,1.0,10.78,-0.08,49.99
47,1.1,11.85,-0.09,50.13
47,1.2,12.93,-0.11,49.94
47,1.3,14.0,-0.13,49.87
47,1.4,15.07,-0.15,50.05
47,1.5,16.14,-0.17,49.83
47,1.6,17.2,-0.19,50.06
47,1.7,18.27,-0.21,49.98
47,1.8,19.34,-0.24,50.01
47,1.9,20.4,-0.26,50.24
47,2.0,21.47,-0.29,50.03
47,2.1,22.53,-0.32,49.87
47,2.2,23.59,-0.35,50.01
47,2.3,24.66,-0.38,50.07
47,2.4,25.72,-0.41,49.8
47,2.5,26.78,-0.44,50.0
47,2.6,27.84,-0.48,49.83
47,2.7,28.9,-0.51,50.0
47,2.8,29.95,-0.55,50.15
47,2.9,31.01,-0.59,49.96
47,3.01,32.07,-0.63,50.01
47,3.11,33.12,-0.67,50.03
47,3.21,34.18,-0.71,50.03
47,3.31,35.23,-0.75,50.01
47,3.41,36.28,-0.8,49.8
47,3.51,37.34,-0.84,50.02
47,3.61,38.39,-0.89,49.94
47,3.71,39.44,-0.93,49.89
47,3.81,40.49,-0.98,50.02
47,3.91,41.54,-1.03,50.01
47,4.01,42.58,-1.08,49.82
47,4.11,43.63,-1.13,49.96
47,4.21,44.68,-1.19,50.13
47,4.31,45.73,-1.24,49.87
47,4.41,46.77,-1.29,50.02
47,4.51,47.81,-1.35,49.88
47,4.61,48.86,-1.41,50.16
47,4.71,49.9,-1.46,50.07
47,4.81,50.94,-1.52,49.92
47,4.91,51.99,-1.58,50.02
47,5.01,53.03,-1.64,49.86
47,5.11,54.07,-1.71,49.82
47,5.21,55.11,-1.77,49.99
47,5.31,56.14,-1.83,49.92
47,5.41,57.18,-1.9,50.02
47,5.51,58.22,-1.96,49.83
47,5.61,59.26,-2.03,49.94
47,5.71,60.29,-2.1,50.15
47,5.81,61.33,-2.17,50.14
47,5.91,62.36,-2.24,50.17
47,6.01,63.4,-2.31,50.23
47,6.11,64.43,-2.38,49.96
47,6.21,65.46,-2.45,49.72
47,6.31,66.49,-2.53,50.11
47,6.41,67.53,-2.6,49.89
47,6.51,68.56,-2.68,50.21
47,6.61,69.59,-2.75,50.01
47,6.71,70.61,-2.83,50.16
47,6.81,71.64,-2.91,49.98
47,6.91,72.67,-2.99,49.93
47,7.01,73.7,-3.07,50.07
47,7.11,74.73,-3.15,50.05
47,7.21,75.75,-3.23,49.89
47,7.31,76.78,-3.32,50.0
47,7.41,77.8,-3.4,49.94
47,7.51,78.83,-3.48,50.02
47,7.61,79.85,-3.57,50.0
47,7.71,80.87,-3.66,50.01
47,7.81,81.9,-3.74,50.0
47,7.91,82.92,-3.83,49.96
47,8.01,83.94,-3.92,50.04
47,8.11,84.96,-4.01,49.92
47,8.21,85.98,-4.1,50.16
47,8.31,87.0,-4.19,50.0
47,8.41,88.02,-4.28,50.08
47,8.51,89.04,-4.38,49.95
47,8.61,90.05,-4.47,49.96
47,8.71,91.07,-4.57,50.09
47,8.81,92.09,-4.66,50.08
47,8.91,93.1,-4.76,49.99
47,9.02,94.12,-4.86,49.82
47,9.12,95.13,-4.95,49.95
47,9.22,96.15,-5.05,49.99
47,9.32,97.16,-5.15,49.93
47,9.42,98.17,-5.25,49.87
47,9.52,99.19,-5.35,50.09
47,9.62,100.2,-5.46,49.98
47,9.72,101.21,-5.56,50.18
47,9.82,102.22,-5.66,49.98
47,9.92,103.23,-5.77,50.02
47,10.02,104.24,-5.87,49.94
47,10.12,105.25,-5.98,50.15
47,10.22,106.26,-6.08,49.97
47,10.32,107.27,-6.19,49.98
47,10.42,108.28,-6.3,49.9
47,10.52,109.28,-6.41,50.04
47,10.62,110.29,-6.52,49.97
47,10.72,111.3,-6.63,49.9
47,10.82,112.3,-6.74,50.0
47,10.92,113.31,-6.85,50.07
47,11.02,114.31,-6.96,50.16
47,11.12,115.32,-7.08,50.02
47,11.22,116.32,-7.19,49.94
47,11.32,117.32,-7.3,50.05
47,11.42,118.33,-7.42,49.99
47,11.52,119.33,-7.54,50.01
47,11.62,120.33,-7.65,50.0
47,11.72,121.33,-7.77,50.05
47,11.82,122.33,-7.89,50.06
47,11.92,123.33,-8.01,50.0
47,12.02,124.33,-8.13,50.35
47,12.12,125.33,-8.25,50.09
47,12.22,126.33,-8.37,49.79
47,12.32,127.33,-8.49,49.97
47,12.42,128.33,-8.61,50.0
47,12.52,129.33,-8.73,50.06
47,12.62,130.32,-8.86,50.18
47,12.72,131.32,-8.98,49.93
47,12.82,132.32,-9.11,50.12
47,12.92,133.31,-9.23,50.02
47,13.02,134.31,-9.36,50.03
47,13.12,135.3,-9.48,50.12
47,13.22,136.3,-9.61,49.83
47,13.32,137.29,-9.74,50.05
47,13.42,138.28,-9.87,50.17
47,13.52,139.28,-10.0,49.89
47,13.62,140.27,-10.13,50.0
47,13.72,141.26,-10.26,50.07
47,13.82,142.25,-10.39,49.8
47,13.92,143.24,-10.52,50.03
47,14.02,144.23,-10.65,49.97
47,14.12,145.23,-10.79,50.14
47,14.22,146.22,-10.92,49.93
47,14.32,147.2,-11.05,50.0
47,14.42,148.19,-11.19,49.92
47,14.52,149.18,-11.32,49.99
47,14.62,150.17,-11.46,49.93
47,14.72,151.16,-11.6,49.96
47,14.82,152.15,-11.73,49.89
47,14.92,153.13,-11.87,49.93
47,15.03,154.12,-12.01,49.92
47,15.13,155.11,-12.15,49.95
47,15.23,156.09,-12.29,49.99
47,15.33,157.08,-12.43,49.71
47,15.43,158.06,-12.57,50.01
47,15.53,159.05,-12.71,50.12
47,15.63,160.03,-12.85,50.08
47,15.73,161.01,-13.0,49.91
47,15.83,162.0,-13.14,50.1
47,15.93,162.98,-13.28,49.92
47,16.03,163.96,-13.43,50.03
47,16.13,164.95,-13.57,49.76
47,16.23,165.93,-13.72,50.06
47,16.33,166.91,-13.86,50.0
47,16.43,167.89,-14.01,50.01
47,16.53,168.87,-14.16,50.0
47,16.63,169.85,-14.3,50.19
47,16.73,170.83,-14.45,50.09
47,16.83,171.81,-14.6,50.07
47,16.93,172.79,-14.75,50.06
47,17.03,173.77,-14.9,50.2
47,17.13,174.75,-15.05,49.97
47,17.23,175.72,-15.2,49.86
47,17.33,176.7,-15.35,50.17
47,17.43,177.68,-15.5,49.95
47,17.53,178.66,-15.65,50.05
47,17.63,179.63,-15.81,50.05
47,17.73,180.61,-15.96,49.93
47,17.83,181.58,-16.11,49.86
47,17.93,182.56,-16.27,50.11
47,18.03,183.54,-16.42,50.13
47,18.13,184.51,-16.58,50.06
47,18.23,185.48,-16.73,50.04
47,18.33,186.46,-16.89,49.86
47,18.43,187.43,-17.05,49.97
47,18.53,188.41,-17.2,50.12
47,18.63,189.38,-17.36,49.92
47,18.73,190.35,-17.52,50.01
47,18.83,191.32,-17.68,50.05
47,18.93,192.3,-17.84,50.05
47,19.03,193.27,-18.0,49.9
47,19.13,194.24,-18.16,49.99
47,19.23,195.21,-18.32,50.08
47,19.33,196.18,-18.48,50.19
47,19.43,197.15,-18.64,49.98
47,19.53,198.12,-18.8,50.04
47,19.63,199.09,-18.97,49.88
47,19.73,200.06,-19.13,49.98
47,19.83,201.03,-19.29,49.95
47,19.93,202.0,-19.46,50.19
47,20.03,202.97,-19.62,50.07
47,20.13,203.93,-19.79,50.01
47,20.23,204.9,-19.95,49.81
47,20.33,205.87,-20.12,50.03
47,20.43,206.84,-20.29,50.03
47,20.53,207.8,-20.45,49.98
47,20.63,208.77,-20.62,50.0
47,20.73,209.73,-20.79,50.18
47,20.83,210.7,-20.96,50.09
47,20.93,211.67,-21.12,49.91
47,21.04,212.63,-21.29,50.2
47,21.14,213.6,-21.46,49.92
47,21.24,214.56,-21.63,50.16
47,21.34,215.52,-21.8,49.93
47,21.44,216.49,-21.97,49.98
47,21.54,217.45,-22.15,49.79
47,21.64,218.41,-22.32,50.05
47,21.74,219.38,-22.49,49.8
47,21.84,220.34,-22.66,50.02
47,21.94,221.3,-22.84,49.96
47,22.04,222.26,-23.01,49.96
47,22.14,223.23,-23.18,50.04
47,22.24,224.19,-23.36,50.08
47,22.34,225.15,-23.53,50.13
47,22.44,226.11,-23.71,49.88
47,22.54,227.07,-23.88,49.97
47,22.64,228.03,-24.06,50.0
47,22.74,228.99,-24.23,50.06
47,22.84,229.95,-24.41,50.06
47,22.94,230.91,-24.59,49.92
47,23.04,231.87,-24.77,50.12
47,23.14,232.83,-24.94,50.04
47,23.24,233.79,-25.12,50.18
47,23.34,234.74,-25.3,50.03
47,23.44,235.7,-25.48,49.8
47,23.54,236.66,-25.66,49.92
47,23.64,237.62,-25.84,49.98
47,23.74,238.57,-26.02,49.92
47,23.84,239.53,-26.2,49.91
47,23.94,240.49,-26.38,50.19
47,24.04,241.44,-26.57,49.88
47,24.14,242.4,-26.75,49.95
47,24.24,243.36,-26.93,50.01
47,24.34,244.31,-27.11,49.87
47,24.44,245.27,-27.3,49.98
47,24.54,246.22,-27.48,49.76
47,24.64,247.18,-27.66,49.94
47,24.74,248.13,-27.85,49.89
47,24.84,249.08,-28.03,49.97
47,24.94,250.04,-28.22,49.99
47,25.04,250.99,-28.4,50.13
47,25.14,251.94,-28.59,49.94
47,25.24,252.9,-28.78,50.21
47,25.34,253.85,-28.96,50.02
47,25.44,254.8,-29.15,49.91
47,25.54,255.76,-29.34,50.01
47,25.64,256.71,-29.52,50.12
47,25.74,257.66,-29.71,49.89
47,25.84,258.61,-29.9,50.19
47,25.94,259.56,-30.09,50.05
47,26.04,260.51,-30.28,49.89
47,26.14,261.46,-30.47,49.95
47,26.24,262.41,-30.66,49.96
47,26.34,263.36,-30.85,50.11
47,26.44,264.31,-31.04,49.88
47,26.54,265.26,-31.23,50.15
47,26.64,266.21,-31.42,50.11
47,26.74,267.16,-31.61,50.17
47,26.84,268.11,-31.81,50.01
47,26.94,269.06,-32.0,50.12
47,27.05,270.01,-32.19,49.98
47,27.15,270.96,-32.39,50.1
47,27.25,271.9,-32.58,50.01
47,27.35,272.85,-32.77,50.18
47,27.45,273.8,-32.97,50.03
47,27.55,274.75,-33.16,49.92
47,27.65,275.69,-33.36,50.15
47,27.75,276.64,-33.55,50.02
47,27.85,277.59,-33.75,49.95
47,27.95,278.53,-33.94,49.94
47,28.05,279.48,-34.14,49.91
47,28.15,280.43,-34.34,49.86
47,28.25,281.37,-34.53,49.96
47,28.35,282.32,-34.73,50.02
47,28.45,283.26,-34.93,49.96
47,28.55,284.21,-35.13,49.62
47,28.65,285.15,-35.32,49.85
47,28.75,286.1,-35.52,50.09
47,28.85,287.04,-35.72,49.99
47,28.95,287.98,-35.92,49.83
47,29.05,288.93,-36.12,49.96
47,29.15,289.87,-36.32,50.01
47,29.25,290.81,-36.52,50.1
47,29.35,291.76,-36.72,49.93
47,29.45,292.7,-36.92,50.06
47,29.55,293.64,-37.12,50.0
47,29.65,294.59,-37.33,49.96
47,29.75,295.53,-37.53,50.09
47,29.85,296.47,-37.73,49.91
47,29.95,297.41,-37.93,50.09
47,30.05,298.35,-38.14,49.89
47,30.15,299.29,-38.34,49.94
47,30.25,300.23,-38.54,49.96
47,30.35,301.18,-38.75,49.99
47,30.45,302.12,-38.95,49.75
47,30.55,303.06,-39.15,50.01
47,30.65,304.0,-39.36,49.82
47,30.75,304.94,-39.56,50.02
47,30.85,305.88,-39.77,50.03
47,30.95,306.82,-39.97,50.1
47,31.05,307.75,-40.18,49.87
47,31.15,308.69,-40.39,50.02
47,31.25,309.63,-40.59,50.0
47,31.35,310.57,-40.8,49.94
47,31.45,311.51,-41.01,49.89
47,31.55,312.45,-41.21,50.01
47,31.65,313.39,-41.42,50.13
47,31.75,314.32,-41.63,49.98
47,31.85,315.26,-41.84,50.13
47,31.95,316.2,-42.05,50.11
47,32.05,317.14,-42.26,49.79
47,32.15,318.07,-42.47,49.91
47,32.25,319.01,-42.68,49.95
47,32.35,319.95,-42.88,50.13
47,32.45,320.88,-43.09,50.0
47,32.55,321.82,-43.31,50.13
47,32.65,322.76,-43.52,49.99
47,32.75,323.69,-43.73,50.13
47,32.85,324.63,-43.94,50.05
47,32.95,325.56,-44.15,49.99
47,33.06,326.5,-44.36,50.12
47,33.16,327.43,-44.57,49.95
47,33.26,328.37,-44.79,50.2
47,33.36,329.3,-45.0,49.85
47,33.46,330.24,-45.21,49.96
47,33.56,331.17,-45.42,50.01
47,33.66,332.1,-45.64,49.93
47,33.76,333.04,-45.85,50.04
47,33.86,333.97,-46.07,49.99
47,33.96,334.91,-46.28,50.03
47,34.06,335.84,-46.49,49.91
47,34.16,336.77,-46.71,49.9
47,34.26,337.7,-46.92,50.0
47,34.36,338.64,-47.14,50.07
47,34.46,339.57,-47.36,50.18
47,34.56,340.5,-47.57,49.82
47,34.66,341.43,-47.79,49.98
47,34.76,342.37,-48.0,50.04
47,34.86,343.3,-48.22,50.04
47,34.96,344.23,-48.44,49.88
47,35.06,345.16,-48.66,49.93
47,35.16,346.09,-48.87,50.0
47,35.26,347.02,-49.09,50.27
47,35.36,347.95,-49.31,50.09
47,35.46,348.88,-49.53,50.04
47,35.56,349.81,-49.75,49.73
47,35.66,350.74,-49.96,49.87
47,35.76,351.67,-50.18,49.88
47,35.86,352.6,-50.4,50.04
47,35.96,353.53,-50.62,49.99
47,36.06,354.46,-50.84,49.94
47,36.16,355.39,-51.06,50.03
47,36.26,356.32,-51.28,49.85
47,36.36,357.25,-51.5,49.92
47,36.46,358.18,-51.72,49.99
47,36.56,359.11,-51.95,50.19
47,36.66,360.04,-52.17,50.09
47,36.76,360.97,-52.39,50.04
47,36.86,361.89,-52.61,49.96
47,36.96,362.82,-52.83,50.0
47,37.06,363.75,-53.06,50.12
47,37.16,364.68,-53.28,50.18
47,37.26,365.6,-53.5,49.98
47,37.36,366.53,-53.72,50.05
47,37.46,367.46,-53.95,50.09
47,37.56,368.39,-54.17,50.04
47,37.66,369.31,-54.39,49.87
47,37.76,370.24,-54.62,49.93
47,37.86,371.17,-54.84,50.07
47,37.96,372.09,-55.07,49.94
47,38.06,373.02,-55.29,50.18
47,38.16,373.94,-55.52,49.97
47,38.26,374.87,-55.74,49.87
47,38.36,375.79,-55.97,50.1
47,38.46,376.72,-56.19,49.96
47,38.56,377.65,-56.42,49.97
47,38.66,378.57,-56.65,50.09
47,38.76,379.49,-56.87,49.9
47,38.86,380.42,-57.1,50.01
47,38.96,381.34,-57.33,49.88
47,39.07,382.27,-57.55,50.01
47,39.17,383.19,-57.78,49.84
47,39.27,384.12,-58.01,49.92
47,39.37,385.04,-58.24,50.09
47,39.47,385.96,-58.47,50.13
47,39.57,386.89,-58.69,49.91
47,39.67,387.81,-58.92,49.91
47,39.77,388.73,-59.15,50.01
47,39.87,389.66,-59.38,49.92
47,39.97,390.58,-59.61,50.09
47,40.07,391.5,-59.84,49.86
47,40.17,392.43,-60.07,49.94
47,40.27,393.35,-60.3,50.18
47,40.37,394.27,-60.53,50.04
47,40.47,395.19,-60.76,50.06
47,40.57,396.11,-60.99,49.98
47,40.67,397.04,-61.22,49.85
47,40.77,397.96,-61.45,50.15
47,40.87,398.88,-61.68,50.02
47,40.97,399.8,-61.92,50.09
47,41.07,400.72,-62.15,49.97
47,41.17,401.64,-62.38,50.0
47,41.27,402.56,-62.61,49.96
47,41.37,403.48,-62.84,50.02
47,41.47,404.41,-63.08,49.95
47,41.57,405.33,-63.31,49.91
47,41.67,406.25,-63.54,49.98
47,41.77,407.17,-63.78,50.05
47,41.87,408.09,-64.01,50.12
47,41.97,409.01,-64.24,49.87
47,42.07,409.93,-64.48,50.09
47,42.17,410.85,-64.71,49.93
47,42.27,411.76,-64.95,49.9
47,42.37,412.68,-65.18,49.9
47,42.47,413.6,-65.41,50.26
47,42.57,414.52,-65.65,50.07
47,42.67,415.44,-65.89,49.88
47,42.77,416.36,-66.12,49.94
47,42.87,417.28,-66.36,49.86
47,42.97,418.2,-66.59,49.87
47,43.07,419.11,-66.83,49.86
47,43.17,420.03,-67.06,49.9
47,43.27,420.95,-67.3,50.08
47,43.37,421.87,-67.54,50.11
47,43.47,422.79,-67.77,49.91
47,43.57,423.7,-68.01,49.96
47,43.67,424.62,-68.25,50.08
47,43.77,425.54,-68.49,50.0
47,43.87,426.45,-68.72,50.03
47,43.97,427.37,-68.96,49.95
47,44.07,428.29,-69.2,50.15
47,44.17,429.21,-69.44,50.17
47,44.27,430.12,-69.68,50.07
47,44.37,431.04,-69.92,49.94
47,44.47,431.95,-70.15,49.87
47,44.57,432.87,-70.39,50.17
47,44.67,433.79,-70.63,50.03
47,44.77,434.7,-70.87,50.01
47,44.87,435.62,-71.11,50.07
47,44.97,436.53,-71.35,50.0
47,45.08,437.45,-71.59,49.97
47,45.18,438.36,-71.83,50.22
47,45.28,439.28,-72.07,50.12
47,45.38,440.19,-72.31,50.17
47,45.48,441.11,-72.55,50.16
47,45.58,442.02,-72.79,49.8
47,45.68,442.94,-73.04,50.08
47,45.78,443.85,-73.28,50.05
47,45.88,444.77,-73.52,49.94
47,45.98,445.68,-73.76,50.29
47,46.08,446.59,-74.0,50.02
47,46.18,447.51,-74.25,49.95
47,46.28,448.42,-74.49,49.99
47,46.38,449.34,-74.73,50.06
47,46.48,450.25,-74.97,50.04
47,46.58,451.16,-75.22,49.95
47,46.68,452.08,-75.46,50.08
47,46.78,452.99,-75.7,50.0
47,46.88,453.9,-75.95,49.97
47,46.98,454.81,-76.19,49.98
47,47.08,455.73,-76.43,49.88
47,47.18,456.64,-76.68,49.9
47,47.28,457.55,-76.92,49.89
47,47.38,458.46,-77.17,49.76
47,47.48,459.38,-77.41,50.03
47,47.58,460.29,-77.66,49.9
47,47.68,461.2,-77.9,49.96
47,47.78,462.11,-78.15,49.97
47,47.88,463.02,-78.39,49.9
47,47.98,463.94,-78.64,49.96
47,48.08,464.85,-78.88,50.01
47,48.18,465.76,-79.13,49.93
47,48.28,466.67,-79.37,49.91
47,48.38,467.58,-79.62,49.94
47,48.48,468.49,-79.87,50.1
47,48.58,469.4,-80.11,49.94
47,48.68,470.31,-80.36,50.02
47,48.78,471.22,-80.61,49.95
47,48.88,472.13,-80.85,49.99
47,48.98,473.04,-81.1,50.08
47,49.08,473.95,-81.35,49.91
47,49.18,474.87,-81.6,50.22
47,49.28,475.77,-81.85,50.04
47,49.38,476.68,-82.09,50.02
47,49.48,477.59,-82.34,49.9
47,49.58,478.5,-82.59,50.07
47,49.68,479.41,-82.84,50.17
47,49.78,480.32,-83.09,49.92
47,49.88,481.23,-83.34,49.9
47,49.98,482.14,-83.58,50.0
47,50.08,483.05,-83.83,49.9
47,50.18,483.96,-84.08,49.95
47,50.28,484.87,-84.33,50.08
47,50.38,485.78,-84.58,50.18
47,50.48,486.68,-84.83,50.09
47,50.58,487.59,-85.08,49.91
47,50.68,488.5,-85.33,49.97
47,50.78,489.41,-85.58,49.97
47,50.88,490.32,-85.83,50.01
47,50.98,491.23,-86.08,50.09
47,51.09,492.13,-86.34,49.92
47,51.19,493.04,-86.59,50.22
47,51.29,493.95,-86.84,49.9
47,51.39,494.86,-87.09,49.92
47,51.49,495.76,-87.34,49.92
47,51.59,496.67,-87.59,50.25
47,51.69,497.58,-87.84,50.16
47,51.79,498.48,-88.1,49.92
47,51.89,499.39,-88.35,49.95
47,51.99,500.3,-88.6,49.99
47,52.09,501.2,-88.85,49.95
47,52.19,502.11,-89.11,50.09
47,52.29,503.02,-89.36,50.05
47,52.39,503.92,-89.61,50.02
47,52.49,504.83,-89.87,50.08
47,52.59,505.74,-90.12,50.04
47,52.69,506.64,-90.37,50.07
47,52.79,507.55,-90.63,50.02
47,52.89,508.45,-90.88,50.17
47,52.99,509.36,-91.13,50.01
47,53.09,510.26,-91.39,49.99
47,53.19,511.17,-91.64,50.08
47,53.29,512.08,-91.9,50.06
47,53.39,512.98,-92.15,50.0
47,53.49,513.89,-92.41,49.84
47,53.59,514.79,-92.66,50.14
47,53.69,515.7,-92.92,50.12
47,53.79,516.6,-93.17,49.91
47,53.89,517.5,-93.43,50.04
47,53.99,518.41,-93.68,49.95
47,54.09,519.31,-93.94,50.05
47,54.19,520.22,-94.19,50.11
47,54.29,521.12,-94.45,49.99
47,54.39,522.03,-94.71,50.07
47,54.49,522.93,-94.96,49.86
47,54.59,523.83,-95.22,49.91
47,54.69,524.74,-95.48,50.09
47,54.79,525.64,-95.73,49.94
47,54.89,526.54,-95.99,49.92
47,54.99,527.45,-96.25,49.93
47,55.09,528.35,-96.5,49.89
47,55.19,529.25,-96.76,50.1
47,55.29,530.16,-97.02,50.11
47,55.39,531.06,-97.28,49.92
47,55.49,531.96,-97.54,49.89
47,55.59,532.87,-97.79,49.99
47,55.69,533.77,-98.05,49.88
47,55.79,534.67,-98.31,50.07
47,55.89,535.57,-98.57,50.0
47,55.99,536.48,-98.83,49.96
47,56.09,537.38,-99.09,50.1
47,56.19,538.28,-99.34,49.91
47,56.29,539.18,-99.6,49.96
47,56.39,540.09,-99.86,49.88
47,56.49,540.99,-100.12,49.86
47,56.59,541.89,-100.38,49.91
47,56.69,542.79,-100.64,49.92
47,56.79,543.69,-100.9,49.91
47,56.89,544.59,-101.16,49.99
47,56.99,545.5,-101.42,49.99
47,57.1,546.4,-101.68,49.84
47,57.2,547.3,-101.94,50.08
47,57.3,548.2,-102.2,49.85
47,57.4,549.1,-102.46,49.83
47,57.5,550.0,-102.72,50.1
47,57.6,550.9,-102.98,49.89
47,57.7,551.8,-103.25,50.04
47,57.8,552.7,-103.51,49.94
47,57.9,553.6,-103.77,49.9
47,58.0,554.5,-104.03,49.88
47,58.1,555.4,-104.29,50.04
47,58.2,556.3,-104.55,49.91
47,58.3,557.2,-104.81,50.11
47,58.4,558.1,-105.08,49.85
47,58.5,559.0,-105.34,50.14
47,58.6,559.9,-105.6,49.79
47,58.7,560.8,-105.86,50.03
47,58.8,561.7,-106.13,49.88
47,58.9,562.6,-106.39,49.84
47,59.0,563.5,-106.65,49.99
47,59.1,564.4,-106.91,50.07
47,59.2,565.3,-107.18,49.98
47,59.3,566.2,-107.44,50.0
47,59.4,567.1,-107.7,50.02
47,59.5,568.0,-107.97,50.06
47,59.6,568.9,-108.23,50.16
47,59.7,569.8,-108.5,49.93
47,59.8,570.69,-108.76,50.05
47,59.9,571.59,-109.02,49.94
47,60.0,572.49,-109.29,49.98
48,0.0,0.0,0.0,0.0
48,0.1,0.91,-0.04,50.04
48,0.2,1.65,-0.1,50.06
48,0.3,2.25,-0.19,50.11
48,0.4,2.74,-0.3,50.18
48,0.5,3.13,-0.42,50.0
48,0.6,3.44,-0.56,49.89
48,0.7,3.68,-0.72,50.03
48,0.8,3.85,-0.88,49.87
48,0.9,3.96,-1.05,50.19
48,1.0,4.02,-1.24,49.94
48,1.1,4.04,-1.43,50.1
48,1.2,4.02,-1.62,50.03
48,1.3,3.96,-1.83,50.02
48,1.4,3.86,-2.04,49.84
48,1.5,3.74,-2.25,49.92
48,1.6,3.58,-2.47,49.96
48,1.7,3.4,-2.7,49.96
48,1.8,3.19,-2.93,50.01
48,1.9,2.96,-3.16,49.93
48,2.0,2.71,-3.4,50.05
48,2.1,2.44,-3.64,49.99
48,2.2,2.15,-3.88,50.07
48,2.3,1.85,-4.13,49.85
48,2.4,1.52,-4.38,50.08
48,2.5,1.19,-4.63,50.16
48,2.6,0.83,-4.89,49.98
48,2.7,0.47,-5.14,50.12
48,2.8,0.09,-5.4,50.0
48,2.9,-0.31,-5.67,49.96
48,3.01,-0.71,-5.93,50.02
48,3.11,-1.13,-6.2,50.16
48,3.21,-1.55,-6.46,50.15
48,3.31,-1.99,-6.73,49.85
48,3.41,-2.43,-7.0,49.9
48,3.51,-2.89,-7.28,49.99
48,3.61,-3.35,-7.55,49.93
48,3.71,-3.83,-7.83,50.04
48,3.81,-4.31,-8.1,49.99
48,3.91,-4.8,-8.38,49.95
48,4.01,-5.29,-8.66,50.2
48,4.11,-5.79,-8.94,50.08
48,4.21,-6.3,-9.22,50.07
48,4.31,-6.82,-9.51,49.92
48,4.41,-7.34,-9.79,50.0
48,4.51,-7.87,-10.08,49.99
48,4.61,-8.41,-10.36,50.01
48,4.71,-8.95,-10.65,49.96
48,4.81,-9.49,-10.94,50.09
48,4.91,-10.04,-11.23,50.13
48,5.01,-10.6,-11.52,50.08
48,5.11,-11.16,-11.81,49.99
48,5.21,-11.73,-12.1,49.96
48,5.31,-12.3,-12.39,50.11
48,5.41,-12.87,-12.69,50.03
48,5.51,-13.45,-12.98,50.06
48,5.61,-14.04,-13.28,50.03
48,5.71,-14.63,-13.57,49.93
48,5.81,-15.22,-13.87,50.16
48,5.91,-15.82,-14.16,50.25
48,6.01,-16.42,-14.46,49.96
48,6.11,-17.02,-14.76,50.0
48,6.21,-17.63,-15.06,49.96
48,6.31,-18.24,-15.36,49.93
48,6.41,-18.85,-15.66,50.06
48,6.51,-19.47,-15.96,49.94
48,6.61,-20.09,-16.26,49.9
48,6.71,-20.71,-16.56,50.04
48,6.81,-21.34,-16.86,49.91
48,6.91,-21.97,-17.17,49.94
48,7.01,-22.6,-17.47,49.93
48,7.11,-23.24,-17.77,50.05
48,7.21,-23.87,-18.08,50.01
48,7.31,-24.51,-18.38,49.81
48,7.41,-25.16,-18.69,50.03
48,7.51,-25.8,-18.99,49.92
48,7.61,-26.45,-19.3,50.15
48,7.71,-27.1,-19.61,49.79
48,7.81,-27.76,-19.91,50.04
48,7.91,-28.41,-20.22,50.08
48,8.01,-29.07,-20.53,49.88
48,8.11,-29.73,-20.84,49.97
48,8.21,-30.39,-21.15,50.01
48,8.31,-31.06,-21.45,49.98
48,8.41,-31.72,-21.76,50.05
48,8.51,-32.39,-22.07,50.02
48,8.61,-33.06,-22.38,50.08
48,8.71,-33.73,-22.69,50.03
48,8.81,-34.41,-23.0,50.01
48,8.91,-35.08,-23.32,49.97
48,9.02,-35.76,-23.63,50.02
48,9.12,-36.44,-23.94,50.17
48,9.22,-37.12,-24.25,49.99
48,9.32,-37.81,-24.56,49.87
48,9.42,-38.49,-24.87,50.11
48,9.52,-39.18,-25.19,50.21
48,9.62,-39.87,-25.5,50.06
48,9.72,-40.56,-25.81,50.2
48,9.82,-41.25,-26.13,50.01
48,9.92,-41.94,-26.44,50.29
48,10.02,-42.64,-26.76,49.85
48,10.12,-43.33,-27.07,49.98
48,10.22,-44.03,-27.38,50.06
48,10.32,-44.73,-27.7,49.92
48,10.42,-45.43,-28.01,50.12
48,10.52,-46.13,-28.33,50.05
48,10.62,-46.84,-28.65,49.98
48,10.72,-47.54,-28.96,50.04
48,10.82,-48.25,-29.28,50.02
48,10.92,-48.95,-29.59,50.06
48,11.02,-49.66,-29.91,49.98
48,11.12,-50.37,-30.23,49.78
48,11.22,-51.08,-30.54,50.09
48,11.32,-51.8,-30.86,49.99
48,11.42,-52.51,-31.18,49.92
48,11.52,-53.22,-31.5,49.96
48,11.62,-53.94,-31.81,49.98
48,11.72,-54.66,-32.13,49.85
48,11.82,-55.37,-32.45,49.91
48,11.92,-56.09,-32.77,49.99
48,12.02,-56.81,-33.09,49.98
48,12.12,-57.54,-33.41,49.91
48,12.22,-58.26,-33.72,49.87
48,12.32,-58.98,-34.04,49.91
48,12.42,-59.71,-34.36,50.03
48,12.52,-60.43,-34.68,49.94
48,12.62,-61.16,-35.0,50.09
48,12.72,-61.89,-35.32,50.12
48,12.82,-62.61,-35.64,50.17
48,12.92,-63.34,-35.96,50.06
48,13.02,-64.07,-36.28,50.04
48,13.12,-64.81,-36.6,50.14
48,13.22,-65.54,-36.92,49.88
48,13.32,-66.27,-37.24,50.06
48,13.42,-67.0,-37.57,50.09
48,13.52,-67.74,-37.89,50.0
48,13.62,-68.48,-38.21,50.08
48,13.72,-69.21,-38.53,49.97
48,13.82,-69.95,-38.85,50.0
48,13.92,-70.69,-39.17,50.04
48,14.02,-71.43,-39.49,50.03
48,14.12,-72.17,-39.82,49.86
48,14.22,-72.91,-40.14,49.95
48,14.32,-73.65,-40.46,50.0
48,14.42,-74.39,-40.78,50.04
48,14.52,-75.13,-41.11,50.07
48,14.62,-75.88,-41.43,50.0
48,14.72,-76.62,-41.75,50.11
48,14.82,-77.37,-42.07,49.97
48,14.92,-78.11,-42.4,50.09
48,15.03,-78.86,-42.72,49.99
48,15.13,-79.61,-43.04,49.91
48,15.23,-80.36,-43.37,50.26
48,15.33,-81.1,-43.69,50.05
48,15.43,-81.85,-44.01,49.82
48,15.53,-82.6,-44.34,50.09
48,15.63,-83.36,-44.66,50.02
48,15.73,-84.11,-44.99,50.09
48,15.83,-84.86,-45.31,50.05
48,15.93,-85.61,-45.63,49.92
48,16.03,-86.37,-45.96,50.09
48,16.13,-87.12,-46.28,49.93
48,16.23,-87.87,-46.61,49.92
48,16.33,-88.63,-46.93,49.97
48,16.43,-89.39,-47.26,49.9
48,16.53,-90.14,-47.58,50.05
48,16.63,-90.9,-47.91,50.21
48,16.73,-91.66,-48.23,49.89
48,16.83,-92.42,-48.56,50.14
48,16.93,-93.17,-48.88,49.94
48,17.03,-93.93,-49.21,49.94
48,17.13,-94.69,-49.53,49.89
48,17.23,-95.45,-49.86,50.03
48,17.33,-96.22,-50.18,49.87
48,17.43,-96.98,-50.51,49.95
48,17.53,-97.74,-50.84,50.11
48,17.63,-98.5,-51.16,50.16
48,17.73,-99.27,-51.49,49.9
48,17.83,-100.03,-51.81,49.97
48,17.93,-100.79,-52.14,49.99
48,18.03,-101.56,-52.47,49.85
48,18.13,-102.32,-52.79,49.94
48,18.23,-103.09,-53.12,49.94
48,18.33,-103.86,-53.45,50.05
48,18.43,-104.62,-53.77,50.02
48,18.53,-105.39,-54.1,50.01
48,18.63,-106.16,-54.43,49.98
48,18.73,-106.93,-54.75,50.13
48,18.83,-107.7,-55.08,50.0
48,18.93,-108.46,-55.41,50.1
48,19.03,-109.23,-55.73,50.06
48,19.13,-110.0,-56.06,50.02
48,19.23,-110.78,-56.39,50.09
48,19.33,-111.55,-56.72,49.97
48,19.43,-112.32,-57.04,49.91
48,19.53,-113.09,-57.37,50.0
48,19.63,-113.86,-57.7,50.15
48,19.73,-114.64,-58.03,50.02
48,19.83,-115.41,-58.35,49.95
48,19.93,-116.18,-58.68,49.92
48,20.03,-116.96,-59.01,49.85
48,20.13,-117.73,-59.34,49.92
48,20.23,-118.51,-59.67,50.03
48,20.33,-119.28,-59.99,49.98
48,20.43,-120.06,-60.32,50.02
48,20.53,-120.83,-60.65,49.91
48,20.63,-121.61,-60.98,50.1
48,20.73,-122.39,-61.31,50.08
48,20.83,-123.16,-61.64,49.94
48,20.93,-123.94,-61.96,49.86
48,21.04,-124.72,-62.29,50.03
48,21.14,-125.5,-62.62,49.8
48,21.24,-126.28,-62.95,49.87
48,21.34,-127.06,-63.28,49.96
48,21.44,-127.84,-63.61,49.91
48,21.54,-128.62,-63.94,50.13
48,21.64,-129.4,-64.27,49.97
48,21.74,-130.18,-64.59,50.05
48,21.84,-130.96,-64.92,49.78
48,21.94,-131.74,-65.25,49.82
48,22.04,-132.52,-65.58,49.93
48,22.14,-133.3,-65.91,50.02
48,22.24,-134.08,-66.24,49.87
48,22.34,-134.87,-66.57,50.04
48,22.44,-135.65,-66.9,50.13
48,22.54,-136.43,-67.23,49.92
48,22.64,-137.22,-67.56,50.0
48,22.74,-138.0,-67.89,49.97
48,22.84,-138.79,-68.22,49.96
48,22.94,-139.57,-68.55,50.03
48,23.04,-140.36,-68.88,50.0
48,23.14,-141.14,-69.21,49.98
48,23.24,-141.93,-69.54,50.01
48,23.34,-142.71,-69.87,50.09
48,23.44,-143.5,-70.2,50.06
48,23.54,-144.29,-70.53,49.82
48,23.64,-145.07,-70.86,49.91
48,23.74,-145.86,-71.19,50.06
48,23.84,-146.65,-71.52,50.26
48,23.94,-147.44,-71.85,49.93
48,24.04,-148.22,-72.18,49.85
48,24.14,-149.01,-72.51,50.23
48,24.24,-149.8,-72.84,50.13
48,24.34,-150.59,-73.17,50.12
48,24.44,-151.38,-73.5,50.01
48,24.54,-152.17,-73.83,49.99
48,24.64,-152.96,-74.16,49.99
48,24.74,-153.75,-74.49,50.08
48,24.84,-154.54,-74.82,50.13
48,24.94,-155.33,-75.15,50.02
48,25.04,-156.12,-75.49,50.08
48,25.14,-156.91,-75.82,50.14
48,25.24,-157.7,-76.15,50.09
48,25.34,-158.5,-76.48,50.06
48,25.44,-159.29,-76.81,49.93
48,25.54,-160.08,-77.14,49.93
48,25.64,-160.87,-77.47,49.83
48,25.74,-161.67,-77.8,50.04
48,25.84,-162.46,-78.13,50.01
48,25.94,-163.25,-78.46,50.13
48,26.04,-164.05,-78.8,50.05
48,26.14,-164.84,-79.13,49.97
48,26.24,-165.63,-79.46,49.95
48,26.34,-166.43,-79.79,50.03
48,26.44,-167.22,-80.12,50.03
48,26.54,-168.02,-80.45,50.18
48,26.64,-168.81,-80.78,49.99
48,26.74,-169.61,-81.12,50.05
48,26.84,-170.4,-81.45,50.16
48,26.94,-171.2,-81.78,49.99
48,27.05,-171.99,-82.11,49.97
48,27.15,-172.79,-82.44,49.87
48,27.25,-173.59,-82.77,49.96
48,27.35,-174.38,-83.11,50.04
48,27.45,-175.18,-83.44,50.14
48,27.55,-175.98,-83.77,49.86
48,27.65,-176.78,-84.1,49.91
48,27.75,-177.57,-84.43,49.81
48,27.85,-178.37,-84.77,50.18
48,27.95,-179.17,-85.1,50.02
48,28.05,-179.97,-85.43,49.96
48,28.15,-180.77,-85.76,49.82
48,28.25,-181.56,-86.09,50.0
48,28.35,-182.36,-86.43,49.96
48,28.45,-183.16,-86.76,49.82
48,28.55,-183.96,-87.09,49.97
48,28.65,-184.76,-87.42,50.12
48,28.75,-185.56,-87.76,49.97
48,28.85,-186.36,-88.09,50.12
48,28.95,-187.16,-88.42,50.16
48,29.05,-187.96,-88.75,49.97
48,29.15,-188.76,-89.09,49.99
48,29.25,-189.56,-89.42,50.05
48,29.35,-190.37,-89.75,50.1
48,29.45,-191.17,-90.08,50.14
48,29.55,-191.97,-90.42,50.15
48,29.65,-192.77,-90.75,49.93
48,29.75,-193.57,-91.08,50.15
48,29.85,-194.37,-91.41,50.05
48,29.95,-195.18,-91.75,49.95
48,30.05,-195.98,-92.08,49.89
48,30.15,-196.78,-92.41,49.92
48,30.25,-197.58,-92.75,50.04
48,30.35,-198.39,-93.08,49.95
48,30.45,-199.19,-93.41,50.04
48,30.55,-199.99,-93.75,49.89
48,30.65,-200.8,-94.08,49.92
48,30.75,-201.6,-94.41,49.99
48,30.85,-202.4,-94.74,49.98
48,30.95,-203.21,-95.08,49.87
48,31.05,-204.01,-95.41,49.94
48,31.15,-204.82,-95.74,49.83
48,31.25,-205.62,-96.08,50.01
48,31.35,-206.43,-96.41,50.15
48,31.45,-207.23,-96.74,49.92
48,31.55,-208.04,-97.08,49.9
48,31.65,-208.84,-97.41,50.1
48,31.75,-209.65,-97.74,49.88
48,31.85,-210.45,-98.08,50.1
48,31.95,-211.26,-98.41,49.88
48,32.05,-212.07,-98.74,49.96
48,32.15,-212.87,-99.08,49.98
48,32.25,-213.68,-99.41,50.07
48,32.35,-214.48,-99.74,50.19
48,32.45,-215.29,-100.08,49.97
48,32.55,-216.1,-100.41,50.0
48,32.65,-216.9,-100.75,49.83
48,32.75,-217.71,-101.08,50.0
48,32.85,-218.52,-101.41,50.12
48,32.95,-219.33,-101.75,50.24
48,33.06,-220.13,-102.08,49.96
48,33.16,-220.94,-102.41,50.07
48,33.26,-221.75,-102.75,50.12
48,33.36,-222.56,-103.08,49.86
48,33.46,-223.37,-103.42,50.14
48,33.56,-224.18,-103.75,49.92
48,33.66,-224.98,-104.08,50.03
48,33.76,-225.79,-104.42,49.87
48,33.86,-226.6,-104.75,49.96
48,33.96,-227.41,-105.08,49.83
48,34.06,-228.22,-105.42,50.03
48,34.16,-229.03,-105.75,50.15
48,34.26,-229.84,-106.09,50.0
48,34.36,-230.65,-106.42,49.86
48,34.46,-231.46,-106.76,49.97
48,34.56,-232.27,-107.09,50.02
48,34.66,-233.08,-107.42,49.99
48,34.76,-233.89,-107.76,50.07
48,34.86,-234.7,-108.09,50.2
48,34.96,-235.51,-108.43,49.99
48,35.06,-236.32,-108.76,49.99
48,35.16,-237.13,-109.09,49.93
48,35.26,-237.94,-109.43,50.1
48,35.36,-238.75,-109.76,50.19
48,35.46,-239.57,-110.1,49.98
48,35.56,-240.38,-110.43,50.03
48,35.66,-241.19,-110.77,50.02
48,35.76,-242.0,-111.1,49.92
48,35.86,-242.81,-111.44,50.07
48,35.96,-243.62,-111.77,50.0
48,36.06,-244.44,-112.1,50.02
48,36.16,-245.25,-112.44,50.1
48,36.26,-246.06,-112.77,49.97
48,36.36,-246.87,-113.11,50.01
48,36.46,-247.69,-113.44,49.93
48,36.56,-248.5,-113.78,49.89
48,36.66,-249.31,-114.11,50.01
48,36.76,-250.12,-114.45,50.02
48,36.86,-250.94,-114.78,50.09
48,36.96,-251.75,-115.12,49.92
48,37.06,-252.56,-115.45,49.9
48,37.16,-253.38,-115.79,50.18
48,37.26,-254.19,-116.12,50.01
48,37.36,-255.01,-116.45,49.86
48,37.46,-255.82,-116.79,49.99
48,37.56,-256.63,-117.12,49.93
48,37.66,-257.45,-117.46,50.04
48,37.76,-258.26,-117.79,49.96
48,37.86,-259.08,-118.13,50.12
48,37.96,-259.89,-118.46,49.87
48,38.06,-260.71,-118.8,50.13
48,38.16,-261.52,-119.13,50.07
48,38.26,-262.33,-119.47,50.03
48,38.36,-263.15,-119.8,50.1
48,38.46,-263.97,-120.14,50.12
48,38.56,-264.78,-120.47,50.0
48,38.66,-265.6,-120.81,50.16
48,38.76,-266.41,-121.14,50.06
48,38.86,-267.23,-121.48,49.95
48,38.96,-268.04,-121.81,49.87
48,39.07,-268.86,-122.15,50.11
48,39.17,-269.67,-122.48,50.0
48,39.27,-270.49,-122.82,49.82
48,39.37,-271.31,-123.16,50.03
48,39.47,-272.12,-123.49,49.97
48,39.57,-272.94,-123.83,49.93
48,39.67,-273.76,-124.16,50.1
48,39.77,-274.57,-124.5,49.92
48,39.87,-275.39,-124.83,49.95
48,39.97,-276.21,-125.17,49.98
48,40.07,-277.02,-125.5,50.1
48,40.17,-277.84,-125.84,49.88
48,40.27,-278.66,-126.17,49.94
48,40.37,-279.47,-126.51,50.04
48,40.47,-280.29,-126.84,50.05
48,40.57,-281.11,-127.18,49.89
48,40.67,-281.93,-127.51,49.96
48,40.77,-282.75,-127.85,49.99
48,40.87,-283.56,-128.19,50.03
48,40.97,-284.38,-128.52,49.98
48,41.07,-285.2,-128.86,50.15
48,41.17,-286.02,-129.19,49.99
48,41.27,-286.84,-129.53,50.15
48,41.37,-287.65,-129.86,49.95
48,41.47,-288.47,-130.2,49.84
48,41.57,-289.29,-130.53,50.25
48,41.67,-290.11,-130.87,49.99
48,41.77,-290.93,-131.21,50.04
48,41.87,-291.75,-131.54,49.85
48,41.97,-292.57,-131.88,50.03
48,42.07,-293.39,-132.21,50.08
48,42.17,-294.2,-132.55,49.89
48,42.27,-295.02,-132.88,49.99
48,42.37,-295.84,-133.22,49.99
48,42.47,-296.66,-133.56,49.87
48,42.57,-297.48,-133.89,50.16
48,42.67,-298.3,-134.23,49.73
48,42.77,-299.12,-134.56,49.79
48,42.87,-299.94,-134.9,50.01
48,42.97,-300.76,-135.24,49.9
48,43.07,-301.58,-135.57,50.07
48,43.17,-302.4,-135.91,49.97
48,43.27,-303.22,-136.24,50.04
48,43.37,-304.04,-136.58,49.86
48,43.47,-304.86,-136.92,49.96
48,43.57,-305.68,-137.25,49.96
48,43.67,-306.5,-137.59,50.23
48,43.77,-307.32,-137.92,49.95
48,43.87,-308.15,-138.26,49.77
48,43.97,-308.97,-138.6,50.11
48,44.07,-309.79,-138.93,49.98
48,44.17,-310.61,-139.27,50.03
48,44.27,-311.43,-139.6,49.97
48,44.37,-312.25,-139.94,49.87
48,44.47,-313.07,-140.28,50.13
48,44.57,-313.89,-140.61,49.9
48,44.67,-314.72,-140.95,49.85
48,44.77,-315.54,-141.28,50.05
48,44.87,-316.36,-141.62,50.02
48,44.97,-317.18,-141.96,50.11
48,45.08,-318.0,-142.29,50.03
48,45.18,-318.82,-142.63,49.99
48,45.28,-319.65,-142.97,50.09
48,45.38,-320.47,-143.3,49.84
48,45.48,-321.29,-143.64,49.98
48,45.58,-322.11,-143.97,49.91
48,45.68,-322.94,-144.31,50.03
48,45.78,-323.76,-144.65,50.08
48,45.88,-324.58,-144.98,50.03
48,45.98,-325.4,-145.32,50.07
48,46.08,-326.23,-145.66,50.12
48,46.18,-327.05,-145.99,50.05
48,46.28,-327.87,-146.33,50.07
48,46.38,-328.7,-146.66,50.19
48,46.48,-329.52,-147.0,50.26
48,46.58,-330.34,-147.34,49.98
48,46.68,-331.16,-147.67,49.91
48,46.78,-331.99,-148.01,49.74
48,46.88,-332.81,-148.35,50.19
48,46.98,-333.64,-148.68,49.94
48,47.08,-334.46,-149.02,50.05
48,47.18,-335.28,-149.36,50.07
48,47.28,-336.11,-149.69,50.08
48,47.38,-336.93,-150.03,49.97
48,47.48,-337.75,-150.37,50.08
48,47.58,-338.58,-150.7,50.05
48,47.68,-339.4,-151.04,49.93
48,47.78,-340.23,-151.38,50.16
48,47.88,-341.05,-151.71,50.07
48,47.98,-341.87,-152.05,49.87
48,48.08,-342.7,-152.39,49.96
48,48.18,-343.52,-152.72,49.96
48,48.28,-344.35,-153.06,49.94
48,48.38,-345.17,-153.4,50.06
48,48.48,-346.0,-153.73,50.13
48,48.58,-346.82,-154.07,49.89
48,48.68,-347.65,-154.41,49.96
48,48.78,-348.47,-154.74,50.11
48,48.88,-349.3,-155.08,49.92
48,48.98,-350.12,-155.42,49.93
48,49.08,-350.95,-155.75,49.77
48,49.18,-351.77,-156.09,50.08
48,49.28,-352.6,-156.43,50.02
48,49.38,-353.42,-156.76,49.97
48,49.48,-354.25,-157.1,49.84
48,49.58,-355.07,-157.44,49.97
48,49.68,-355.9,-157.77,49.81
48,49.78,-356.72,-158.11,49.98
48,49.88,-357.55,-158.45,50.19
48,49.98,-358.38,-158.78,50.02
48,50.08,-359.2,-159.12,50.12
48,50.18,-360.03,-159.46,50.13
48,50.28,-360.85,-159.79,49.95
48,50.38,-361.68,-160.13,50.06
48,50.48,-362.51,-160.47,49.73
48,50.58,-363.33,-160.81,50.03
48,50.68,-364.16,-161.14,50.11
48,50.78,-364.99,-161.48,50.05
48,50.88,-365.81,-161.82,49.96
48,50.98,-366.64,-162.15,50.13
48,51.09,-367.46,-162.49,50.11
48,51.19,-368.29,-162.83,50.0
48,51.29,-369.12,-163.16,50.15
48,51.39,-369.94,-163.5,50.05
48,51.49,-370.77,-163.84,49.84
48,51.59,-371.6,-164.18,50.03
48,51.69,-372.43,-164.51,49.93
48,51.79,-373.25,-164.85,50.05
48,51.89,-374.08,-165.19,49.64
48,51.99,-374.91,-165.52,50.16
48,52.09,-375.73,-165.86,50.11
48,52.19,-376.56,-166.2,50.16
48,52.29,-377.39,-166.54,50.0
48,52.39,-378.22,-166.87,50.12
48,52.49,-379.04,-167.21,50.02
48,52.59,-379.87,-167.55,49.9
48,52.69,-380.7,-167.88,49.92
48,52.79,-381.53,-168.22,49.97
48,52.89,-382.35,-168.56,50.13
48,52.99,-383.18,-168.9,50.12
48,53.09,-384.01,-169.23,49.94
48,53.19,-384.84,-169.57,50.07
48,53.29,-385.67,-169.91,50.0
48,53.39,-386.49,-170.25,49.91
48,53.49,-387.32,-170.58,49.88
48,53.59,-388.15,-170.92,49.98
48,53.69,-388.98,-171.26,50.09
48,53.79,-389.81,-171.59,49.95
48,53.89,-390.64,-171.93,50.08
48,53.99,-391.46,-172.27,50.03
48,54.09,-392.29,-172.61,49.84
48,54.19,-393.12,-172.94,50.2
48,54.29,-393.95,-173.28,50.12
48,54.39,-394.78,-173.62,49.86
48,54.49,-395.61,-173.96,50.04
48,54.59,-396.44,-174.29,50.15
48,54.69,-397.26,-174.63,50.04
48,54.79,-398.09,-174.97,49.96
48,54.89,-398.92,-175.31,49.99
48,54.99,-399.75,-175.64,49.97
48,55.09,-400.58,-175.98,49.99
48,55.19,-401.41,-176.32,50.11
48,55.29,-402.24,-176.66,50.05
48,55.39,-403.07,-176.99,49.91
48,55.49,-403.9,-177.33,49.97
48,55.59,-404.73,-177.67,49.96
48,55.69,-405.56,-178.01,50.03
48,55.79,-406.39,-178.34,49.89
48,55.89,-407.22,-178.68,49.85
48,55.99,-408.05,-179.02,49.91
48,56.09,-408.87,-179.36,49.84
48,56.19,-409.7,-179.69,49.85
48,56.29,-410.53,-180.03,50.12
48,56.39,-411.36,-180.37,49.99
48,56.49,-412.19,-180.71,50.04
48,56.59,-413.02,-181.04,50.01
48,56.69,-413.85,-181.38,50.01
48,56.79,-414.68,-181.72,50.03
48,56.89,-415.51,-182.06,50.06
48,56.99,-416.34,-182.39,50.04
48,57.1,-417.17,-182.73,50.28
48,57.2,-418.01,-183.07,49.9
48,57.3,-418.84,-183.41,49.89
48,57.4,-419.67,-183.74,49.95
48,57.5,-420.5,-184.08,49.87
48,57.6,-421.33,-184.42,49.97
48,57.7,-422.16,-184.76,49.9
48,57.8,-422.99,-185.1,50.01
48,57.9,-423.82,-185.43,50.01
48,58.0,-424.65,-185.77,49.87
48,58.1,-425.48,-186.11,50.08
48,58.2,-426.31,-186.45,49.92
48,58.3,-427.14,-186.78,49.91
48,58.4,-427.97,-187.12,50.04
48,58.5,-428.8,-187.46,50.0
48,58.6,-429.64,-187.8,50.0
48,58.7,-430.47,-188.14,49.9
48,58.8,-431.3,-188.47,49.89
48,58.9,-432.13,-188.81,50.08
48,59.0,-432.96,-189.15,49.99
48,59.1,-433.79,-189.49,50.02
48,59.2,-434.62,-189.82,50.02
48,59.3,-435.45,-190.16,50.07
48,59.4,-436.29,-190.5,49.99
48,59.5,-437.12,-190.84,49.98
48,59.6,-437.95,-191.18,50.07
48,59.7,-438.78,-191.51,50.22
48,59.8,-439.61,-191.85,49.88
48,59.9,-440.44,-192.19,49.95
48,60.0,-441.28,-192.53,50.03
49,0.0,0.0,0.0,0.0
49,0.1,0.71,0.01,49.78
49,0.2,1.42,0.03,50.11
49,0.3,2.14,0.06,50.08
49,0.4,2.85,0.09,50.0
49,0.5,3.58,0.14,50.05
49,0.6,4.3,0.19,50.15
49,0.7,5.03,0.25,50.03
49,0.8,5.75,0.31,49.87
49,0.9,6.49,0.39,50.1
49,1.0,7.22,0.47,50.09
49,1.1,7.95,0.55,50.02
49,1.2,8.69,0.64,50.26
49,1.3,9.43,0.74,49.99
49,1.4,10.18,0.85,49.82
49,1.5,10.92,0.96,50.03
49,1.6,11.67,1.07,50.01
49,1.7,12.41,1.19,50.22
49,1.8,13.16,1.32,50.04
49,1.9,13.91,1.45,49.98
49,2.0,14.67,1.59,49.87
49,2.1,15.42,1.73,50.18
49,2.2,16.18,1.87,49.77
49,2.3,16.94,2.02,50.05
49,2.4,17.7,2.17,49.8
49,2.5,18.46,2.33,49.97
49,2.6,19.22,2.49,49.96
49,2.7,19.98,2.66,49.93
49,2.8,20.75,2.83,49.96
49,2.9,21.51,3.0,50.01
49,3.01,22.28,3.18,49.95
49,3.11,23.05,3.36,49.99
49,3.21,23.82,3.54,49.93
49,3.31,24.59,3.73,49.98
49,3.41,25.36,3.92,50.1
49,3.51,26.14,4.12,49.95
49,3.61,26.91,4.31,50.16
49,3.71,27.69,4.51,50.1
49,3.81,28.46,4.72,50.08
49,3.91,29.24,4.92,50.0
49,4.01,30.02,5.13,49.9
49,4.11,30.8,5.34,50.01
49,4.21,31.58,5.56,50.18
49,4.31,32.36,5.77,49.92
49,4.41,33.14,5.99,50.03
49,4.51,33.93,6.21,49.91
49,4.61,34.71,6.44,49.96
49,4.71,35.5,6.66,50.03
49,4.81,36.28,6.89,50.04
49,4.91,37.07,7.12,50.01
49,5.01,37.86,7.36,50.06
49,5.11,38.65,7.59,50.05
49,5.21,39.43,7.83,49.97
49,5.31,40.22,8.07,50.07
49,5.41,41.02,8.32,49.9
49,5.51,41.81,8.56,49.97
49,5.61,42.6,8.81,49.95
49,5.71,43.39,9.05,50.04
49,5.81,44.18,9.31,49.76
49,5.91,44.98,9.56,49.96
49,6.01,45.77,9.81,50.05
49,6.11,46.57,10.07,50.25
49,6.21,47.36,10.33,50.0
49,6.31,48.16,10.58,49.89
49,6.41,48.96,10.85,50.07
49,6.51,49.76,11.11,49.93
49,6.61,50.55,11.37,49.86
49,6.71,51.35,11.64,50.02
49,6.81,52.15,11.91,50.13
49,6.91,52.95,12.18,49.92
49,7.01,53.75,12.45,49.98
49,7.11,54.55,12.72,50.07
49,7.21,55.36,13.0,50.1
49,7.31,56.16,13.27,50.14
49,7.41,56.96,13.55,49.93
49,7.51,57.76,13.83,49.99
49,7.61,58.57,14.11,49.78
49,7.71,59.37,14.39,49.96
49,7.81,60.18,14.67,49.9
49,7.91,60.98,14.96,50.01
49,8.01,61.79,15.24,50.09
49,8.11,62.59,15.53,50.07
49,8.21,63.4,15.82,49.88
49,8.31,64.21,16.1,49.96
49,8.41,65.01,16.39,50.05
49,8.51,65.82,16.69,50.01
49,8.61,66.63,16.98,49.93
49,8.71,67.44,17.27,50.04
49,8.81,68.25,17.57,50.08
49,8.91,69.06,17.87,49.98
49,9.02,69.87,18.16,49.9
49,9.12,70.68,18.46,50.04
49,9.22,71.49,18.76,49.91
49,9.32,72.3,19.06,50.13
49,9.42,73.11,19.36,49.74
49,9.52,73.92,19.67,49.97
49,9.62,74.73,19.97,49.91
49,9.72,75.55,20.28,50.07
49,9.82,76.36,20.58,50.14
49,9.92,77.17,20.89,49.93
49,10.02,77.99,21.2,49.91
49,10.12,78.8,21.51,50.06
49,10.22,79.61,21.82,49.82
49,10.32,80.43,22.13,50.02
49,10.42,81.24,22.44,50.0
49,10.52,82.06,22.75,49.98
49,10.62,82.87,23.07,49.92
49,10.72,83.69,23.38,49.79
49,10.82,84.51,23.7,50.1
49,10.92,85.32,24.01,50.06
49,11.02,86.14,24.33,49.99
49,11.12,86.96,24.65,50.02
49,11.22,87.77,24.97,49.98
49,11.32,88.59,25.29,50.1
49,11.42,89.41,25.61,49.98
49,11.52,90.23,25.93,50.0
49,11.62,91.05,26.25,50.01
49,11.72,91.87,26.57,49.96
49,11.82,92.68,26.9,49.99
49,11.92,93.5,27.22,49.99
49,12.02,94.32,27.55,49.93
49,12.12,95.14,27.87,49.9
49,12.22,95.96,28.2,49.98
49,12.32,96.78,28.53,49.97
49,12.42,97.6,28.86,50.11
49,12.52,98.42,29.19,49.9
49,12.62,99.25,29.52,49.94
49,12.72,100.07,29.85,50.02
49,12.82,100.89,30.18,50.04
49,12.92,101.71,30.51,49.99
49,13.02,102.53,30.84,50.08
49,13.12,103.36,31.18,49.99
49,13.22,104.18,31.51,49.91
49,13.32,105.0,31.84,50.0
49,13.42,105.82,32.18,50.07
49,13.52,106.65,32.52,50.1
49,13.62,107.47,32.85,50.09
49,13.72,108.29,33.19,50.02
49,13.82,109.12,33.53,50.03
49,13.92,109.94,33.86,50.06
49,14.02,110.77,34.2,49.84
49,14.12,111.59,34.54,49.93
49,14.22,112.42,34.88,50.03
49,14.32,113.24,35.22,49.9
49,14.42,114.07,35.57,50.12
49,14.52,114.89,35.91,50.11
49,14.62,115.72,36.25,49.95
49,14.72,116.54,36.59,49.91
49,14.82,117.37,36.94,50.04
49,14.92,118.2,37.28,49.87
49,15.03,119.02,37.63,50.01
49,15.13,119.85,37.97,50.28
49,15.23,120.68,38.32,49.9
49,15.33,121.5,38.66,49.92
49,15.43,122.33,39.01,49.94
49,15.53,123.16,39.36,49.91
49,15.63,123.98,39.71,49.92
49,15.73,124.81,40.05,50.17
49,15.83,125.64,40.4,50.01
49,15.93,126.47,40.75,50.09
49,16.03,127.3,41.1,50.12
49,16.13,128.12,41.45,49.82
49,16.23,128.95,41.8,49.92
49,16.33,129.78,42.16,49.91
49,16.43,130.61,42.51,49.74
49,16.53,131.44,42.86,50.04
49,16.63,132.27,43.21,50.03
49,16.73,133.1,43.57,50.13
49,16.83,133.93,43.92,50.05
49,16.93,134.76,44.27,49.74
49,17.03,135.59,44.63,49.93
49,17.13,136.42,44.98,49.94
49,17.23,137.25,45.34,50.05
49,17.33,138.08,45.7,49.73
49,17.43,138.91,46.05,50.05
49,17.53,139.74,46.41,50.08
49,17.63,140.57,46.77,49.97
49,17.73,141.4,47.12,49.92
49,17.83,142.23,47.48,50.12
49,17.93,143.06,47.84,49.86
49,18.03,143.89,48.2,50.11
49,18.13,144.73,48.56,50.09
49,18.23,145.56,48.92,50.06
49,18.33,146.39,49.28,50.18
49,18.43,147.22,49.64,50.0
49,18.53,148.05,50.0,50.06
49,18.63,148.89,50.36,50.0
49,18.73,149.72,50.72,49.97
49,18.83,150.55,51.09,50.05
49,18.93,151.38,51.45,49.97
49,19.03,152.22,51.81,50.01
49,19.13,153.05,52.17,50.01
49,19.23,153.88,52.54,49.96
49,19.33,154.71,52.9,50.07
49,19.43,155.55,53.27,49.82
49,19.53,156.38,53.63,49.93
49,19.63,157.22,54.0,49.9
49,19.73,158.05,54.36,50.03
49,19.83,158.88,54.73,49.98
49,19.93,159.72,55.09,49.86
49,20.03,160.55,55.46,50.05
49,20.13,161.38,55.83,50.02
49,20.23,162.22,56.2,50.0
49,20.33,163.05,56.56,50.08
49,20.43,163.89,56.93,50.05
49,20.53,164.72,57.3,49.98
49,20.63,165.56,57.67,50.04
49,20.73,166.39,58.04,50.14
49,20.83,167.23,58.41,49.98
49,20.93,168.06,58.78,50.12
49,21.04,168.9,59.15,50.19
49,21.14,169.73,59.52,50.03
49,21.24,170.57,59.89,49.9
49,21.34,171.4,60.26,49.97
49,21.44,172.24,60.63,50.02
49,21.54,173.08,61.0,50.0
49,21.64,173.91,61.37,50.01
49,21.74,174.75,61.74,50.12
49,21.84,175.58,62.12,49.91
49,21.94,176.42,62.49,50.04
49,22.04,177.26,62.86,50.09
49,22.14,178.09,63.24,49.97
49,22.24,178.93,63.61,49.9
49,22.34,179.77,63.98,49.98
49,22.44,180.6,64.36,49.9
49,22.54,181.44,64.73,49.93
49,22.64,182.28,65.11,50.06
49,22.74,183.11,65.48,50.03
49,22.84,183.95,65.86,50.07
49,22.94,184.79,66.23,50.05
49,23.04,185.62,66.61,49.98
49,23.14,186.46,66.99,49.9
49,23.24,187.3,67.36,50.03
49,23.34,188.14,67.74,49.95
49,23.44,188.97,68.12,49.99
49,23.54,189.81,68.49,49.93
49,23.64,190.65,68.87,50.09
49,23.74,191.49,69.25,49.78
49,23.84,192.33,69.63,50.05
49,23.94,193.16,70.0,50.01
49,24.04,194.0,70.38,50.09
49,24.14,194.84,70.76,49.88
49,24.24,195.68,71.14,50.0
49,24.34,196.52,71.52,49.96
49,24.44,197.36,71.9,49.98
49,24.54,198.2,72.28,50.0
49,24.64,199.03,72.66,49.95
49,24.74,199.87,73.04,49.99
49,24.84,200.71,73.42,50.12
49,24.94,201.55,73.8,50.14
49,25.04,202.39,74.18,50.02
49,25.14,203.23,74.56,50.15
49,25.24,204.07,74.95,49.86
49,25.34,204.91,75.33,50.08
49,25.44,205.75,75.71,50.02
49,25.54,206.59,76.09,49.96
49,25.64,207.43,76.47,50.06
49,25.74,208.27,76.86,50.02
49,25.84,209.11,77.24,49.94
49,25.94,209.95,77.62,50.07
49,26.04,210.79,78.01,50.0
49,26.14,211.63,78.39,49.93
49,26.24,212.47,78.77,50.08
49,26.34,213.31,79.16,49.83
49,26.44,214.15,79.54,50.16
49,26.54,214.99,79.93,50.09
49,26.64,215.83,80.31,49.81
49,26.74,216.67,80.7,50.12
49,26.84,217.51,81.08,50.01
49,26.94,218.35,81.47,49.79
49,27.05,219.19,81.85,49.81
49,27.15,220.03,82.24,50.06
49,27.25,220.87,82.62,49.89
49,27.35,221.71,83.01,49.91
49,27.45,222.55,83.4,50.01
49,27.55,223.39,83.78,50.05
49,27.65,224.24,84.17,50.02
49,27.75,225.08,84.56,49.91
49,27.85,225.92,84.95,49.93
49,27.95,226.76,85.33,49.89
49,28.05,227.6,85.72,50.02
49,28.15,228.44,86.11,50.02
49,28.25,229.28,86.5,50.04
49,28.35,230.13,86.88,50.02
49,28.45,230.97,87.27,50.01
49,28.55,231.81,87.66,50.09
49,28.65,232.65,88.05,50.01
49,28.75,233.49,88.44,50.09
49,28.85,234.33,88.83,49.96
49,28.95,235.18,89.22,49.92
49,29.05,236.02,89.61,50.12
49,29.15,236.86,90.0,49.95
49,29.25,237.7,90.39,49.99
49,29.35,238.55,90.78,49.92
49,29.45,239.39,91.17,50.2
49,29.55,240.23,91.56,49.85
49,29.65,241.07,91.95,50.1
49,29.75,241.92,92.34,49.81
49,29.85,242.76,92.73,49.96
49,29.95,243.6,93.12,50.07
49,30.05,244.44,93.51,50.17
49,30.15,245.29,93.91,49.98
49,30.25,246.13,94.3,49.95
49,30.35,246.97,94.69,50.02
49,30.45,247.81,95.08,50.17
49,30.55,248.66,95.47,50.02
49,30.65,249.5,95.87,50.05
49,30.75,250.34,96.26,49.94
49,30.85,251.19,96.65,50.09
49,30.95,252.03,97.05,49.84
49,31.05,252.87,97.44,50.13
49,31.15,253.72,97.83,50.13
49,31.25,254.56,98.23,50.2
49,31.35,255.4,98.62,50.13
49,31.45,256.25,99.01,49.95
49,31.55,257.09,99.41,50.15
49,31.65,257.94,99.8,50.11
49,31.75,258.78,100.19,49.93
49,31.85,259.62,100.59,50.02
49,31.95,260.47,100.98,49.71
49,32.05,261.31,101.38,49.86
49,32.15,262.15,101.77,50.08
49,32.25,263.0,102.17,50.16
49,32.35,263.84,102.56,50.08
49,32.45,264.69,102.96,50.01
49,32.55,265.53,103.36,49.9
49,32.65,266.38,103.75,50.06
49,32.75,267.22,104.15,49.81
49,32.85,268.06,104.54,50.05
49,32.95,268.91,104.94,49.91
49,33.06,269.75,105.34,50.08
49,33.16,270.6,105.73,50.08
49,33.26,271.44,106.13,49.94
49,33.36,272.29,106.53,50.09
49,33.46,273.13,106.92,49.82
49,33.56,273.98,107.32,49.99
49,33.66,274.82,107.72,50.08
49,33.76,275.67,108.11,50.06
49,33.86,276.51,108.51,49.94
49,33.96,277.36,108.91,50.09
49,34.06,278.2,109.31,50.09
49,34.16,279.05,109.7,49.88
49,34.26,279.89,110.1,49.99
49,34.36,280.74,110.5,50.02
49,34.46,281.58,110.9,50.02
49,34.56,282.43,111.3,50.08
49,34.66,283.27,111.7,49.96
49,34.76,284.12,112.09,50.16
49,34.86,284.96,112.49,49.96
49,34.96,285.81,112.89,49.89
49,35.06,286.65,113.29,49.98
49,35.16,287.5,113.69,50.03
49,35.26,288.34,114.09,49.88
49,35.36,289.19,114.49,49.97
49,35.46,290.03,114.89,49.88
49,35.56,290.88,115.29,50.07
49,35.66,291.73,115.69,49.98
49,35.76,292.57,116.09,49.76
49,35.86,293.42,116.49,50.1
49,35.96,294.26,116.89,49.88
49,36.06,295.11,117.29,50.27
49,36.16,295.96,117.69,49.93
49,36.26,296.8,118.09,49.94
49,36.36,297.65,118.49,50.02
49,36.46,298.49,118.89,49.76
49,36.56,299.34,119.3,50.04
49,36.66,300.19,119.7,50.07
49,36.76,301.03,120.1,50.09
49,36.86,301.88,120.5,50.03
49,36.96,302.73,120.9,50.01
49,37.06,303.57,121.3,49.85
49,37.16,304.42,121.7,50.05
49,37.26,305.26,122.11,50.0
49,37.36,306.11,122.51,49.96
49,37.46,306.96,122.91,49.9
49,37.56,307.8,123.31,50.05
49,37.66,308.65,123.72,49.97
49,37.76,309.5,124.12,49.81
49,37.86,310.34,124.52,49.98
49,37.96,311.19,124.92,49.92
49,38.06,312.04,125.33,50.09
49,38.16,312.88,125.73,49.98
49,38.26,313.73,126.13,49.97
49,38.36,314.58,126.54,50.03
49,38.46,315.42,126.94,50.17
49,38.56,316.27,127.34,50.04
49,38.66,317.12,127.75,49.92
49,38.76,317.97,128.15,49.84
49,38.86,318.81,128.55,50.13
49,38.96,319.66,128.96,49.75
49,39.07,320.51,129.36,50.0
49,39.17,321.35,129.77,50.23
49,39.27,322.2,130.17,49.82
49,39.37,323.05,130.58,49.89
49,39.47,323.9,130.98,50.02
49,39.57,324.74,131.39,49.92
49,39.67,325.59,131.79,49.99
49,39.77,326.44,132.19,50.04
49,39.87,327.29,132.6,50.06
49,39.97,328.13,133.0,50.11
49,40.07,328.98,133.41,49.84
49,40.17,329.83,133.82,50.13
49,40.27,330.68,134.22,50.13
49,40.37,331.52,134.63,50.08
49,40.47,332.37,135.03,49.89
49,40.57,333.22,135.44,49.88
49,40.67,334.07,135.84,50.03
49,40.77,334.92,136.25,50.06
49,40.87,335.76,136.66,50.12
49,40.97,336.61,137.06,49.95
49,41.07,337.46,137.47,50.06
49,41.17,338.31,137.87,50.06
49,41.27,339.15,138.28,49.93
49,41.37,340.0,138.69,49.96
49,41.47,340.85,139.09,49.84
49,41.57,341.7,139.5,49.89
49,41.67,342.55,139.91,49.94
49,41.77,343.4,140.31,50.05
49,41.87,344.24,140.72,50.23
49,41.97,345.09,141.13,50.05
49,42.07,345.94,141.54,49.88
49,42.17,346.79,141.94,49.95
49,42.27,347.64,142.35,50.11
49,42.37,348.49,142.76,49.92
49,42.47,349.33,143.17,50.15
49,42.57,350.18,143.57,50.07
49,42.67,351.03,143.98,49.97
49,42.77,351.88,144.39,49.81
49,42.87,352.73,144.8,50.1
49,42.97,353.58,145.2,50.06
49,43.07,354.42,145.61,50.05
49,43.17,355.27,146.02,50.27
49,43.27,356.12,146.43,49.91
49,43.37,356.97,146.84,50.15
49,43.47,357.82,147.25,49.98
49,43.57,358.67,147.66,50.03
49,43.67,359.52,148.06,50.03
49,43.77,360.37,148.47,50.08
49,43.87,361.21,148.88,49.93
49,43.97,362.06,149.29,50.24
49,44.07,362.91,149.7,49.89
49,44.17,363.76,150.11,49.96
49,44.27,364.61,150.52,50.18
49,44.37,365.46,150.93,50.12
49,44.47,366.31,151.34,49.96
49,44.57,367.16,151.75,50.07
49,44.67,368.01,152.16,49.89
49,44.77,368.86,152.57,49.92
49,44.87,369.71,152.98,49.96
49,44.97,370.55,153.39,50.14
49,45.08,371.4,153.8,49.79
49,45.18,372.25,154.21,50.09
49,45.28,373.1,154.62,49.96
49,45.38,373.95,155.03,50.06
49,45.48,374.8,155.44,50.06
49,45.58,375.65,155.85,50.0
49,45.68,376.5,156.26,49.92
49,45.78,377.35,156.67,49.93
49,45.88,378.2,157.08,49.97
49,45.98,379.05,157.49,49.84
49,46.08,379.9,157.9,50.01
49,46.18,380.75,158.31,49.93
49,46.28,381.6,158.72,49.95
49,46.38,382.45,159.13,49.98
49,46.48,383.3,159.54,50.08
49,46.58,384.15,159.96,50.12
49,46.68,385.0,160.37,50.14
49,46.78,385.85,160.78,50.04
49,46.88,386.7,161.19,49.96
49,46.98,387.55,161.6,49.87
49,47.08,388.4,162.01,50.24
49,47.18,389.24,162.43,50.18
49,47.28,390.09,162.84,50.09
49,47.38,390.94,163.25,50.07
49,47.48,391.79,163.66,49.96
49,47.58,392.64,164.07,50.01
49,47.68,393.49,164.49,50.09
49,47.78,394.34,164.9,49.81
49,47.88,395.19,165.31,49.94
49,47.98,396.04,165.72,50.0
49,48.08,396.89,166.13,49.81
49,48.18,397.75,166.55,49.85
49,48.28,398.6,166.96,49.93
49,48.38,399.45,167.37,50.01
49,48.48,400.3,167.78,50.15
49,48.58,401.15,168.2,49.96
49,48.68,402.0,168.61,50.19
49,48.78,402.85,169.02,49.93
49,48.88,403.7,169.44,49.99
49,48.98,404.55,169.85,49.85
49,49.08,405.4,170.26,49.96
49,49.18,406.25,170.68,49.81
49,49.28,407.1,171.09,50.34
49,49.38,407.95,171.5,49.9
49,49.48,408.8,171.92,50.04
49,49.58,409.65,172.33,49.95
49,49.68,410.5,172.74,49.98
49,49.78,411.35,173.16,49.99
49,49.88,412.2,173.57,50.09
49,49.98,413.05,173.99,50.05
49,50.08,413.9,174.4,50.02
49,50.18,414.75,174.81,50.06
49,50.28,415.6,175.23,50.04
49,50.38,416.45,175.64,49.87
49,50.48,417.31,176.06,49.98
49,50.58,418.16,176.47,50.07
49,50.68,419.01,176.88,49.94
49,50.78,419.86,177.3,50.04
49,50.88,420.71,177.71,50.11
49,50.98,421.56,178.13,49.93
49,51.09,422.41,178.54,50.1
49,51.19,423.26,178.96,49.99
49,51.29,424.11,179.37,50.01
49,51.39,424.96,179.79,50.08
49,51.49,425.81,180.2,50.06
49,51.59,426.66,180.62,49.73
49,51.69,427.52,181.03,49.82
49,51.79,428.37,181.45,50.05
49,51.89,429.22,181.86,49.99
49,51.99,430.07,182.28,49.84
49,52.09,430.92,182.69,49.93
49,52.19,431.77,183.11,49.83
49,52.29,432.62,183.52,49.99
49,52.39,433.47,183.94,50.13
49,52.49,434.32,184.35,49.93
49,52.59,435.18,184.77,50.02
49,52.69,436.03,185.19,49.99
49,52.79,436.88,185.6,50.16
49,52.89,437.73,186.02,50.13
49,52.99,438.58,186.43,49.84
49,53.09,439.43,186.85,49.98
49,53.19,440.28,187.26,49.91
49,53.29,441.14,187.68,49.94
49,53.39,441.99,188.1,50.08
49,53.49,442.84,188.51,50.02
49,53.59,443.69,188.93,50.08
49,53.69,444.54,189.35,49.77
49,53.79,445.39,189.76,50.09
49,53.89,446.24,190.18,50.04
49,53.99,447.1,190.6,50.16
49,54.09,447.95,191.01,49.94
49,54.19,448.8,191.43,50.11
49,54.29,449.65,191.85,50.03
49,54.39,450.5,192.26,50.01
49,54.49,451.35,192.68,49.95
49,54.59,452.21,193.1,49.99
49,54.69,453.06,193.51,49.9
49,54.79,453.91,193.93,49.96
49,54.89,454.76,194.35,49.94
49,54.99,455.61,194.76,49.97
49,55.09,456.46,195.18,49.98
49,55.19,457.32,195.6,49.98
49,55.29,458.17,196.02,50.0
49,55.39,459.02,196.43,50.0
49,55.49,459.87,196.85,50.01
49,55.59,460.72,197.27,50.0
49,55.69,461.58,197.69,49.97
49,55.79,462.43,198.1,50.04
49,55.89,463.28,198.52,50.12
49,55.99,464.13,198.94,49.97
49,56.09,464.98,199.36,49.95
49,56.19,465.83,199.77,50.04
49,56.29,466.69,200.19,50.01
49,56.39,467.54,200.61,49.9
49,56.49,468.39,201.03,49.92
49,56.59,469.24,201.45,49.94
49,56.69,470.1,201.86,49.9
49,56.79,470.95,202.28,50.04
49,56.89,471.8,202.7,50.08
49,56.99,472.65,203.12,49.92
49,57.1,473.5,203.54,49.86
49,57.2,474.36,203.96,50.02
49,57.3,475.21,204.37,50.0
49,57.4,476.06,204.79,50.23
49,57.5,476.91,205.21,50.07
49,57.6,477.77,205.63,49.89
49,57.7,478.62,206.05,49.9
49,57.8,479.47,206.47,50.03
49,57.9,480.32,206.89,49.99
49,58.0,481.17,207.31,49.99
49,58.1,482.03,207.72,50.01
49,58.2,482.88,208.14,50.08
49,58.3,483.73,208.56,50.19
49,58.4,484.58,208.98,50.13
49,58.5,485.44,209.4,49.9
49,58.6,486.29,209.82,49.95
49,58.7,487.14,210.24,49.76
49,58.8,487.99,210.66,50.02
49,58.9,488.85,211.08,49.95
49,59.0,489.7,211.5,50.0
49,59.1,490.55,211.92,49.92
49,59.2,491.4,212.34,49.92
49,59.3,492.26,212.76,49.85
49,59.4,493.11,213.17,49.97
49,59.5,493.96,213.59,50.06
49,59.6,494.81,214.01,49.93
49,59.7,495.67,214.43,50.07
49,59.8,496.52,214.85,49.93
49,59.9,497.37,215.27,50.0
49,60.0,498.23,215.69,50.14
